path,size,sha256
upgrade/firmware.hex,738627,216257be77b3462052940b2cd067599c8e5d7debf47f5d6a8b355b489b7136c9
upgrade/Storage Card/NK.bin,16775587,8b2bd9944565f2b9ec2af6e2e1f0aa8620db9456c4b36329a140f70835db6de1
upgrade/Storage Card/System/AppMain.exe,1756160,6a03280b71b49701766e47709802a190eca48a4a73406b27e18ad8618d5603c8
upgrade/Storage Card/System/arkamys_default.dat,1834,a52a25b0fcd5d525d420eea11fd6703503ea1cd3ede821efe8d3aee90297485c
upgrade/Storage Card/System/Blue.exe,1149952,5e659f513327c84964a929ea9b9e3192384b3031fa6e6ffb6ad76b02af1b7c7b
upgrade/Storage Card/System/cereboot.exe,113664,65785ef321ca4fbc89dce3d31bfb913b83cdf9d10e3458cad7b39a84c397f921
upgrade/Storage Card/System/CmnDll.dll,29184,51e01e8586eb15799ae97280bed3a8e7d9e6084be50ab6faa8f68615812d7a7e
upgrade/Storage Card/System/CodeChecker.exe,103936,3746a195cb1a0121fdf55359b0c36672d07735b9bff793c7635342b1a13d1e6a
upgrade/Storage Card/System/data/LangDllAra.dll,23552,43234806f5f216bae0ea2165968b9572d3cc210e7a7b55c598cabcabd6288486
upgrade/Storage Card/System/data/LangDllBul.dll,25600,7547644675c40258dc0945fba7cf5aff61165af99bfd9893c98afb165388c936
upgrade/Storage Card/System/data/LangDllCro.dll,24576,f613f3cf1989af0545d401aed66a1ed918f11fbd72a43f22e2e8767e93f99500
upgrade/Storage Card/System/data/LangDllCze.dll,24064,79e39b86121ca05ba0030dcba618b2734a2d59e67c897371ec22c6fb7b43512a
upgrade/Storage Card/System/data/LangDllDan.dll,24576,1d37191ea005207907084d5f33f5dc1cb0ae8c873eb851e6419dfeaa0430bfd8
upgrade/Storage Card/System/data/LangDllDut.dll,25088,7db14ba8127d56de3b76eefa3aa6220fa0c9b98a7e3ed29d5f829e907d5613fe
upgrade/Storage Card/System/data/LangDllEng.dll,23552,6485354565db57e0dc905b6abe6dc8b4632707d3499cae2aba17709fdf654961
upgrade/Storage Card/System/data/LangDllFarsi.dll,23552,63e60c234b6b08c185fbd730468fbe90bc20085982f8f4c53f802c2124eb639a
upgrade/Storage Card/System/data/LangDllFin.dll,24064,7bda3a1afbe848a460eca03fcaafc156a33b164d26ecd1c359326a6689addb45
upgrade/Storage Card/System/data/LangDllFre.dll,25600,f2069c5661c9675e48d3cf2bc8449267745f33798afc06dfd78ba227103e8cf0
upgrade/Storage Card/System/data/LangDllGer.dll,25600,e755cf4113e6d3c2a3ca07abdbb5320566d0b6639b2fca3a46d0c94582464086
upgrade/Storage Card/System/data/LangDllGre.dll,26112,605a03f1c71191326dec047489105c6d989fb3a79d9fe7ac8e44d72c401d277d
upgrade/Storage Card/System/data/LangDllHeb.dll,20992,976a8b319048e652d461c166da6dffcd01920cba3cec2b124b4c74992b8d1145
upgrade/Storage Card/System/data/LangDllHindi.dll,23552,cc38b4036d5994e536b28acc02cef4b353d49c2520a3f517a6d319767597d0f7
upgrade/Storage Card/System/data/LangDllHun.dll,25088,7f7fb4f6ab153b22ba8b9ecdd0407f8b6a1431b4138ba26df0d8b97951f93f48
upgrade/Storage Card/System/data/LangDllIndonesia.dll,23552,bd8faed639138215982717cb07173b818471e1bf30350b2734b5507fa0d403dc
upgrade/Storage Card/System/data/LangDllIta.dll,25600,bbe6f533ea2a3f19afd1c6c8c7153bb9ddb69d5edee0355b68e783ea0f0c994c
upgrade/Storage Card/System/data/LangDllJap.dll,17408,5d39884117be3ad24e8fbd29a35fc9f2802e62c9e23573108ab2a5c39457a584
upgrade/Storage Card/System/data/LangDllNor.dll,24064,93385cd667b660a96f604d1638585a75b6e535de9662641a37878ec22d74f3c2
upgrade/Storage Card/System/data/LangDllPol.dll,25088,2ebdd17de6cfe5d241dcc6e83e28ef4c26202d1434708fec697277809603c7c0
upgrade/Storage Card/System/data/LangDllPor.dll,25088,5c2e68dcf0583b5f7fc176bdfd4b93cd5aa496f9b49138d90c1940842f0e6523
upgrade/Storage Card/System/data/LangDllPTBR.dll,25088,c4344c0ae5319aa2f1ffa48f9c584349310a9410be1cf5527d791aa3f603cf4a
upgrade/Storage Card/System/data/LangDllRom.dll,26112,2c2d6d3fa1fbdead5432b494792adc7c24b91eb85c27517d22db261c406c3d2a
upgrade/Storage Card/System/data/LangDllRus.dll,25088,deaf925fe1c3149eb93bb8f53fa9b62c30a62891013b9b400ca5fe48c568ac98
upgrade/Storage Card/System/data/LangDllSer.dll,25088,417da3ceada926097491d4e92d659fd52149c8473e10130428d812c106f532f3
upgrade/Storage Card/System/data/LangDllSlo.dll,25088,9ce697682fc4fdf414709275cb67e734a987980912f8887b0798dcad2564598c
upgrade/Storage Card/System/data/LangDllSloven.dll,25088,7b12b0bba1b2129b9c31f3e8c9213bbc86db2315dc808fc0f1b8e7a49882de8c
upgrade/Storage Card/System/data/LangDllSpa.dll,25600,8f955424c026376f3411dd38c6d7b8add7a53fb02cca1fdae183fd7669102c69
upgrade/Storage Card/System/data/LangDllSwe.dll,24064,92c4242429f421f09eebf7acd47a31e5580da1a758f5b39c8a9d64b91b2cd71f
upgrade/Storage Card/System/data/LangDllTur.dll,24576,dff0facc7c1fa1db3e49454bce86f2a87d4eeeeb4d18cbec42528b5ebc611f61
upgrade/Storage Card/System/data/LangDllUka.dll,25600,7744386ae3ae5d199514970fa9250576eaa794e7c933764ac4c2b4347eb3345c
upgrade/Storage Card/System/data/LatinSortData.txt,8083,7c797d003e9876b4ea1e53e29ef5e558615c6fde1a966bb52aaf671071fd98af
upgrade/Storage Card/System/data/TAReplaceData1.txt,1457,dce1f6cab87f8c9ebe4831d4615a589c18cade82cf720d649045d8f13b1269b0
upgrade/Storage Card/System/data/TAReplaceData2.txt,1490,f8eee001ade9e8f2082813412b2e2e21d2f79d5e0886fc6779af35425946353b
upgrade/Storage Card/System/dboot.exe,40960,a7cddff89aeed7970b332b2fb7f2c579e5fc68ce8c4d03875d7167cddb70546c
upgrade/Storage Card/System/dmenu.exe,115712,351161c5ace16a88dc9737bfdb6b6905e33b0a87c217054366387d28c92f35b3
upgrade/Storage Card/System/EchoCanceller.dll,38400,bc34307ad9ae990fddcf91a4a4faf8b8a7147bc7ab407ec667b1af2aaf5838aa
upgrade/Storage Card/System/font/msgothic.ac3,4862120,56a074a4678998d626f930e1a1728af11a34a06fdbe507ae3478291fd14e5eb9
upgrade/Storage Card/System/glnavi.exe,7168,be0420a6db773fd970337697514aae58ce8c35a12410960859cee2e348bdc892
upgrade/Storage Card/System/Img/COMMON/common/caution_bg_dark.bmp,384092,0ca6e9592165fa421c7385938bd35e2a31b7f05330b9d457e8ffd8e92a269e2d
upgrade/Storage Card/System/Img/COMMON/common/phone_cursor.bmp,160,9ed14577dd354e75902ad3c1d89887a53624f0d8799f220cfe85d64b43108910
upgrade/Storage Card/System/Img/COMMON/common/popup_bg.bmp,385078,bd7035f32df511efb9dc79f603a87d8699f211ad2d30e1720df55ad3269ef251
upgrade/Storage Card/System/Img/COMMON/home/home_dark_aha_icon.bmp,1292,2c9448882d5b9b26f8e2dfb87dfcae0c5486fa2bac95a285a5885a0ee10685e0
upgrade/Storage Card/System/Img/COMMON/home/home_dark_aux_icon.bmp,1228,bc872270307cbde15303eaee393416ff5b107310b4922466f7c013934363cadc
upgrade/Storage Card/System/Img/COMMON/home/home_dark_bt_icon.bmp,1224,a9938954e70b4629f03a1c66e9332ee654ab68172c69a5fcbb9ef6e63d562f4b
upgrade/Storage Card/System/Img/COMMON/home/home_dark_dab_icon.bmp,1132,3a7d791441487ba1fcef9b04c754f6480b39fab66739d1e908078fa969f73a92
upgrade/Storage Card/System/Img/COMMON/home/home_dark_ipod_icon.bmp,1160,497af0a9b99a7caf380ab77e5ac6c1026de0a2e90240c3745b1a9ab117285f09
upgrade/Storage Card/System/Img/COMMON/home/home_dark_phone_icon.bmp,1260,1dffa8d221a2db441e24f5ec3242b90bbdb06b6059de83d7e6d6df482057e766
upgrade/Storage Card/System/Img/COMMON/home/home_dark_radio_icon.bmp,1200,9bdc9ca5c35f437a2e563bc99b31e46d9914d661d78d8718179f57cfd138e2a5
upgrade/Storage Card/System/Img/COMMON/home/home_dark_siri_icon.bmp,1312,6389c2234a90fa21e898998915baf296eb93aa4f241a30214f0f464613217ae5
upgrade/Storage Card/System/Img/COMMON/home/home_dark_usb_icon.bmp,1248,237beaf14d56da42254104a1df1b29b3a3fd881b03f00d346e363afc477ad58b
upgrade/Storage Card/System/Img/COMMON/media/icn_slackerban_pressed.png,3234,3d846126e6cf60617914337b2bcf9ebf9a8801dd5b454831e161eb1d350bc18a
upgrade/Storage Card/System/Img/COMMON/media/icn_slackerban_unpressed.png,3787,6109a8294afcc24ce219e832e2d0c9d8f0c9f1dd71c168bd07c59b77ee099892
upgrade/Storage Card/System/Img/COMMON/media/icn_slackerheart_pressed.png,2474,5e4a45a505d145ab7ea86c51d6bbe12fdfa427378b1cd7555668a4edb1bc8cf1
upgrade/Storage Card/System/Img/COMMON/media/icn_slackerheart_unpressed.png,2505,a6a6948de79a0a59713ee74809d870235578a6d3f4fe6456efb56439e9fd0bc0
upgrade/Storage Card/System/Img/COMMON/media/icn_thumbdown_pressed.png,2466,599ee34c74cb7ac1654649f251e1c5501a5b44ac65b8a141ac3fdf18e3ed8a7e
upgrade/Storage Card/System/Img/COMMON/media/icn_thumbdown_unpressed.png,2391,8058fc2f8f5f95ac0e58e15dc7e7dee2475583be43ca67c0ef6df8d9957f6862
upgrade/Storage Card/System/Img/COMMON/media/icn_thumbup_pressed.png,2408,3c77851673bf90304c390a0aba2101e62fe0b4a3a935a73bff8c9c5c09d343c6
upgrade/Storage Card/System/Img/COMMON/media/icn_thumbup_unpressed.png,2371,f930eb56908ee05f0fbf67852f4cfbc0f97f334eb0a75e135759396f0e57a961
upgrade/Storage Card/System/Img/COMMON/media/lbs-hotel.png,6349,16cd020295a1720f987319063b9749315b82b17afe4f2717fb47a5c0fe02f808
upgrade/Storage Card/System/Img/COMMON/media/lbs_coffee.png,5097,e66933fb6ba02d6a9ca7feec7bbb8b48a0b0b90931b0e572ad7209cfcf50bf5b
upgrade/Storage Card/System/Img/COMMON/media/lbs_hungry.png,5699,228110e20d224b8bf1b106c82588b8159c8eed10fc628b39d43377051accd045
upgrade/Storage Card/System/Img/COMMON/media/lbs_weather.png,4377,b7638afbc1adbd176ae1616304131c24283410096d78d4d5e8f4b19cf4043861
upgrade/Storage Card/System/Img/COMMON/setting/list_flag_Angola.bmp,3764,50632cd1a2d08e2cfd59fb4882df4ddcaf2b64c4d62b7264baf6ff5e6fad5c47
upgrade/Storage Card/System/Img/COMMON/setting/list_flag_Arabic.bmp,3764,05e5a3a9391d8c36bd50c53cfc647f07f9b3f9d1d475ebd9125e504788bb9821
upgrade/Storage Card/System/Img/COMMON/setting/list_flag_Australia.bmp,3768,6e85aeee022f05dc283376502b1d0f27aa0e23118090c54737b29c358dd9ef35
upgrade/Storage Card/System/Img/COMMON/setting/list_flag_Brazil.bmp,3768,ae711203bedf84a8485148649c54e5c1cee6cf0efc6a6bdb7519c444c1f2a51a
upgrade/Storage Card/System/Img/COMMON/setting/list_flag_Bulgaria.bmp,3768,6d2346ed14396b5345f41207e8b8147c10cc7311bcf3134487964655914934c9
upgrade/Storage Card/System/Img/COMMON/setting/list_flag_Cameroon.bmp,3764,d41897fc76e00fe25dcbece9eedad976359c1bd57d87519c372b00ff7e74838a
upgrade/Storage Card/System/Img/COMMON/setting/list_flag_Croatia.bmp,3768,f2a0471f0412793916b6baf35d86be9a0ef5efb9d28b7d592fb167f0cc19432d
upgrade/Storage Card/System/Img/COMMON/setting/list_flag_Czech Republic.bmp,3768,c2c49814da6a28bdaa720fd92a562b6d2d2b7d19332c04bcc05a583af8753370
upgrade/Storage Card/System/Img/COMMON/setting/list_flag_Denmark.bmp,3768,e546775ea75cd895e7dca4a260a35f90ed2ec6dfa0ea102d2a72888338dcea5d
upgrade/Storage Card/System/Img/COMMON/setting/list_flag_Finland.bmp,3764,bec58393d2c511cb2327c7b6f0f7bd450fd8a046b926c149751b5b56fa4c0a6c
upgrade/Storage Card/System/Img/COMMON/setting/list_flag_France.bmp,3768,a39c89baef6001b8ddf6208844540b648f817e24e080d85c88009e3db18d09ce
upgrade/Storage Card/System/Img/COMMON/setting/list_flag_Gabon.bmp,3764,04af5ae88cfdce040c035a45244f12286291f3c6b0e987808cde75bfe372219b
upgrade/Storage Card/System/Img/COMMON/setting/list_flag_Germany.bmp,3768,ffbaf476c8cc61121850ea21d9826fd93f5b39e7682431107159036c4822ecac
upgrade/Storage Card/System/Img/COMMON/setting/list_flag_Ghana.bmp,3764,140a8228fda3a9ddabadd2598985073ed2448167f34cedef0409eebbe830006c
upgrade/Storage Card/System/Img/COMMON/setting/list_flag_Greece.bmp,3768,3ad969baa5945e1b145ac756bbcc1f928b987648c9013152ed1b038ab493ca91
upgrade/Storage Card/System/Img/COMMON/setting/list_flag_Guernsey.bmp,3720,564152da71b15ff0b15bade31382ef6f115bd76c590b90d33dad61708fd93b8d
upgrade/Storage Card/System/Img/COMMON/setting/list_flag_Hungary.bmp,3768,7b20152f1d3fdd925fca854c14d9d10d34c63831b8245698f78eb5fbf354f446
upgrade/Storage Card/System/Img/COMMON/setting/list_flag_India.bmp,3768,6d8be61affa7728dea5f687b408e1a7cb19a6ac498912c9ccb4133ac4654195c
upgrade/Storage Card/System/Img/COMMON/setting/list_flag_indonesia.bmp,3292,9fb080c30a042a4ce659e06ab0c2004cc3bd5167e668d32879075c829cba7258
upgrade/Storage Card/System/Img/COMMON/setting/list_flag_Iran.bmp,3768,80f44de9c9f7d6c482fa0c9ccc12f15804b2fa52de87bbbb2cd3496b485617ab
upgrade/Storage Card/System/Img/COMMON/setting/list_flag_Isle Of Man.bmp,3764,c3c7495ed8cf1eed00147c8d2e967101492bccd302551f1aff2a924f8ea6d085
upgrade/Storage Card/System/Img/COMMON/setting/list_flag_Israel.bmp,3768,1edf27558f1ba071f8c23471a4aed2d48ea8c620224a81c0bb555ba43460eb90
upgrade/Storage Card/System/Img/COMMON/setting/list_flag_Italy.bmp,3768,c406165c7c2287e80e30dbe533cf90b125d74eda9d12b733ebf25b51346988fb
upgrade/Storage Card/System/Img/COMMON/setting/list_flag_Ivory Coast.bmp,3764,12e4a432aba5aa2e2dcb648b1cdca76ef8ec53c37e7938c87bd57d2aedf8a8b4
upgrade/Storage Card/System/Img/COMMON/setting/list_flag_japan.bmp,3764,67f85812e9cc2eef967f195d90de19da2f4ce5355d7ecd76968a0de3bd05ce4f
upgrade/Storage Card/System/Img/COMMON/setting/list_flag_Jersey.bmp,3764,aa3d752ce7c991161e5f3e3866445f1f8bc21a14a11cb2a5a5fca744145e2140
upgrade/Storage Card/System/Img/COMMON/setting/list_flag_Kenya.bmp,3764,cdb53140475be5ae7ef6eb161fab73b6563a1e89d4d2a7b3a6fea92803163b7f
upgrade/Storage Card/System/Img/COMMON/setting/list_flag_Libye.bmp,3764,dba3e43edac9fab829451fb2773ba527646bb17282d13bb32cd789b7af9bada3
upgrade/Storage Card/System/Img/COMMON/setting/list_flag_Mozambique.bmp,3764,a2da04798965bc32a6b01781b51902061d241eec42b9c0e249e43bd70d8211d3
upgrade/Storage Card/System/Img/COMMON/setting/list_flag_Namibie.bmp,3764,e6079d77bbdd3430e0fb855fac67c6a102b37861ce7ced52a0922db264275725
upgrade/Storage Card/System/Img/COMMON/setting/list_flag_Netherlands.bmp,3768,1a6f0a5949da776eb9fc0234f081b8694665b92719a07dfe39c8cbda16c233df
upgrade/Storage Card/System/Img/COMMON/setting/list_flag_Nigeria.bmp,3760,59bf802a60309e12649f45661ead4f5f7ded9dae9f3f2c87a3e0c2da87b33eb8
upgrade/Storage Card/System/Img/COMMON/setting/list_flag_Norway.bmp,3768,5bff0074151ca9ba1f9b4fb40afe80a42ff54f559e50227b6afaa657a48af6f7
upgrade/Storage Card/System/Img/COMMON/setting/list_flag_Poland.bmp,3744,a944fadb96e66c91e62947672d0f83c84aae5ba570fcafe0802d7129a27f135c
upgrade/Storage Card/System/Img/COMMON/setting/list_flag_Portugal.bmp,3768,0a9e63292e5a964d94e38b909bbac36f95966861a9dee9641b9179c010431960
upgrade/Storage Card/System/Img/COMMON/setting/list_flag_Romania.bmp,3768,a635b9ac5314e74e57477e912baf159e16d7fa4f09ceee0f1351f6278a829e02
upgrade/Storage Card/System/Img/COMMON/setting/list_flag_Russian Federation.bmp,3592,67e76ffa1e9230adb627a800ad147c758a3d1ec778cda80f9bcf07be767951ce
upgrade/Storage Card/System/Img/COMMON/setting/list_flag_Senegal.bmp,3764,d8d80da710381fb91f1b50e0d2da84f86481c2b7e72e285bd01aa235d28d3dd1
upgrade/Storage Card/System/Img/COMMON/setting/list_flag_Serbia.bmp,3768,f9c34ab79550391d667c2ad998c4afd382cd20d9bd1651db3270910320f9c3a2
upgrade/Storage Card/System/Img/COMMON/setting/list_flag_Slovakia.bmp,3768,5b83be691d04d3733aad0c6badfd700a6d5e9974d26450de14842950ffa786f9
upgrade/Storage Card/System/Img/COMMON/setting/list_flag_Slovenia.bmp,3768,5eb607ca4dead5b8aa054e80c61731d826d5995fdfd47e1c221eb8cf3ec3605b
upgrade/Storage Card/System/Img/COMMON/setting/list_flag_Spain.bmp,3768,853d2403774acb6c097b7d43ee1eb9bf5162573a6964d6bfc42e3cf86ae56ea1
upgrade/Storage Card/System/Img/COMMON/setting/list_flag_Sweden.bmp,3768,6fe19b150561326b8dbca3f3ccd7e9b3cbced357fa504d4a294574a67ec66c1c
upgrade/Storage Card/System/Img/COMMON/setting/list_flag_Turkey.bmp,3768,fc4d89f247ec77c14927be221e1ce9d164a251d5f3ed404ecf241fc8dd292c9a
upgrade/Storage Card/System/Img/COMMON/setting/list_flag_Ukraine.bmp,3768,1bca4a3ce413a8e35d0332bece9cce42be5fe6082c261c09b603727d637f8096
upgrade/Storage Card/System/Img/COMMON/setting/list_flag_United Kingdom.bmp,3768,21aa6a12d7281f4e76b2bf9b27f8884f3a210b0a689d3c25ad172147f1678b95
upgrade/Storage Card/System/Img/DMENU/bg.bmp,179728,0ca35d05d55ce6ff2771ceab08e92a47ee6efd2028fe7ba4ad54c11d85461834
upgrade/Storage Card/System/Img/DMENU/btn.bmp,55916,bcb6cbc69b0b26678cd863e0596f579b42b9a319794a2adde84ae60484bfc3b0
upgrade/Storage Card/System/Img/M0/common/common_indi_aha_antenna_icon.bmp,2908,d57257daaa9f1dc63249ed2f0a09ea24439297caac8a971178f0e1e8e7ed6d4d
upgrade/Storage Card/System/Img/M0/common/common_indi_aha_antenna_icon_dark.bmp,2908,d57257daaa9f1dc63249ed2f0a09ea24439297caac8a971178f0e1e8e7ed6d4d
upgrade/Storage Card/System/Img/M0/common/common_indi_antenna_icon.bmp,4108,a759a9c2c167317c703d8811e25b65a7d94ef89b3ec4dc4d03b28cbce02f473a
upgrade/Storage Card/System/Img/M0/common/common_indi_antenna_icon_dark.bmp,4108,a759a9c2c167317c703d8811e25b65a7d94ef89b3ec4dc4d03b28cbce02f473a
upgrade/Storage Card/System/Img/M0/common/common_indi_battery_icon.bmp,2764,8484aaff4217e98cc1769489f0f980cb543d2d79e0331b47b76daecbca485611
upgrade/Storage Card/System/Img/M0/common/common_indi_battery_icon_dark.bmp,2764,8484aaff4217e98cc1769489f0f980cb543d2d79e0331b47b76daecbca485611
upgrade/Storage Card/System/Img/M0/common/common_indi_clock_am_icon.bmp,604,f4fbcbd78edd6fc3e75e79a10d41e72a1c29752db7fa64ba75c5d9af8f590acd
upgrade/Storage Card/System/Img/M0/common/common_indi_clock_am_icon_dark.bmp,604,f4fbcbd78edd6fc3e75e79a10d41e72a1c29752db7fa64ba75c5d9af8f590acd
upgrade/Storage Card/System/Img/M0/common/common_indi_clock_number_img.bmp,6948,fcd43299d3c31ae9e1c5d85b35ff59681ba4e99e8096a433e2e73a8712cdb914
upgrade/Storage Card/System/Img/M0/common/common_indi_clock_number_img_dark.bmp,6948,fcd43299d3c31ae9e1c5d85b35ff59681ba4e99e8096a433e2e73a8712cdb914
upgrade/Storage Card/System/Img/M0/common/common_indi_clock_pm_icon.bmp,500,26ac73cae9d3dcd9a19c35234c8815b7a288a9a3d2b19d6d1f03fc915dfc3d48
upgrade/Storage Card/System/Img/M0/common/common_indi_clock_pm_icon_dark.bmp,500,26ac73cae9d3dcd9a19c35234c8815b7a288a9a3d2b19d6d1f03fc915dfc3d48
upgrade/Storage Card/System/Img/M0/common/common_indi_line.bmp,63480,ba513277814ec02085c317f67fac571c40aa30e916f50085c979bf663b3d8f4d
upgrade/Storage Card/System/Img/M0/common/common_indi_semicolon_img.bmp,500,798d892d2538593a30d5760b4c207c09d44bb9a40eb6f21f6ceb8641331cd135
upgrade/Storage Card/System/Img/M0/common/common_indi_semicolon_img_dark.bmp,500,798d892d2538593a30d5760b4c207c09d44bb9a40eb6f21f6ceb8641331cd135
upgrade/Storage Card/System/Img/M0/common/common_indi_set time_icon.bmp,888,5e6a2a9c1eeca7e2cf5572ee16a7467170c45b83eaf3496534c28fd7ebc57c51
upgrade/Storage Card/System/Img/M0/common/common_indi_set time_icon_dark.bmp,888,5e6a2a9c1eeca7e2cf5572ee16a7467170c45b83eaf3496534c28fd7ebc57c51
upgrade/Storage Card/System/Img/M0/common/common_indi_temp_c_icon.bmp,496,c8051b63307e9ee8f06290d22e099900b08c5277a3699b6372e322c9e23de216
upgrade/Storage Card/System/Img/M0/common/common_indi_temp_c_icon_dark.bmp,496,c8051b63307e9ee8f06290d22e099900b08c5277a3699b6372e322c9e23de216
upgrade/Storage Card/System/Img/M0/common/common_indi_temp_f_icon.bmp,476,e5343c1b8726df250306e707ad2d15126ee0afe5f2f64018c978a78e7d0e17c3
upgrade/Storage Card/System/Img/M0/common/common_indi_temp_f_icon_dark.bmp,476,e5343c1b8726df250306e707ad2d15126ee0afe5f2f64018c978a78e7d0e17c3
upgrade/Storage Card/System/Img/M0/common/common_indi_temp_number_img.bmp,3968,7192be7654ca7e993409b7a0967fe887dc3708bbfa810b746ba1a51de28a962e
upgrade/Storage Card/System/Img/M0/common/common_indi_temp_number_img_dark.bmp,3968,7192be7654ca7e993409b7a0967fe887dc3708bbfa810b746ba1a51de28a962e
upgrade/Storage Card/System/Img/M0/common/common_pull_down_icon.bmp,676,731d82c9a306670a6fb049b67495e61d4d8bf82321a7987c2b620b63f9b52998
upgrade/Storage Card/System/Img/M0/common/common_pull_up_icon.bmp,660,5a6715da7cff9de42751f2f35df9f8d64a79e075788aff7a3d31903bb6ae707c
upgrade/Storage Card/System/Img/M0/common/eco_bg.bmp,384216,800cf7c8c5799c98ce0ca0f76943e2a8aefce53d1f7882c0d9d6d50c4a99117d
upgrade/Storage Card/System/Img/M0/common/etc_bg.bmp,384088,f6ae5be644956a00046f05451093a5032e2a2d70456396e8847a8c9e67cda5f7
upgrade/Storage Card/System/Img/M0/common/fmradio_bg.bmp,768056,b7089037fc85873b30a34515b32283f5a29d2cdb6602fb8b35f6758660b49492
upgrade/Storage Card/System/Img/M0/common/home_bg.bmp,384200,b9feb99ca5ea00c3899d0b103dfa84b1870975f27656b7f636f673bac632934b
upgrade/Storage Card/System/Img/M0/common/media_bg.bmp,384224,ec12d268b75cb0c260f0cb1b51ec92bd4b12e2ee3a4c8fbbefa44986e1ab7b45
upgrade/Storage Card/System/Img/M0/common/phone_bg.bmp,384212,c010f859c77fbc9183afae45b83d2cb8028920f11fdc618f2ab50495d6835ddc
upgrade/Storage Card/System/Img/M0/common/setting_bg.bmp,384208,40ca580fe21194512652f948c202934932551801359572a1da517d6a18408c67
upgrade/Storage Card/System/Img/M0/eco/eco_arrow_left_btn.bmp,69652,e05d87e5ec399149cdba274a620d586c60a31f087ab0db0edd8cebce0a2d341f
upgrade/Storage Card/System/Img/M0/eco/eco_arrow_right_btn.bmp,69632,1e8d5e19ec958fc8095b11a57f8b639f36936a4a24e7c0797188e5f2d40297bf
upgrade/Storage Card/System/Img/M0/eco/eco_coaching_acceleration_img.bmp,13828,e0eae215ba640167b4099a8708cf663325088bedc7333cf1b93c7c26dbf9eab8
upgrade/Storage Card/System/Img/M0/eco/eco_coaching_anticipation_img.bmp,13828,3ffb73a661cdd839b0b32fdc0bb15e9c7ddf78eda4dc94e34e7b58e04cc7d4fc
upgrade/Storage Card/System/Img/M0/eco/eco_coaching_gearshift_img.bmp,13820,c4850293ac54ef4b7695879ed92220ce4da4496ac65fac45833b4923ac909d3f
upgrade/Storage Card/System/Img/M0/eco/eco_coaching_general_img.bmp,13820,c263778952fcaaccb34ce12954622e95a90d1ae8678fd5b57233f6da2436f127
upgrade/Storage Card/System/Img/M0/eco/eco_coaching_star_icon.bmp,2368,d1f5209775ea714b076845d525bcd91be92f0c53a283be8faee293461354000b
upgrade/Storage Card/System/Img/M0/eco/eco_dot.bmp,152,62d7a9effc91b6b44095b6f52a07f1720276843668f1b4653bc70f03e4bb1d94
upgrade/Storage Card/System/Img/M0/eco/eco_indi_ine.bmp,81816,0415d614e4db69438a95661a369abef5b98463677889442cc4374849fd3dadba
upgrade/Storage Card/System/Img/M0/eco/eco_pagenumber_icon.bmp,1488,2b800f3e99c62f9a291f1a19f4a62c09c22685eba0bc7d6e60888aad6159afbe
upgrade/Storage Card/System/Img/M0/eco/eco_parting_line.bmp,348,a123595e0234d4ac6c236fc6c396b6bc54a1a9bc1b44c11f4278adf1f9fc0b1f
upgrade/Storage Card/System/Img/M0/eco/eco_reset_btn.bmp,49016,66752d76bedb9436f57ece16cec5184e4e52cf8315810ec8c35bbc2b1a7cb128
upgrade/Storage Card/System/Img/M0/eco/eco_scoring_img.bmp,416916,fc4d4ebbaee6e149c1ebcb4ccdc4790e3b0abafe06db886f2aaa0992049131a7
upgrade/Storage Card/System/Img/M0/eco/eco_scoring_star_img.bmp,4108,f4d6e9065a20d6cc06940df54633ffba9da11e80cc1f486246daac02981c1c16
upgrade/Storage Card/System/Img/M0/eco/eco_softkey_3_1_btn.bmp,56252,f4ae9c0050d25552a2bf89f937656616df81346c5fda146301263fac1954c8b8
upgrade/Storage Card/System/Img/M0/eco/eco_softkey_3_2_btn.bmp,56252,f4ae9c0050d25552a2bf89f937656616df81346c5fda146301263fac1954c8b8
upgrade/Storage Card/System/Img/M0/eco/eco_softkey_3_3_btn.bmp,56004,33fffc50610972bb595dbe8c11ee82a1e5ee52b6292874011cc73908ddbe3e3f
upgrade/Storage Card/System/Img/M0/eco/eco_softkey_home_btn.bmp,26680,34b57f27e66a7e63b42c741879f802178bc6654ece534931384965e758348ced
upgrade/Storage Card/System/Img/M0/eco/eco_trip report_bracket_close.bmp,1012,791bbd43342ca73d6daa128320c1963f81bb0931da96260a95e86d4f6ad6a4ae
upgrade/Storage Card/System/Img/M0/eco/eco_trip report_bracket_open.bmp,1012,41a59c809c4e95de00ea51093cdc451651b57b65d8ec19b062b8c2e0d1e17fea
upgrade/Storage Card/System/Img/M0/eco/eco_trip report_car_img.bmp,4952,e374e7e20bbce716aaf3fdd29db14bf65977fe1eba12d277fe0f0dd91c28198a
upgrade/Storage Card/System/Img/M0/eco/eco_trip report_slash.bmp,1092,5dcdc44d47482dcba4119fcd57ff22c18d6c8f81ccb3c4b8f089ea550c70def4
upgrade/Storage Card/System/Img/M0/eco/HAVC/eco_blower_icon.bmp,2536,e29c7b9f6a37d8dbaf91f23da798f6ebf711b5b78e02cc554be7e9d7a7fa475b
upgrade/Storage Card/System/Img/M0/eco/HAVC/eco_blower_statusbar.bmp,5644,da35d2bfbbb28feac2731f231114e3e9c8716594aec3d3906427c8e882d48724
upgrade/Storage Card/System/Img/M0/eco/HAVC/eco_clearness_icon.bmp,2564,986a3be8057fad3d534272f464a7498a8a2beddf7688e8a481ab5b6f68896f1b
upgrade/Storage Card/System/Img/M0/eco/HAVC/eco_defrost_icon.bmp,2540,f378f3efd2f6f29218e6bcb9a2878e5e7768fa8702111dedd2dd9f430aa4c05d
upgrade/Storage Card/System/Img/M0/eco/HAVC/eco_fiow_1_icon.bmp,2476,ed0b97dc38249688adbc96520de12055453b46d110c75c2fb2c3e34f9c63d510
upgrade/Storage Card/System/Img/M0/eco/HAVC/eco_fiow_2_icon.bmp,2500,f501f9827d689e2a43f3631003717b3c51bd89ed2b5cd7d7ea9ea3d7001d102f
upgrade/Storage Card/System/Img/M0/eco/HAVC/eco_fiow_3_icon.bmp,2504,7dfcaaa7329d83260c5c09aceb2df3cdd5640b6053deb7042a25bfd6196709f9
upgrade/Storage Card/System/Img/M0/eco/HAVC/eco_fiow_4_icon.bmp,2544,88f90fe39c9143d4fd6673794afd9e4aff231bdfaddbb3c056090f2543b7e608
upgrade/Storage Card/System/Img/M0/eco/HAVC/eco_fiow_5_icon.bmp,2572,039f0290b600a328d300009ef807764b149ec29d7151c2aad2a5226671c46ebd
upgrade/Storage Card/System/Img/M0/eco/HAVC/eco_fiow_6_icon.bmp,2588,76437bc8133a943309a16bee6e2a1f11be90fb5835c42b6de27ac83097a9c1c0
upgrade/Storage Card/System/Img/M0/eco/HAVC/eco_fiow_7_icon.bmp,2584,4361bea08be904c7c92a5bbc4d60be8f9e3b13d156616cac50a8b4e3db56f38d
upgrade/Storage Card/System/Img/M0/eco/HAVC/eco_recycling_icon.bmp,2540,b2c49984d6d850363138db3086afbe9eceac0ce1337f1cfc467aa11b5773c912
upgrade/Storage Card/System/Img/M0/eco/HAVC/eco_temp_c_icon.bmp,1220,45bb80f69265fbe6cd74b1ab864bfa4a266a44d543b8e4240f19ec424262d5b2
upgrade/Storage Card/System/Img/M0/eco/HAVC/eco_temp_f_icon.bmp,1172,a108e42fc28743d62c66b1bb4453ee094f01704678701de6c817e128570cc8ea
upgrade/Storage Card/System/Img/M0/eco/HAVC/eco_temp_icon.bmp,2468,1ca3bd40d358cd5e995f0c3651a74adf0ba3769888fb4be2090468dfdede5985
upgrade/Storage Card/System/Img/M0/etc/etc_authentication_key_ number_1.bmp,48328,e933677976100e8772c7e3383ce3da82cd220d6b2df163b287edc2b509c59bd4
upgrade/Storage Card/System/Img/M0/etc/etc_authentication_key_ number_2.bmp,96924,bbccdee4808c6b25e639f2698a228554a31188e61d1a47efb3246f163317807b
upgrade/Storage Card/System/Img/M0/etc/etc_authentication_key_ number_3.bmp,48340,78bffe66b49ae3d1655c249398cc59c01c83d786c7a9dfb256da4a8f81a03962
upgrade/Storage Card/System/Img/M0/etc/etc_authentication_key_ number_4.bmp,48272,376c6c8e3eb85dd07dede63db1e6e6853499d7bd9739503e6ec4af8718af0f9d
upgrade/Storage Card/System/Img/M0/etc/etc_authentication_key_ number_5.bmp,48272,376c6c8e3eb85dd07dede63db1e6e6853499d7bd9739503e6ec4af8718af0f9d
upgrade/Storage Card/System/Img/M0/etc/etc_authentication_key_ number_6.bmp,48272,376c6c8e3eb85dd07dede63db1e6e6853499d7bd9739503e6ec4af8718af0f9d
upgrade/Storage Card/System/Img/M0/etc/etc_authentication_key_ number_7.bmp,48272,376c6c8e3eb85dd07dede63db1e6e6853499d7bd9739503e6ec4af8718af0f9d
upgrade/Storage Card/System/Img/M0/etc/etc_authentication_key_ number_8.bmp,48276,f7aca2b606d38498a4374420d1076918baaad8b7940ef0e61e1d224662ba6f3e
upgrade/Storage Card/System/Img/M0/etc/etc_authentication_key_inputbox.bmp,6128,fe87f4cfbc3002001cfc780271de9a790dbe77e5901fe9a123bfd936363f0239
upgrade/Storage Card/System/Img/M0/etc/etc_call_icon.bmp,3384,130a13fbe751687257613821872adbbd3a319f20b2505083fc9921c3a18c1397
upgrade/Storage Card/System/Img/M0/etc/etc_caution_softkey_1_btn.bmp,168716,2a4868bd797ddf7208d18ddca36234aa2e85e51f27be72e3e9578ddc9c67947d
upgrade/Storage Card/System/Img/M0/etc/etc_caution_softkey_back_btn.bmp,26788,bb46fc69ecf26ebeb0dfb9a7a815ec0610b204ea3844d648d9d3d5227e68bc85
upgrade/Storage Card/System/Img/M0/etc/etc_caution_softkey_home_btn.bmp,26692,92b41081b386c278075d9dc11ade0786201f32ef7a8f64e847c4708090601462
upgrade/Storage Card/System/Img/M0/etc/etc_clock_font.bmp,51256,dac629a58964a98f07d9d68424e59ff332957dcb5095d68c4c148f417d2ecbdb
upgrade/Storage Card/System/Img/M0/etc/etc_clock_font_ampm.bmp,26756,72b1b093cc84dd84c4b8ca8001c501712963de10ac1669542690143db393af3d
upgrade/Storage Card/System/Img/M0/etc/etc_clock_font_colon.bmp,2492,270fe32d28fc0df97acb8cd1627885dbe4696bd15b6409f415422d2f6a66a994
upgrade/Storage Card/System/Img/M0/etc/etc_navi_icon.bmp,3440,804e4c1ec2c917234c44e987efbc90c57c30e4258a05bc55b212947b99f4a089
upgrade/Storage Card/System/Img/M0/etc/etc_parting_line.bmp,344,993961beb1cce31646a73ca2c788e0d9591d05aa2b43f8e9814e070e3c2c6dc6
upgrade/Storage Card/System/Img/M0/etc/etc_ring_icon.bmp,3460,1151f5a602f2dd8896cf7c76761eb83011122d2a90b40d47022209ce4f8f81ea
upgrade/Storage Card/System/Img/M0/etc/etc_softkey_empty_btn.bmp,26692,f581bbb46cda76866518e61d2057f3057303a5e5b39e0e8580bb1c64c34b4486
upgrade/Storage Card/System/Img/M0/etc/etc_ta_icon.bmp,3540,b64432d9732cce59cf51520c164c44cc7997ef5828afe0dcfa6a32fe8f9fdde4
upgrade/Storage Card/System/Img/M0/etc/etc_volume_bar.bmp,620,464caffbbd6f7e8d4a6caffff03abe12e56ea56ae970875e443ef2467e71c5f4
upgrade/Storage Card/System/Img/M0/etc/etc_volume_bg.bmp,36976,a53777f10f83a4a600fc47e89c6c26ce771b524a81bf6e5c965f865b62632d27
upgrade/Storage Card/System/Img/M0/etc/etc_volume_icon.bmp,3344,ffb2e38b030e871b6b75985deb505642671b8c4b9d577b0f05895f9079867735
upgrade/Storage Card/System/Img/M0/fm radio/fmradio_contents_list_nowplay_icon.bmp,7452,d7d496e19132b2a9003c0131eda80ba269f55bdd12e6eb11e95b0e8b31b1a6ed
upgrade/Storage Card/System/Img/M0/fm radio/fmradio_control_1_ff_btn.bmp,82392,52145267d4b8d1483c271c08b734d0d14c0cc30163a491c081c07a27b9f04e58
upgrade/Storage Card/System/Img/M0/fm radio/fmradio_control_1_rew_btn.bmp,82392,d635ddeff3fc2e7b6a86668dee9ecd16a23cf1b403eebc97510b5203f162cecc
upgrade/Storage Card/System/Img/M0/fm radio/fmradio_control_2_ff_btn.bmp,121568,08b1f42957c415ba2a474ea9919dcb68f079beb2c3ccbc79847ad6aa1fb72a58
upgrade/Storage Card/System/Img/M0/fm radio/fmradio_control_2_rew_btn.bmp,121568,fd697ba76e4ce682e16d9b59867342ffc652ce8ebbe27faa031ac9272737700b
upgrade/Storage Card/System/Img/M0/fm radio/fmradio_control_next_btn.bmp,82392,e83ec7f2a2400d5bb531f0b078a165db31af9efca000f69872cc407bbd71bc1b
upgrade/Storage Card/System/Img/M0/fm radio/fmradio_control_prev_btn.bmp,82392,ecd3eb840caec8231279b492b6636d02b38dea42a2cd58b71f119355b0b5debe
upgrade/Storage Card/System/Img/M0/fm radio/fmradio_dot.bmp,128,7e54dfdd9dbf844a12ff6a60394e17544cd75d55ef618526cdc7798a33ebecc5
upgrade/Storage Card/System/Img/M0/fm radio/fmradio_epg_btn.bmp,85712,63caac865d9773b0611ab36d5a71ef01213fce0cda012cd119cac90d73987dd9
upgrade/Storage Card/System/Img/M0/fm radio/fmradio_fulldown_1_line.bmp,163256,0c4ddce52d7dc093d3473d3325f08e679822973563c736d10f50f351b02608c3
upgrade/Storage Card/System/Img/M0/fm radio/fmradio_fulldown_2_line.bmp,163256,ba6add207ce2828903f508c2d0d547dc05e92eedd264f039dca06b46ebbef287
upgrade/Storage Card/System/Img/M0/fm radio/fmradio_fulldown_bottom_btn.bmp,106040,2ed3ce61f2264668d6093d2aefa3f2d81c344fe17d87f2d4013779bcc00c4436
upgrade/Storage Card/System/Img/M0/fm radio/fmradio_fulldown_middle_btn.bmp,74936,84506677d1668504af8e2a109ec70304fcbbde4aed5e5632fec75b6466db04e5
upgrade/Storage Card/System/Img/M0/fm radio/fmradio_fulldown_top_btn.bmp,74936,66025c69e155cd3962531d4a8426961d4ffa012e4b0801fb94e8c8608627b369
upgrade/Storage Card/System/Img/M0/fm radio/fmradio_indi_line.bmp,82068,b4274d316ebb94b4994b3b9f2c6103e007b1e50e00bc1aedb2afdfd545d666aa
upgrade/Storage Card/System/Img/M0/fm radio/fmradio_list_line.bmp,146964,6c2bf583ea64dea4ea9a654ae7582341127fef0a94968da7014c0d58254b47a7
upgrade/Storage Card/System/Img/M0/fm radio/fmradio_list_press.bmp,383144,413e3ad4b096a08442e66c694ceaf5f482ae8285c4bc3b19dac124df407e5db7
upgrade/Storage Card/System/Img/M0/fm radio/fmradio_pagenumber_icon.bmp,2616,947620594b411c438348618d7cc0b0cacfb5d4f85e78e0fb8523ca7a3d914f05
upgrade/Storage Card/System/Img/M0/fm radio/fmradio_parting_line.bmp,344,73046a85673f62b8f3f1580ff6421f9aa8f883d7877c621e160810d2b518396c
upgrade/Storage Card/System/Img/M0/fm radio/fmradio_presest_number_bg.bmp,2944,eaf487366a5d4e96dcd9546f1c403d69218b4d18baa1d0470dce2708b33685c5
upgrade/Storage Card/System/Img/M0/fm radio/fmradio_preset_nowplay_icon.bmp,14496,850ac992ca178928a673f4b819a437746286f5912cf901ada5dcbb05149beace
upgrade/Storage Card/System/Img/M0/fm radio/fmradio_presets_arrow_left_btn.bmp,148256,5fb11e910298f53e61dfdcb8060b6d98ee30aaac32249efce6de2ee581fbb861
upgrade/Storage Card/System/Img/M0/fm radio/fmradio_presets_arrow_right_btn.bmp,148256,de24631b7fdfe7c60b48045477b71f294b3f12e6f8b79ec71a12518ec9e05dd4
upgrade/Storage Card/System/Img/M0/fm radio/fmradio_presets_list_1_btn.bmp,230216,9cff7ca5cd03ab68ea9274b88cb2f2a837ab8dbe526017e2697529827b6563de
upgrade/Storage Card/System/Img/M0/fm radio/fmradio_presets_list_2_btn.bmp,230216,9cff7ca5cd03ab68ea9274b88cb2f2a837ab8dbe526017e2697529827b6563de
upgrade/Storage Card/System/Img/M0/fm radio/fmradio_presets_list_3_btn.bmp,230216,9cff7ca5cd03ab68ea9274b88cb2f2a837ab8dbe526017e2697529827b6563de
upgrade/Storage Card/System/Img/M0/fm radio/fmradio_presets_list_4_btn.bmp,230216,9cff7ca5cd03ab68ea9274b88cb2f2a837ab8dbe526017e2697529827b6563de
upgrade/Storage Card/System/Img/M0/fm radio/fmradio_scroll_down_btn.bmp,83360,dbaa0cbc2c1ff82e5c91029f393ec1bc0e400677c6af97ef92eeaf77e49f376c
upgrade/Storage Card/System/Img/M0/fm radio/fmradio_scroll_up_btn.bmp,83360,19d9c1fafb1856ea991b34e98e7e4a436b8666bad2b463743401b5ab0eb48050
upgrade/Storage Card/System/Img/M0/fm radio/fmradio_scrollnumber_bg.bmp,9776,a2740db95446bffa99cf29dee99d7154083b86f40edd9952021cdc1f93c2f944
upgrade/Storage Card/System/Img/M0/fm radio/fmradio_setting_1_left_btn.bmp,54728,bf754c2291ceb5050cdf1e597e6b890fbfb4676436ef1c1b7da22dba233b9c76
upgrade/Storage Card/System/Img/M0/fm radio/fmradio_setting_1_right_btn.bmp,54728,484e7f1d7834635bdf5dcae94866e1cfe6acbd7010b7243cdf2ec4d983849cbb
upgrade/Storage Card/System/Img/M0/fm radio/fmradio_setting_2_btn.bmp,108864,54c5e0275a7c30e5c40a90e8fed9b81f2c62e43f64b3928c74419ea6b55403d8
upgrade/Storage Card/System/Img/M0/fm radio/fmradio_setting_announcement_btn.bmp,54728,fa1b300a2600e4cc0fc7522ec822995713257a920fc9d4dcc900e824a6d5fb51
upgrade/Storage Card/System/Img/M0/fm radio/fmradio_softkey_4_1_btn.bmp,42100,66bd4a1ffd535820d7ce97dda640943d85949a38ce565c90dffc2d64dd31b6f2
upgrade/Storage Card/System/Img/M0/fm radio/fmradio_softkey_4_2_btn.bmp,42104,27f934473de9b0ef6639effc32f8557611486d4ff1c91d15ce2e5e637a7188b2
upgrade/Storage Card/System/Img/M0/fm radio/fmradio_softkey_4_3_btn.bmp,42100,66bd4a1ffd535820d7ce97dda640943d85949a38ce565c90dffc2d64dd31b6f2
upgrade/Storage Card/System/Img/M0/fm radio/fmradio_softkey_4_4_btn.bmp,42100,66bd4a1ffd535820d7ce97dda640943d85949a38ce565c90dffc2d64dd31b6f2
upgrade/Storage Card/System/Img/M0/fm radio/fmradio_softkey_back_btn.bmp,52760,2bf796000397c0032a2565732449b3c1628a10441d5eb67351edc07aeb75d5e7
upgrade/Storage Card/System/Img/M0/fm radio/fmradio_softkey_home_btn.bmp,52760,a264359972a0947a2f3b6de3f326f543cd7b1a18c47c55d431b767f14b887340
upgrade/Storage Card/System/Img/M0/fm radio/fmradio_softkey_navi_btn.bmp,26828,f5d3ad553a786246dac0e37184cc95c00ebbe05709d4c26e7d718c22d6e618ae
upgrade/Storage Card/System/Img/M0/home/common_indi_line.bmp,63480,ae3b0c74213679983b294f810eaaa44e8bcf5e7ccea62706d1b9053cf6b3e519
upgrade/Storage Card/System/Img/M0/home/home_dark_btn.bmp,45272,3ca4fa93fcce24b5aec4d30e049c80fdc8f8edf803190aa9ae442f2ebffb733e
upgrade/Storage Card/System/Img/M0/home/home_dark_icon.bmp,2232,0fad6b1b7e38d9227772e5141d20999c9053ece8ea6c8af70f8d9e3f46f26cd8
upgrade/Storage Card/System/Img/M0/home/home_driving eco_btn.bmp,115916,d41d11e073167d254c191dcc09da22e4733ee3ce261cbe227c5fd02666885fa6
upgrade/Storage Card/System/Img/M0/home/home_map_btn.bmp,116156,a4dae8104988c5dfae067dbb51afceb7e07d8ae6bc65bd4275f0bbac7332a243
upgrade/Storage Card/System/Img/M0/home/home_media_btn.bmp,115524,f7519a893e448af77a9df9e5c9bad13619a03758f33d33f33b1b5587b7e65ff3
upgrade/Storage Card/System/Img/M0/home/home_navi_btn.bmp,116004,430c80a6722494c2f9d9e11e1301f9c4b306689423e3ae4391731366ae422b19
upgrade/Storage Card/System/Img/M0/home/home_phone_btn.bmp,115836,af5a2c21167a6b26772f02eaba587144177e3b9355d9858542da4cb9536e5314
upgrade/Storage Card/System/Img/M0/home/home_phone_second line_btn.bmp,115836,af5a2c21167a6b26772f02eaba587144177e3b9355d9858542da4cb9536e5314
upgrade/Storage Card/System/Img/M0/home/home_radio_btn.bmp,115924,55c3e5639f3794a5dcd362bd092d42d55c6dd4a566c8c4be2c669713f91abd33
upgrade/Storage Card/System/Img/M0/home/home_set time_active_icon.bmp,5292,1f739eeee1c2981aae2d2652535bbea88fb9657c5290eae3f86506954c6d94cc
upgrade/Storage Card/System/Img/M0/home/home_set time_btn.bmp,54272,1a89f638dc1fb40c19379debdb73b95057cf511f7f90ad8fb731187d7e03df84
upgrade/Storage Card/System/Img/M0/home/home_set time_inactive_icon.bmp,4956,be72fc83ae1895a5242836d7b1a6c624e01cd383a667f06bfb90190c293c39cc
upgrade/Storage Card/System/Img/M0/home/home_setting_btn.bmp,115948,0f1fd2a921e3eae5ba2f0aa1e7ec77d96843b571a5af67070c31cc1491c6dcd8
upgrade/Storage Card/System/Img/M0/home/home_smartphone_btn.bmp,115940,009ff3567eebe3bcfe34eb05b9e4d2a151e41c338ecb0b02a32e0a0dc4fa0e6c
upgrade/Storage Card/System/Img/M0/home/home_smartphone_second line_btn.bmp,115940,009ff3567eebe3bcfe34eb05b9e4d2a151e41c338ecb0b02a32e0a0dc4fa0e6c
upgrade/Storage Card/System/Img/M0/media/media_aha_call_btn.bmp,26592,cba34ac8dbe8c279a4100334e2f1dc41bb6f3c5af83939f4fbbf2a5d2043f928
upgrade/Storage Card/System/Img/M0/media/media_aha_coffee_img.bmp,24512,d5395b6bb0c013825b3ad1f84e723b559f5993bfa66612704cfd65fcdd950983
upgrade/Storage Card/System/Img/M0/media/media_aha_hotel_img.bmp,24512,291a7c9c4458232995ddddc8ce34f5b6a41813251369c3d3188e646c0f5c0fdd
upgrade/Storage Card/System/Img/M0/media/media_aha_hungry_img.bmp,24516,5cc8b844e2a848c1a2f1ca0e923724640c70efe5b2975339d3d069767b4c7526
upgrade/Storage Card/System/Img/M0/media/media_aha_music_img.bmp,24520,9e54861b07b69d739773bf437c2c04a8e89692dfa5e34488e29d50608eb27c1f
upgrade/Storage Card/System/Img/M0/media/media_aha_navi_btn.bmp,26160,493307870bbd1a1913664ae47712652a0d77204b480306324aec128071826abb
upgrade/Storage Card/System/Img/M0/media/media_aha_play_deezer_img.bmp,24500,60733248d85960438d2d00ce7daab7565826c45d3d8559cda795cbe9c61a94f3
upgrade/Storage Card/System/Img/M0/media/media_aha_play_hungry_img.bmp,24496,2e7ad374753172d555f1b8f875209530ea842a42c4680c9df2c7cd97f3ee8647
upgrade/Storage Card/System/Img/M0/media/media_aha_play_loading_bg.bmp,24484,365e1bda6d4b79258ed20572fe8f2795a1ba449aa9be761a1a6791ab3eb5710a
upgrade/Storage Card/System/Img/M0/media/media_aha_play_loading_img.bmp,77940,ab9600f2b658351266fea45fa4778064f98e809ddef78f5ad6b289995fe8366f
upgrade/Storage Card/System/Img/M0/media/media_aha_weather_img.bmp,24512,4e2ee6aa66cfa36b442176c9d9ce70e6732ad7838f911482e6145630481ea55e
upgrade/Storage Card/System/Img/M0/media/media_album_case_noalbum_img.bmp,77992,a23ee8d34fa7bf78f1e4b9029eafed26ea9a6125c04ddbdf5e80e7197e375eaf
upgrade/Storage Card/System/Img/M0/media/media_arrow_left_btn.bmp,74500,9205c5f6394d53701711ea63ce0a54c329ad3d2162c6d268e08c2b595be4b6e0
upgrade/Storage Card/System/Img/M0/media/media_arrow_right_btn.bmp,74508,3a60d3c7cf5283c43e5ef8fa5a7992735f16d50d708397f23e1a0c320c797927
upgrade/Storage Card/System/Img/M0/media/media_bt_control_ff_btn.bmp,63500,ad2dc6eceeeeb442642c5538fbd21c1626e379f271335457d7812d88a8e671a2
upgrade/Storage Card/System/Img/M0/media/media_bt_control_play_pause_btn.bmp,62508,961d1ee0f0e3d786c6104e7b5d599f523c08feb9ac6e92063d7b5eb26166e3dc
upgrade/Storage Card/System/Img/M0/media/media_bt_control_rew_btn.bmp,63480,4c48f019875fb09a21aad4ac6a4715779e3329626367b46cd39e33d3d6b65a78
upgrade/Storage Card/System/Img/M0/media/media_contents_list_folder_icon.bmp,7396,08b35e702c1cb0af67ca5e5569b3ea37fe0ae73b5773891f369c621397f50593
upgrade/Storage Card/System/Img/M0/media/media_contents_list_play_icon.bmp,7780,8ed98f169341befd3cab3cb1cfd844b1b1fb01c5f3f0ac04a27e0a5fee40ca77
upgrade/Storage Card/System/Img/M0/media/media_control_1_ff_btn.bmp,46564,78afaad69fd6fcf448a3a3ec1efdc2c6baf3608ccfa22d3caa4d78ecd938788b
upgrade/Storage Card/System/Img/M0/media/media_control_1_pause_btn.bmp,45424,d0b65e91471ed1c4e2d0d82447853db0ebe92e6fcca1c0cf70797bb71e439239
upgrade/Storage Card/System/Img/M0/media/media_control_1_play_btn.bmp,45464,5df4f0f247df5e3e73f5d21be655a5f30d71494b32314039bdcc397dde91d9ee
upgrade/Storage Card/System/Img/M0/media/media_control_1_rew_btn.bmp,46552,b44bbfb0a45423263e78bf372a963ccc08803bfd5dd4e3f1de582a224cdde877
upgrade/Storage Card/System/Img/M0/media/media_control_2_pause_btn.bmp,62352,fde9c54a52eb606a577d76db51fd1093e85e697c7174712bd04dc3f80b93b1a5
upgrade/Storage Card/System/Img/M0/media/media_control_2_play_btn.bmp,62500,816abca540862edf0a0aef13085da1b1fee8e18b9c0baaa831eb5ff6c6a6c241
upgrade/Storage Card/System/Img/M0/media/media_control_2_rew_btn.bmp,63480,4c48f019875fb09a21aad4ac6a4715779e3329626367b46cd39e33d3d6b65a78
upgrade/Storage Card/System/Img/M0/media/media_control_3_ff_btn.bmp,51880,ce88465ce6c7c0171ed3e2ba8ae918acd8f2ca80c74e1914ca8edcf717df9eef
upgrade/Storage Card/System/Img/M0/media/media_control_3_pause_btn.bmp,50748,ccfa7767f795650a8b5d3bad4c26c8cd23ba79a3b0519ea52c2ddbcec0491e75
upgrade/Storage Card/System/Img/M0/media/media_control_3_play_btn.bmp,50884,7e0475ee901b9b86e6fc2e53d077ee1354110ab0978b211e55dcdd0594c22044
upgrade/Storage Card/System/Img/M0/media/media_control_3_play_pause_btn.bmp,50892,35dbe791009fba653f3c64aeeb37e483458b7995226adc900800f8a9f1d3f6b7
upgrade/Storage Card/System/Img/M0/media/media_control_3_rew_btn.bmp,51872,b42d46c3d1eb0b51eafc6f904f939a556c30037f82b4cae074d5c42c62955310
upgrade/Storage Card/System/Img/M0/media/media_device_connecting_ani.bmp,89400,85271a5b69ce15a82bbbc7e0ea496c892ffa87aeadbb2fcb328b62fb98894e55
upgrade/Storage Card/System/Img/M0/media/media_device_icon.bmp,10596,3a1d366a39d5885fd3481b98ddddba76881b5bd8a5e2ecf809e6fc46526a5511
upgrade/Storage Card/System/Img/M0/media/media_dislike_empty_btn.bmp,26456,88896a94e29764cacca1ec2508e399c46cd30d55ee447e6468c340fc68de244d
upgrade/Storage Card/System/Img/M0/media/media_dislike_icon_d.bmp,2812,2773c0a18e6803eca59e0108cfc7494b6cc059f8e21c4457aec6f9d4013d4280
upgrade/Storage Card/System/Img/M0/media/media_dislike_icon_n.bmp,2868,d4991daa75adcc4ee583b70f2cda29b86d0b6cdb0618c1d2f0ff943f9c6a2fca
upgrade/Storage Card/System/Img/M0/media/media_dislike_icon_p.bmp,2816,d8323afda9251389848dad631fd52145dc5161f21bfaa6f65bc694811fb8ce68
upgrade/Storage Card/System/Img/M0/media/media_dot.bmp,144,1d36d239f676d4a4a5bca9e820fb082c237221e9befdcc1dbee3e60a6536b3a1
upgrade/Storage Card/System/Img/M0/media/media_folder_name2_bg.bmp,37668,b63043c5f8d63de0bb5b6fb44d0387852c50437b6092b4dc48ce4c179022c5de
upgrade/Storage Card/System/Img/M0/media/media_folder_name_bg.bmp,49696,74d8aeeecc1c58eef94333317be86aa29cf583663fcc3ea0da9fdfc19b70309b
upgrade/Storage Card/System/Img/M0/media/media_fulldown_1_ine.bmp,81896,6306a22705c1d112609149a9d695b6b0b388ba798e0b540b6b24d35af8fbf615
upgrade/Storage Card/System/Img/M0/media/media_fulldown_2_line.bmp,81908,74639cc364c97ce15814d762d71daef5caa1ace67347d9aa43e95469ed33ee1f
upgrade/Storage Card/System/Img/M0/media/media_fulldown_bottom_btn.bmp,45824,c4abb952aa08471838ca3f8a373a77a402799a63019ba4e7b9e902e6603813f4
upgrade/Storage Card/System/Img/M0/media/media_fulldown_middle_btn.bmp,39156,6d9a5eaa8fde2fe91dba96814998f8e179253f2f65be8ecd7f58e2a2a385520c
upgrade/Storage Card/System/Img/M0/media/media_fulldown_top_btn.bmp,39184,0bea722bf5fd36bfc4cbcb5fcc248a6aa0d8fa2be8dc567c58dff4096482e8eb
upgrade/Storage Card/System/Img/M0/media/media_like_empty_btn.bmp,26464,9d5fd8a1e3a75bd4358e880f82d0f54ab65e201d6f8e897f210ba77854e3c4bd
upgrade/Storage Card/System/Img/M0/media/media_like_icon_d.bmp,2796,35feb9c8e3522ec8f922c651e56974350abc6e655d228184f55d6960a018b3d6
upgrade/Storage Card/System/Img/M0/media/media_like_icon_n.bmp,2872,f67f9de2b02695a8f6fd3bcc8d1395e9fb42b050656e67978b9435a9729dfc13
upgrade/Storage Card/System/Img/M0/media/media_like_icon_p.bmp,2816,d96972232019628faa6da2beb70f459af460c5d7a175c450a185068545ecdc23
upgrade/Storage Card/System/Img/M0/media/media_list_line.bmp,49536,f86528f97653ac8a1ea4fe60cfb482fbf0578ac52e3839d983f7449593d4ff89
upgrade/Storage Card/System/Img/M0/media/media_list_press.bmp,191640,79cfb1b9b19ec4dc3bff5414e95a6856c77b7e4fe0c551366b7dfb6d8d1e661e
upgrade/Storage Card/System/Img/M0/media/media_nearby_default_icon.bmp,7004,7322ea420663e3800053dbfc34c729c9f8b02b6c5ff4af26d4d112cb9a6d4076
upgrade/Storage Card/System/Img/M0/media/media_nearby_icon.bmp,40608,bc63db30c2579c8aac10686964e1c94d9a21a58b4ae05c8a22f33fde27393765
upgrade/Storage Card/System/Img/M0/media/media_nearby_list_1_btn.bmp,115260,fe62c8c9cd0ebd5b3aaa70dae48c42d3ff0126d71b09f62b19764a7dd734d25d
upgrade/Storage Card/System/Img/M0/media/media_nearby_list_2_btn.bmp,115268,91397b836078ea5353c1fc9f392c44ed3d99f09c70f033e7777593ad9b1dfb68
upgrade/Storage Card/System/Img/M0/media/media_nearby_list_3_btn.bmp,115260,fe62c8c9cd0ebd5b3aaa70dae48c42d3ff0126d71b09f62b19764a7dd734d25d
upgrade/Storage Card/System/Img/M0/media/media_nearby_list_4_btn.bmp,115260,fe62c8c9cd0ebd5b3aaa70dae48c42d3ff0126d71b09f62b19764a7dd734d25d
upgrade/Storage Card/System/Img/M0/media/media_pagenumber_icon.bmp,1448,5b30576e2b3d390363f6d71e4e2f7003e055b3286fe9454351b000c731061ca1
upgrade/Storage Card/System/Img/M0/media/media_parting_line.bmp,344,098607ae3b8baf83cbb1e2293272be2be9a6f11901dd7e31f0eb21b8c2357b55
upgrade/Storage Card/System/Img/M0/media/media_parting_line_like.bmp,436,72e63556d3da6a0fb22f48ec41df717e4e7f4e71fb92cf954b7d9002649cb141
upgrade/Storage Card/System/Img/M0/media/media_parting_line_w82.bmp,424,2b4ed1ee904adebac749b664707a7b5ea25ca8f2ca8a8383dd3114989836eacd
upgrade/Storage Card/System/Img/M0/media/media_preset_default_icon.bmp,7080,537fefac73a636fd49ad2d6610a7c49f6c1444123458f4c0f22427f9e7bcfa4a
upgrade/Storage Card/System/Img/M0/media/media_preset_nowplay_icon.bmp,7672,834d471528e0177a9907cdb9703693578636d23dfdd2698a825dc27d83ba432c
upgrade/Storage Card/System/Img/M0/media/media_progress_bar_bg_1.bmp,4488,34ea001c06b4a58703a692ed591ce2e2ee348382a01fd3238f1b9b08e921b158
upgrade/Storage Card/System/Img/M0/media/media_progress_bar_bg_2.bmp,7332,bf02a7e612847639a18a3ca1218c4c963ffb47a286c0e9d095c39a84b9a1281f
upgrade/Storage Card/System/Img/M0/media/media_scroll_down_btn.bmp,42068,1551884e13b54d98c5b576de1ebdc375f536537cd7dbdf5840f1568d971ef728
upgrade/Storage Card/System/Img/M0/media/media_scroll_up_btn.bmp,42032,f6080c5319497884e40a813daa153c9ec365c94f79c62ceb4911e74e8072ba22
upgrade/Storage Card/System/Img/M0/media/media_scrollnumber_bg.bmp,5088,6055883a0d49ca78807531ef088fde6d0664a1a40bf6ef35aaf88970c2bcc032
upgrade/Storage Card/System/Img/M0/media/media_setting_left_btn.bmp,27552,cc79570c225fc5a9ac5177aefa1ab8a7904df8ad9c3d0d1aea82d44a14c9bea4
upgrade/Storage Card/System/Img/M0/media/media_setting_middle_btn.bmp,27480,2ad1b5803dbe3a5d39d9af30094e4fbdd680a92ac5e21daee38b288fd72c1811
upgrade/Storage Card/System/Img/M0/media/media_setting_right_btn.bmp,27564,58d983134cc81dbba4c792cceaee1d027eedb3dad1b504f46aa75922e4ec0b2b
upgrade/Storage Card/System/Img/M0/media/media_softkey_3_1_btn.bmp,56252,3802695a9c2f61f050ff8158c5fda40137f39c0a138dff2ad4dca582a5c3bdb7
upgrade/Storage Card/System/Img/M0/media/media_softkey_3_2_btn.bmp,56252,3802695a9c2f61f050ff8158c5fda40137f39c0a138dff2ad4dca582a5c3bdb7
upgrade/Storage Card/System/Img/M0/media/media_softkey_3_3_btn.bmp,56008,27a887cfde17fd80c6a469a8bc93d88853d93f2c8460dacf13c28733747b67a5
upgrade/Storage Card/System/Img/M0/media/media_softkey_4_1_btn.bmp,42100,191aad2d075090a34263be5413794974c92939973001c90b15a48bc249d616d2
upgrade/Storage Card/System/Img/M0/media/media_softkey_4_2_btn.bmp,42100,191aad2d075090a34263be5413794974c92939973001c90b15a48bc249d616d2
upgrade/Storage Card/System/Img/M0/media/media_softkey_4_3_btn.bmp,42100,191aad2d075090a34263be5413794974c92939973001c90b15a48bc249d616d2
upgrade/Storage Card/System/Img/M0/media/media_softkey_4_4_btn.bmp,42100,191aad2d075090a34263be5413794974c92939973001c90b15a48bc249d616d2
upgrade/Storage Card/System/Img/M0/media/media_softkey_home_btn.bmp,26680,94d6ca98b16a4809c3a12681961d8cf8601a0f7be048b1737ebd6c9fcec2f2a0
upgrade/Storage Card/System/Img/M0/media/media_softkey_navi_btn.bmp,26884,14ca077f75880caad65e63925692d196e7cc6db99bdc3d047721f5dd144b4a65
upgrade/Storage Card/System/Img/M0/media/media_thumbsdown_btn.bmp,26408,79dc007915669bff8c9a0308fe1801ce81004df0aa802f9552f6d63f61d68815
upgrade/Storage Card/System/Img/M0/media/media_thumbsup_btn.bmp,26404,e15b48fed5a47257a5bd8edb0786aecc1013ff575bf954ded8d31681c0760393
upgrade/Storage Card/System/Img/M0/media/media_upfolder_btn.bmp,48856,23655e95a808c561d3ab8131792fb82687932610c8831a442068c141e9b07c49
upgrade/Storage Card/System/Img/M0/Phone/contents_list_icon_incoming.bmp,7816,04c9cfccf5e6950e9839a06ee4ea04025d509942a7a386d6e8cf97ef18e4a74e
upgrade/Storage Card/System/Img/M0/Phone/contents_list_icon_missed.bmp,7968,ea292ea3e635a1bada401646ceab6159434531d993d6e75280556de46950fdc5
upgrade/Storage Card/System/Img/M0/Phone/contents_list_icon_outgoing.bmp,7792,4e5555fa99c37c21d830f8b58f28caf1fa9b46f2213e6982a37751843640fb50
upgrade/Storage Card/System/Img/M0/Phone/phone_call_time_area.bmp,48640,1eac49a049dfa9b61fe12a7d5f6291ed579a0763d51af22125bdeb72c11f3b71
upgrade/Storage Card/System/Img/M0/Phone/phone_dial_back_btn.bmp,42700,5dd3e97e9dd5a2bd83b2511ee043f6319cf038cb3dfbe8b89f08091f5a01819f
upgrade/Storage Card/System/Img/M0/Phone/phone_dial_btn_call.bmp,167736,2f0905363d058afcbcf5fce83271da703c0cd5ea94dc781e5105ef47494614bf
upgrade/Storage Card/System/Img/M0/Phone/phone_dial_num_0_btn.bmp,32496,f816de32dc6a355293b2c69cc532d31a7ae6e0549332b5fec4e7c63de6e8269c
upgrade/Storage Card/System/Img/M0/Phone/phone_dial_num_1_btn.bmp,32376,1a55e1fa498fe609580b65959e7032a4d10339ada8fe49228ad714090e994f12
upgrade/Storage Card/System/Img/M0/Phone/phone_dial_num_2_btn.bmp,32480,d35777129b47b8c5412502208b2eb279ebacf2194414abec95a3225901e78ea8
upgrade/Storage Card/System/Img/M0/Phone/phone_dial_num_3_btn.bmp,32500,daa09444e6adb7ddc7ca290629fef402affc2310b48b54cc16eeb904bf3a7868
upgrade/Storage Card/System/Img/M0/Phone/phone_dial_num_4_btn.bmp,32436,8ba946c9839922274bd1b3efa28f0d66b98be1b9e97abd1ad1c041c2376de09d
upgrade/Storage Card/System/Img/M0/Phone/phone_dial_num_5_btn.bmp,32456,be6d1a1554be9bc88cbd268e3bbe1b6695a22da5fbaf74759ea74d9b0190c761
upgrade/Storage Card/System/Img/M0/Phone/phone_dial_num_6_btn.bmp,32496,8411d2e2ece0bacb1ff8bc9b391e405e9e484ef2d6454ec7ddc95f9df15f32d9
upgrade/Storage Card/System/Img/M0/Phone/phone_dial_num_7_btn.bmp,32376,5891454351f4b793ca7a308732fea7223bf1fdbe8cf8e2336fac6d066116015f
upgrade/Storage Card/System/Img/M0/Phone/phone_dial_num_8_btn.bmp,32500,7a905d63f8cd8bcd16b20c9dcc213a4b4d7f16701b606217ff0c4cacd7331bc1
upgrade/Storage Card/System/Img/M0/Phone/phone_dial_num_9_btn.bmp,32492,7bf053a8ba04ba74216b83fc1b3133a739c873c1cbdba6e2d8cb4a1c0a360e2b
upgrade/Storage Card/System/Img/M0/Phone/phone_dial_num_sharp_btn.bmp,32512,e4fbf0a915b8ce9a99a6a9124cbfcf91969a8b6d84c2bac15fa36dbe64c676c2
upgrade/Storage Card/System/Img/M0/Phone/phone_dial_num_star_btn.bmp,32488,5bfb725c8aa6ac6a0d403e937874a92619ac7f60a3dc98bd48a13cb4f45173ff
upgrade/Storage Card/System/Img/M0/Phone/phone_fulldown_1_line.bmp,81896,150060e501e9264bdbef319efd8975e6c55b231f57a41abe8a6782f488a41b59
upgrade/Storage Card/System/Img/M0/Phone/phone_fulldown_2_line.bmp,81944,552c4f6f5349ebdd924869f50f7a70530ef0f02f61ebbf0fed05b8579db61a3d
upgrade/Storage Card/System/Img/M0/Phone/phone_fulldown_bottom_btn.bmp,77176,da057715b4e2d673346fc0951ce3e96b19ebdc0d348ce099978daa9c9bcc77f3
upgrade/Storage Card/System/Img/M0/Phone/phone_fulldown_middle_btn.bmp,65936,d006488217c3610ce81f2ea824b0edb9c94546f9d4e86d4804aa8e71b02589fe
upgrade/Storage Card/System/Img/M0/Phone/phone_fulldown_top_btn.bmp,66012,3dbd81c82e347e7ad4f5f7debec370333d4b8aaf5eb7bf8ebee19095f1428d04
upgrade/Storage Card/System/Img/M0/Phone/phone_keyboard2_10_btn.bmp,27708,cdde66ee0874ce122816017f99e77c5d9f1bf401a8abde381937bf63d1bbfd15
upgrade/Storage Card/System/Img/M0/Phone/phone_keyboard2_11_btn.bmp,27708,cdde66ee0874ce122816017f99e77c5d9f1bf401a8abde381937bf63d1bbfd15
upgrade/Storage Card/System/Img/M0/Phone/phone_keyboard2_12_btn.bmp,27708,cdde66ee0874ce122816017f99e77c5d9f1bf401a8abde381937bf63d1bbfd15
upgrade/Storage Card/System/Img/M0/Phone/phone_keyboard2_13_btn.bmp,27404,1f0a639de14a55ea4b91bdb3287e335f86d193d88a50bd55855df579ef6ce618
upgrade/Storage Card/System/Img/M0/Phone/phone_keyboard2_14_btn.bmp,27396,deb3bb5bcfabeb8a09559d6df88fff3943e88e41ac3dbabdfdc2d98c21339aca
upgrade/Storage Card/System/Img/M0/Phone/phone_keyboard2_15_btn.bmp,27396,deb3bb5bcfabeb8a09559d6df88fff3943e88e41ac3dbabdfdc2d98c21339aca
upgrade/Storage Card/System/Img/M0/Phone/phone_keyboard2_16_btn.bmp,27396,deb3bb5bcfabeb8a09559d6df88fff3943e88e41ac3dbabdfdc2d98c21339aca
upgrade/Storage Card/System/Img/M0/Phone/phone_keyboard2_17_btn.bmp,27396,deb3bb5bcfabeb8a09559d6df88fff3943e88e41ac3dbabdfdc2d98c21339aca
upgrade/Storage Card/System/Img/M0/Phone/phone_keyboard2_18_btn.bmp,27396,deb3bb5bcfabeb8a09559d6df88fff3943e88e41ac3dbabdfdc2d98c21339aca
upgrade/Storage Card/System/Img/M0/Phone/phone_keyboard2_19_btn.bmp,27396,deb3bb5bcfabeb8a09559d6df88fff3943e88e41ac3dbabdfdc2d98c21339aca
upgrade/Storage Card/System/Img/M0/Phone/phone_keyboard2_1_btn.bmp,27712,71301b33960819097e760c0d56784fd3a52429d84a9ecd7b8f130a989854c334
upgrade/Storage Card/System/Img/M0/Phone/phone_keyboard2_20_btn.bmp,27396,deb3bb5bcfabeb8a09559d6df88fff3943e88e41ac3dbabdfdc2d98c21339aca
upgrade/Storage Card/System/Img/M0/Phone/phone_keyboard2_2_btn.bmp,27712,2ebe11d78e736c021eb855d8d535bcd8e2e943a9f929de193d67200bc6967e42
upgrade/Storage Card/System/Img/M0/Phone/phone_keyboard2_3_btn.bmp,27388,e868d5bbc2d21d119859f4fb1988d0cbd065b52e9904a46a7fb75c682809a480
upgrade/Storage Card/System/Img/M0/Phone/phone_keyboard2_4_btn.bmp,27708,cdde66ee0874ce122816017f99e77c5d9f1bf401a8abde381937bf63d1bbfd15
upgrade/Storage Card/System/Img/M0/Phone/phone_keyboard2_5_btn.bmp,27708,cdde66ee0874ce122816017f99e77c5d9f1bf401a8abde381937bf63d1bbfd15
upgrade/Storage Card/System/Img/M0/Phone/phone_keyboard2_6_btn.bmp,27708,cdde66ee0874ce122816017f99e77c5d9f1bf401a8abde381937bf63d1bbfd15
upgrade/Storage Card/System/Img/M0/Phone/phone_keyboard2_7_btn.bmp,27708,cdde66ee0874ce122816017f99e77c5d9f1bf401a8abde381937bf63d1bbfd15
upgrade/Storage Card/System/Img/M0/Phone/phone_keyboard2_8_btn.bmp,27708,cdde66ee0874ce122816017f99e77c5d9f1bf401a8abde381937bf63d1bbfd15
upgrade/Storage Card/System/Img/M0/Phone/phone_keyboard2_9_btn.bmp,27708,cdde66ee0874ce122816017f99e77c5d9f1bf401a8abde381937bf63d1bbfd15
upgrade/Storage Card/System/Img/M0/Phone/phone_keyboard3_10_btn.bmp,23208,ebacf63e5221b71b406bfce18262337b15c843a47a7010efc3f9fedb5fef38c0
upgrade/Storage Card/System/Img/M0/Phone/phone_keyboard3_11_btn.bmp,23208,ebacf63e5221b71b406bfce18262337b15c843a47a7010efc3f9fedb5fef38c0
upgrade/Storage Card/System/Img/M0/Phone/phone_keyboard3_12_btn.bmp,23208,ebacf63e5221b71b406bfce18262337b15c843a47a7010efc3f9fedb5fef38c0
upgrade/Storage Card/System/Img/M0/Phone/phone_keyboard3_13_btn.bmp,23208,ebacf63e5221b71b406bfce18262337b15c843a47a7010efc3f9fedb5fef38c0
upgrade/Storage Card/System/Img/M0/Phone/phone_keyboard3_14_btn.bmp,23208,ebacf63e5221b71b406bfce18262337b15c843a47a7010efc3f9fedb5fef38c0
upgrade/Storage Card/System/Img/M0/Phone/phone_keyboard3_15_btn.bmp,22956,d0f7ea55905061a732e911d5ea646e4502bc81637f6e554441b611f8ccc84fd8
upgrade/Storage Card/System/Img/M0/Phone/phone_keyboard3_16_btn.bmp,22712,274b246e3c187e446be6188bc26e0cdf6ecc426368c3ef8a1daf6b884cec791c
upgrade/Storage Card/System/Img/M0/Phone/phone_keyboard3_17_btn.bmp,22960,8d9bd67307c254ccdc3aa0d1eec5668f3082f84cc3d293cdfb42b234e3c7653c
upgrade/Storage Card/System/Img/M0/Phone/phone_keyboard3_18_btn.bmp,22960,8d9bd67307c254ccdc3aa0d1eec5668f3082f84cc3d293cdfb42b234e3c7653c
upgrade/Storage Card/System/Img/M0/Phone/phone_keyboard3_19_btn.bmp,22960,8d9bd67307c254ccdc3aa0d1eec5668f3082f84cc3d293cdfb42b234e3c7653c
upgrade/Storage Card/System/Img/M0/Phone/phone_keyboard3_1_btn.bmp,23064,806c51db1fd4bd6d2f272d22fee51f5092487050d496deb648b737c4f55ee968
upgrade/Storage Card/System/Img/M0/Phone/phone_keyboard3_20_btn.bmp,22960,8d9bd67307c254ccdc3aa0d1eec5668f3082f84cc3d293cdfb42b234e3c7653c
upgrade/Storage Card/System/Img/M0/Phone/phone_keyboard3_21_btn.bmp,22960,8d9bd67307c254ccdc3aa0d1eec5668f3082f84cc3d293cdfb42b234e3c7653c
upgrade/Storage Card/System/Img/M0/Phone/phone_keyboard3_23_btn.bmp,22960,8d9bd67307c254ccdc3aa0d1eec5668f3082f84cc3d293cdfb42b234e3c7653c
upgrade/Storage Card/System/Img/M0/Phone/phone_keyboard3_24_btn.bmp,22960,8d9bd67307c254ccdc3aa0d1eec5668f3082f84cc3d293cdfb42b234e3c7653c
upgrade/Storage Card/System/Img/M0/Phone/phone_keyboard3_2_btn.bmp,23308,277d9950d54da1576682c71ca4f17e0540997e271fe0746db54277ca3cf09307
upgrade/Storage Card/System/Img/M0/Phone/phone_keyboard3_3_btn.bmp,23064,6df1fa457e1f9fd53b8e5b2325fe35801e9e5f0a35f04e68720f83f48b1e1162
upgrade/Storage Card/System/Img/M0/Phone/phone_keyboard3_4_btn.bmp,23064,cc5e27185291a4f61e5b127eb8bcd64538dadd0d1098627f8ea78d616b97cf12
upgrade/Storage Card/System/Img/M0/Phone/phone_keyboard3_5_btn.bmp,23308,56c30a634678537994bafbb7ff546814651c5835c648d4f5225a31e5cdec51d2
upgrade/Storage Card/System/Img/M0/Phone/phone_keyboard3_6_btn.bmp,23064,e056e72d8db2cc792db0890b885b16015c3a0f3fd6edcb57849200f85906428c
upgrade/Storage Card/System/Img/M0/Phone/phone_keyboard3_7_btn.bmp,22956,6755f27a8b5e3b7815cc38e939e496dc6a2db020e7dd96124d2282b4f780df8e
upgrade/Storage Card/System/Img/M0/Phone/phone_keyboard3_8_btn.bmp,23208,ebacf63e5221b71b406bfce18262337b15c843a47a7010efc3f9fedb5fef38c0
upgrade/Storage Card/System/Img/M0/Phone/phone_keyboard3_9_btn.bmp,23208,ebacf63e5221b71b406bfce18262337b15c843a47a7010efc3f9fedb5fef38c0
upgrade/Storage Card/System/Img/M0/Phone/phone_keyboard_10_btn.bmp,27800,17128d67080fa287fc67ca46a9cf27a3e6999d6c7e2ec39fb74f9bc90f7e7184
upgrade/Storage Card/System/Img/M0/Phone/phone_keyboard_11_btn.bmp,27800,17128d67080fa287fc67ca46a9cf27a3e6999d6c7e2ec39fb74f9bc90f7e7184
upgrade/Storage Card/System/Img/M0/Phone/phone_keyboard_12_btn.bmp,27800,17128d67080fa287fc67ca46a9cf27a3e6999d6c7e2ec39fb74f9bc90f7e7184
upgrade/Storage Card/System/Img/M0/Phone/phone_keyboard_13_btn.bmp,27464,fc1888dd55af2fe6a9548345f6d930e4107442c18fc9fccfc524ada4eb8be897
upgrade/Storage Card/System/Img/M0/Phone/phone_keyboard_14_btn.bmp,27496,083e777c1b2b6bfbbbeebd8058fb5b5c0be850d3220b5ad6a1914627839b3493
upgrade/Storage Card/System/Img/M0/Phone/phone_keyboard_15_btn.bmp,27500,e78a7fbee2f3a2328935c873b83783dec7c9e2ea91eea0388607dadfb43c0713
upgrade/Storage Card/System/Img/M0/Phone/phone_keyboard_16_btn.bmp,27500,e78a7fbee2f3a2328935c873b83783dec7c9e2ea91eea0388607dadfb43c0713
upgrade/Storage Card/System/Img/M0/Phone/phone_keyboard_17_btn.bmp,27500,e78a7fbee2f3a2328935c873b83783dec7c9e2ea91eea0388607dadfb43c0713
upgrade/Storage Card/System/Img/M0/Phone/phone_keyboard_18_btn.bmp,27500,e78a7fbee2f3a2328935c873b83783dec7c9e2ea91eea0388607dadfb43c0713
upgrade/Storage Card/System/Img/M0/Phone/phone_keyboard_19_btn.bmp,27500,e78a7fbee2f3a2328935c873b83783dec7c9e2ea91eea0388607dadfb43c0713
upgrade/Storage Card/System/Img/M0/Phone/phone_keyboard_1_btn.bmp,27808,1b1edae935e4bbccd17bf6c32239c38aa8ee42084899b72c6883f0e715c98f7d
upgrade/Storage Card/System/Img/M0/Phone/phone_keyboard_20_btn.bmp,54364,8e153d0b002033682b19e303bcbc0262bae575efd3336ee89bdfb05478961e2c
upgrade/Storage Card/System/Img/M0/Phone/phone_keyboard_2_btn.bmp,27768,22a816b82f05ea7e65cf31a56177993053f397b424bab25be76522ef6d9bcf0c
upgrade/Storage Card/System/Img/M0/Phone/phone_keyboard_3_btn.bmp,27464,46b95ce6d8fe931c62e6bdd5e8fbfd30b264aeff981ae1a9e11602194a40e219
upgrade/Storage Card/System/Img/M0/Phone/phone_keyboard_4_btn.bmp,27808,456dfa279c35c688e188c62fca2a7ac8e31ed980ff57af5e35737e7ae59d7b83
upgrade/Storage Card/System/Img/M0/Phone/phone_keyboard_5_btn.bmp,27800,17128d67080fa287fc67ca46a9cf27a3e6999d6c7e2ec39fb74f9bc90f7e7184
upgrade/Storage Card/System/Img/M0/Phone/phone_keyboard_6_btn.bmp,27800,17128d67080fa287fc67ca46a9cf27a3e6999d6c7e2ec39fb74f9bc90f7e7184
upgrade/Storage Card/System/Img/M0/Phone/phone_keyboard_7_btn.bmp,27860,a6b4fbbe611e82120c32c6684bd3b243e90b0c638bd96b3fc7099194e4b1113c
upgrade/Storage Card/System/Img/M0/Phone/phone_keyboard_8_btn.bmp,27800,17128d67080fa287fc67ca46a9cf27a3e6999d6c7e2ec39fb74f9bc90f7e7184
upgrade/Storage Card/System/Img/M0/Phone/phone_keyboard_9_btn.bmp,27800,17128d67080fa287fc67ca46a9cf27a3e6999d6c7e2ec39fb74f9bc90f7e7184
upgrade/Storage Card/System/Img/M0/Phone/phone_keyboard_list_press.bmp,172212,c65779b0c41d74ff76220b6795192ae74e380a252a46d876cf780208c7dcb19b
upgrade/Storage Card/System/Img/M0/Phone/phone_keyboard_minipopup2_bg.bmp,7948,84dfefd34b73a465b044900202f5945cadd82c4338bfeda14935ddf9c3638563
upgrade/Storage Card/System/Img/M0/Phone/phone_keyboard_minipopup_bg.bmp,9576,d82447c3bad542876afb2c3bcb5d46ac7902066920b34dd9a57255ae336a5b67
upgrade/Storage Card/System/Img/M0/Phone/phone_keyboard_search_back_btn.bmp,54272,98855d67da185f4e62cc4d43e49fd3a31354f580b2c3d13a7c95ca60d46c8eb9
upgrade/Storage Card/System/Img/M0/Phone/phone_keyboard_search_results_btn.bmp,218188,15f148dda69f687604b157b3fc922a3bcffff562dc66bd073512add643a1b1f5
upgrade/Storage Card/System/Img/M0/Phone/phone_keyboard_search_results_list_down_btn.bmp,109016,da0aea4aa597a66f107cc6d700ff7c2591afd7bd88259d6c42ef1823970043b1
upgrade/Storage Card/System/Img/M0/Phone/phone_keyboard_search_type_bg.bmp,54212,2813e26ceaae39ffcfd6848f0d01df4dc8c435beecdf8348860e5961dd55eac9
upgrade/Storage Card/System/Img/M0/Phone/phone_keyboard_softkey_1_btn.bmp,168716,bba63aafb5e8f37c6c18fc0c6835df27b325fb51d9f781ee479b624427fbd265
upgrade/Storage Card/System/Img/M0/Phone/phone_keyboard_space1_btn.bmp,54060,463f327c2e9744e2940c1ec95b34fe33c091209f3bc123e957b6c8e501c21695
upgrade/Storage Card/System/Img/M0/Phone/phone_keyboard_space2_btn.bmp,161488,ed3c3073fb3f15e20fbc22328b51ce80f97ce41637e0e409d627b6bc0bd9262f
upgrade/Storage Card/System/Img/M0/Phone/phone_keyboard_space3_btn.bmp,67496,a48221d53077394723ea8c6e0a9a9d36e49eb4e85e81a16ba77552d8d87d1961
upgrade/Storage Card/System/Img/M0/Phone/phone_keyboard_space4_btn.bmp,107724,7cdb2b17dfb766eae5d2f2e8bb3b4730e2ae641edad999080d9898e927b3be45
upgrade/Storage Card/System/Img/M0/Phone/phone_keyboard_space5_btn.bmp,53964,6a501fe56d8973900185c26416db67f049dccc47856315308a40bfe775e2ccd1
upgrade/Storage Card/System/Img/M0/Phone/phone_keyboard_space6_btn.bmp,22632,1f3a5b5ec5e9f8680c52bf1261d44048b87236cfb6e40607fc4617244caed84b
upgrade/Storage Card/System/Img/M0/Phone/phone_list_home.bmp,6600,4c54e398d8821d610b8a73215069739dc04f203db2613c2d73b2b41a5711e8cd
upgrade/Storage Card/System/Img/M0/Phone/phone_list_line.bmp,146964,83a914275ef2b57e31c29a29db268bee01f1118de24cfc3333d340034db3f531
upgrade/Storage Card/System/Img/M0/Phone/Phone_list_mobile.bmp,6448,253bc4c7096b8ffac9ab77599290b0844386b5b2795508bcd5f644b49920e9b2
upgrade/Storage Card/System/Img/M0/Phone/phone_list_office.bmp,6228,de67672c02a0e24164c0d0725e4761f4f70ba1b822be0cd253458fd08891a28b
upgrade/Storage Card/System/Img/M0/Phone/phone_list_other.bmp,6676,4c295afc99d910f897b052e8889e5c27e9e46702d3301bda48c455251f984f40
upgrade/Storage Card/System/Img/M0/Phone/phone_list_press.bmp,191644,d809c77903f29e3fc7df04216138555afde917eb7d2913f4ffed375831d9bf2f
upgrade/Storage Card/System/Img/M0/Phone/phone_parting_line.bmp,348,99967f108f0f3b2583f6fc484a3ee19d9b45957368f3b3dd7ec8dd9b3b476801
upgrade/Storage Card/System/Img/M0/Phone/phone_scroll_down_btn.bmp,42144,d007da7c8711afa74f10e3ef9f4a492ed387c59e20a2cbf1dc41dbc5d3ec495e
upgrade/Storage Card/System/Img/M0/Phone/phone_scroll_up_btn.bmp,42100,ac79dc173219785c7c4dc9324ba9c1b68f12d788e63e601e01ffdef4a8ee723d
upgrade/Storage Card/System/Img/M0/Phone/phone_scrollnumber_bg.bmp,5084,00c24ecd16aaaa0821c57c3a572315406b711d3d458ffce04c702f47a09b7174
upgrade/Storage Card/System/Img/M0/Phone/phone_smartphone_siri_btn.bmp,113848,eaaea142cc3b66569d94189d8fd352fa2f0687cb3d6d07a62f3170145a4754f2
upgrade/Storage Card/System/Img/M0/Phone/phone_softkey_1_btn.bmp,168816,c93de0efb8b6894d61169f4463594476b4f3d1b7851265206af6864b88a9a458
upgrade/Storage Card/System/Img/M0/Phone/phone_softkey_all_btn.bmp,42900,4c9497e8dd4b15b763d87e4fd85a51e162c3c32180f5679b10c31717d0a7725b
upgrade/Storage Card/System/Img/M0/Phone/phone_softkey_back_btn.bmp,26868,bbf190ac5c6a848449807eab7caf131e476bb5bb196df4f7c0d4dbb27d95a5ae
upgrade/Storage Card/System/Img/M0/Phone/phone_softkey_carspeaker_btn.bmp,42756,1d42ce297cfdf270b8f43762b8a31a1014cde9aa7b73fff654ab97ace1b6b165
upgrade/Storage Card/System/Img/M0/Phone/phone_softkey_carspeaker_dacia_btn.bmp,42900,c2343e8c75746c1502c8fbeca5a8b8faa745df89b7da771151ae14e99440f2d4
upgrade/Storage Card/System/Img/M0/Phone/phone_softkey_carspeaker_nobrand_btn.bmp,42756,1d42ce297cfdf270b8f43762b8a31a1014cde9aa7b73fff654ab97ace1b6b165
upgrade/Storage Card/System/Img/M0/Phone/phone_softkey_carspeaker_renault_btn.bmp,42904,dada6cff98105ac57ba52f61b7fe519082c0165603904543ec77d0926237d72b
upgrade/Storage Card/System/Img/M0/Phone/phone_softkey_home_btn.bmp,26708,3fbfba0ff15316bfee5c03f30e7a25183a0b48446e71ae996479fff77ea34413
upgrade/Storage Card/System/Img/M0/Phone/phone_softkey_incoming_btn.bmp,42764,28ea7c0f8f7600218da1ccb56036483aaad8a7d6669a583888da7dcfb539f32a
upgrade/Storage Card/System/Img/M0/Phone/phone_softkey_micoff_btn.bmp,42672,45f9efbc48f033c1a806f5c3032123c3d4635d6af0d182565bc506383bd268f5
upgrade/Storage Card/System/Img/M0/Phone/phone_softkey_micon_btn.bmp,42576,6b08126f4501ef7624c11cc8a34158ac3e49ba0561ca9e21c2988067f892e2f6
upgrade/Storage Card/System/Img/M0/Phone/phone_softkey_missed_btn.bmp,42776,e88e3e8f390219853891e118a45e689c86d75487ab0f2b0cc9314fefbfbf5de4
upgrade/Storage Card/System/Img/M0/Phone/phone_softkey_missed_num_bg.bmp,5548,5e790567ffad4495a9d13a2a7789950b16fece3999a580a2b8ea6ef3d4ae4bcb
upgrade/Storage Card/System/Img/M0/Phone/phone_softkey_navi_btn.bmp,26840,93a25d6e144e246274a9d5c67fe5a8347170bb828f944329701ef1fa9904dee5
upgrade/Storage Card/System/Img/M0/Phone/phone_softkey_outgoing_btn.bmp,42728,4d37a97572e24c8361ce2e8af300b7124b1572643a1c762474c3e1f54dbaf97b
upgrade/Storage Card/System/Img/M0/Phone/phone_softkey_phonespeaker_btn.bmp,42552,dad71b719474d445419d49ff2fa8c55e56698b872df24a72e878beafe33b65c1
upgrade/Storage Card/System/Img/M0/Phone/phonebook_list_line.bmp,88500,b47b781fbd309d1c5b9999852ff6217bcf2bae9e0ad51b9e3985a445af6ede05
upgrade/Storage Card/System/Img/M0/Phone/phonebook_list_scroll_down_btn.bmp,32800,6aba8e6a0edd1a51382872baf89b17765b80654fc81e4a573fd3b719576c3710
upgrade/Storage Card/System/Img/M0/Phone/phonebook_list_scroll_up_btn.bmp,32788,7730879943daf2f9fb004f505dbcb7d79b8d60b062c58fc767b8b72a8fb502f5
upgrade/Storage Card/System/Img/M0/popup/popup_confirm2_btn.bmp,55916,bcb6cbc69b0b26678cd863e0596f579b42b9a319794a2adde84ae60484bfc3b0
upgrade/Storage Card/System/Img/M0/popup/popup_confirm_btn.bmp,63836,751e11638f33f0c67630c03d1efe14bdf294df3bb71db073ef5bfb894d5f71d6
upgrade/Storage Card/System/Img/M0/popup/popup_list2_bg.bmp,49832,e2c1f5678c3cb3e12ca65e87d0ce864d5847de9b88e5b407697be4bd0665aa86
upgrade/Storage Card/System/Img/M0/popup/popup_list2_btn.bmp,155432,0322da61b57cb8abf47a1910df9ef9281ee060104110478dd82fe7f87add22e6
upgrade/Storage Card/System/Img/M0/popup/popup_list3_bg.bmp,179460,793ad20f5f38628cf6c0983f12291daa5d602fdc241e8cc47e68c5b3bd234d2a
upgrade/Storage Card/System/Img/M0/popup/popup_list4_bg.bmp,230980,eb10a9cd853ff841bc9d361a3046b0f6dd3764beaa7f5a13aa31b5897f34cb84
upgrade/Storage Card/System/Img/M0/popup/popup_list_bg.bmp,231044,7606bd613a708b9937975b064eb284b67b8993dd949114f196532ebccda11459
upgrade/Storage Card/System/Img/M0/popup/Popup_list_home.bmp,6992,0c760e6853f242b8a71cb33d2f4453d56ee80eee47e7f9d01352b4d937ac46e5
upgrade/Storage Card/System/Img/M0/popup/Popup_list_mobile.bmp,6952,f82f96e14286ba277fbe7d3c30dbc46e0885c78303d8964a1b66c8c0bd524279
upgrade/Storage Card/System/Img/M0/popup/Popup_list_office.bmp,6684,b55e5611072e82231ce58d2ffdb06dc60888fce7479867fd3e13c3be5622b005
upgrade/Storage Card/System/Img/M0/popup/popup_list_other.bmp,6956,f120f37fec60f36f0fe66f56728b24f8549399e235a32c02902fcb04df2cd7e9
upgrade/Storage Card/System/Img/M0/popup/popup_list_press.bmp,143648,07e995e8182bd27ff5d181bd3bc579afb7a7f95fcbdbe1d6c17c838fc1a3482c
upgrade/Storage Card/System/Img/M0/popup/Popup_list_scroll2_down.bmp,38456,211add831d82433ad780df223dab1a86bd38390eebfd56e04b58a8787a9a35b9
upgrade/Storage Card/System/Img/M0/popup/Popup_list_scroll2_up.bmp,38480,57932b15f6957ce42e6630bd1f8330b91f5d6cf761368fe5cebfe73c6d9433cf
upgrade/Storage Card/System/Img/M0/popup/Popup_list_scroll_down.bmp,29516,b2254d9ab62a250f86194a9ffc119d67960a1a82493974f0a46febe6fb98124e
upgrade/Storage Card/System/Img/M0/popup/Popup_list_scroll_up.bmp,29532,8cb988178714552dfa99deac2d5878c417aa42296fdf63c5b095ad13407ccaf9
upgrade/Storage Card/System/Img/M0/popup/popup_update_gage.bmp,1420,ec8722bbb183d7abb8bd0da520b18afbe00f26e846737a04ec4522483a7c6a5f
upgrade/Storage Card/System/Img/M0/rvc/camera_brightness_icon.bmp,1876,b8706fed7e32bef0da3415d23bf29c62523ae0679fea36962da6f6f18a5f4ae5
upgrade/Storage Card/System/Img/M0/rvc/camera_btn_bg.bmp,96064,c7eb9c4637e43b0d85f60a6cd7014caa2db01c305de789cc0264aef839418791
upgrade/Storage Card/System/Img/M0/rvc/camera_contrast_icon.bmp,1464,1eb400821e398eab4edef4568a29aa3e6aae3b03164031d2950d506a7d4c13b1
upgrade/Storage Card/System/Img/M0/rvc/camera_display_bar.bmp,564,22deadf1a3e8587eda9c2823647a5ecd9d23ffc868ae6fd8d1818d2a9648f230
upgrade/Storage Card/System/Img/M0/rvc/camera_dot.bmp,160,3b66d5b0d48913faeeb2e8fdd196a5e1b405b41cc2406304338b18146aeb084a
upgrade/Storage Card/System/Img/M0/rvc/camera_guideline.bmp,152036,c3186c79f368165a7d61b676b305fd82a5ab803c7eae1af8322a86a46522d2c2
upgrade/Storage Card/System/Img/M0/rvc/camera_icon.bmp,1372,2bc4e3f6a7610f58387b614d835758f4eb52a91d703730dd89fe80c9480421b7
upgrade/Storage Card/System/Img/M0/rvc/camera_left_btn.bmp,25964,60d5acc0491df00dea98ee2d5362ac8db21b53b61968a318472d6c288f065295
upgrade/Storage Card/System/Img/M0/rvc/camera_minus_btn.bmp,24420,6609b3d0dfa858191556cbc691b05d44fbc85a88bb0d9b8865050b0e64c10cea
upgrade/Storage Card/System/Img/M0/rvc/camera_plus_btn.bmp,24604,9c8dbb28d645ad527cac61e8ebfdfb512f3c738d1b8f61a573ffb926848c7a75
upgrade/Storage Card/System/Img/M0/rvc/camera_right_btn.bmp,25408,17a48288242398137e0b5d7a65e29868e6debf36ab7a9b34bcc90e82a51b5633
upgrade/Storage Card/System/Img/M0/rvc/camera_text_bg.bmp,36304,1242f6e8437d19698b5e64fe6b12e1587b6e97a3d330f45e48037fb0cabee3f4
upgrade/Storage Card/System/Img/M0/rvc/setting_line.bmp,780,4d1f0ef9d03aaf8973da5f12f4e0bbfae7865c01137481af94f76e26a7afd91d
upgrade/Storage Card/System/Img/M0/setting/res_caution_icon.bmp,1956,1ab4c539bc53ca5caa7e7e581b28959120bdbc63c3dfeb31cff65942168f1029
upgrade/Storage Card/System/Img/M0/setting/res_setting_2_btn.bmp,54616,0740980da4654062f4fc3af5c529664a02813f0ea1021e7756250fbf0dfba466
upgrade/Storage Card/System/Img/M0/setting/res_timeset_down_btn.bmp,43348,1264903e967802c0e8db96cd384e52ea6aae81baaf1f983729fbd38be62f79c0
upgrade/Storage Card/System/Img/M0/setting/res_timeset_up_btn.bmp,43340,3d008c74e0925482d377815e30fccf23efd596156ef627d55aeb2de8b47efda8
upgrade/Storage Card/System/Img/M0/setting/setting_1_left_btn.bmp,27552,530b5b8f2d5615a5499cad38f2ff71bb9857d8d3f5c21c3af9ea4b019df4f852
upgrade/Storage Card/System/Img/M0/setting/setting_1_middle_btn.bmp,27492,f61e001f9d648a6f662148df89f0fc2d330a5752ef39ee6d1a733063401bed18
upgrade/Storage Card/System/Img/M0/setting/setting_1_right_btn.bmp,27556,2c1286bb5df4606a7e42057882f59ccde7c8c5409177868947e71b4bb3f19e64
upgrade/Storage Card/System/Img/M0/setting/setting_2_left_btn.bmp,18984,5d8efaab4d64c0d97dcc202ebdfe24c189200d0e942f268e36c8cddb8c20841c
upgrade/Storage Card/System/Img/M0/setting/setting_2_middle_btn.bmp,18916,a1464b8db014d8c95e567d8f6502aa6d9d27e59fbf0920a43f30513be6afb2b0
upgrade/Storage Card/System/Img/M0/setting/setting_2_right_btn.bmp,18988,daf01c766a5f8552d80ad41beb3bf737f6b12b3bb36f7b418e49d2db3c849e0f
upgrade/Storage Card/System/Img/M0/setting/setting_changekey_ number_1.bmp,48288,b38eb8667579f52b0f1d88411293589e241059d6d7c403e9c02c583fd0c23064
upgrade/Storage Card/System/Img/M0/setting/setting_changekey_ number_2.bmp,97124,8aea53bac52aabcd8309c9b675ae0d1dc32788d2850b82087d572e8b6970e299
upgrade/Storage Card/System/Img/M0/setting/setting_changekey_ number_3.bmp,48292,e524bf6763115d50d3d1da57372eecfc2a57bcaadd017f9f839cb7aa7b0ee92f
upgrade/Storage Card/System/Img/M0/setting/setting_changekey_ number_4.bmp,48252,f56b80257329bfb459d998cc32abadb03f5467714c401ef089cad1b01001f2e3
upgrade/Storage Card/System/Img/M0/setting/setting_changekey_ number_5.bmp,48236,a7598b91fef53f40a6809bc6d1288a422b395b27f3c1f68ba8687e7e1963428c
upgrade/Storage Card/System/Img/M0/setting/setting_changekey_ number_6.bmp,48236,a7598b91fef53f40a6809bc6d1288a422b395b27f3c1f68ba8687e7e1963428c
upgrade/Storage Card/System/Img/M0/setting/setting_changekey_ number_7.bmp,48236,a7598b91fef53f40a6809bc6d1288a422b395b27f3c1f68ba8687e7e1963428c
upgrade/Storage Card/System/Img/M0/setting/setting_changekey_ number_8.bmp,48260,325a979889face307e0f2213d347674dedf6d763dd6bc8d204f7c57250795f06
upgrade/Storage Card/System/Img/M0/setting/setting_checkbox.bmp,7548,4e75d08bea7a347c7dd67fd9a4a4126079b146dbe5840b6a82054d22e5344f7d
upgrade/Storage Card/System/Img/M0/setting/setting_delete_btn.bmp,27756,b3f3570f49d15d43004c1f1bc950a3ac115fbc9d8d934a0b9bf67a44d9f273fd
upgrade/Storage Card/System/Img/M0/setting/setting_direction_center_btn.bmp,16672,0a41e82b3f21b3281244778b3bcfa0d9cec0882d39bd5f6c938a0b7887c23524
upgrade/Storage Card/System/Img/M0/setting/setting_direction_center_image.bmp,42884,8e63e7e787f3c5be3c12f1c8275f275223cb7a878d2b32ce615f25a2b38ca38a
upgrade/Storage Card/System/Img/M0/setting/setting_direction_down_btn.bmp,16340,7d8d4cf1557ac8c575bfddcfefec051fac050023cf57b35a0340e2495489133b
upgrade/Storage Card/System/Img/M0/setting/setting_direction_image.bmp,82648,8ce4d4d37385e87678cc840a7c9180e17f727b6e2e865fead277131f1e3b53ce
upgrade/Storage Card/System/Img/M0/setting/setting_direction_left_btn.bmp,16412,7de4a271b84abece55acee3bb81f78b9965e6f3fd9fefc90b69c14d7f974069c
upgrade/Storage Card/System/Img/M0/setting/setting_direction_point.bmp,1140,549fc5630e6d79818f601e8a3957bed33f84d21d6214a8ba051f5e02d7b968e3
upgrade/Storage Card/System/Img/M0/setting/setting_direction_right_btn.bmp,16380,aa75a2ebddf773fbd43f09a140d567c5e13be64e5044e153e5f9be8b116d6b37
upgrade/Storage Card/System/Img/M0/setting/setting_direction_up_btn.bmp,16348,1f1d248dd2106a75e2a66fe7b001abb5dba6380c4e4fdf0d0c9f9660896f5221
upgrade/Storage Card/System/Img/M0/setting/setting_dot.bmp,140,b6855fbbc4fcf86af3c6777075264966a43ef36c9440438569a7112eec4658d0
upgrade/Storage Card/System/Img/M0/setting/setting_indi_line.bmp,81808,9bd225154526dd09593b51f640085f7fc5c3bdd06e78a2826c0f6bb9d096e8fd
upgrade/Storage Card/System/Img/M0/setting/setting_list_icon_mobile.bmp,5592,c7bd60f3db2581c26adf74072e8a46ec96fee8de8e3c6ea2c5b9b2a2e098de87
upgrade/Storage Card/System/Img/M0/setting/setting_list_icon_music.bmp,5932,d88d0f59235ad580c7bdad0fa40f19086af90f26b368423ad7f06f3848d8f03f
upgrade/Storage Card/System/Img/M0/setting/setting_list_icon_smartphone.bmp,7104,dbce65a8bd6a5612298f92848739093bc81a653b05236ce3afd63d3039326329
upgrade/Storage Card/System/Img/M0/setting/setting_list_line.bmp,146956,9697cbf87f706fd17c299be1ecaab127ea1e2aa845c28e7b32ad5ead23da8deb
upgrade/Storage Card/System/Img/M0/setting/setting_list_press.bmp,191636,51b32994fef03c0f63c1f942b3767a2028a42350dc997a7945e3f0cead82e9d2
upgrade/Storage Card/System/Img/M0/setting/setting_list_siri_icon.bmp,5080,37f569163e695a62a551e6ef97265d72fba0b322c71731f50a5ba5a8b2547ce8
upgrade/Storage Card/System/Img/M0/setting/setting_osl_info_btn.bmp,25928,e9014f7575091c644d21ec7a45e9ede63fe6a3f31f964c5fa194f79875d6e7e6
upgrade/Storage Card/System/Img/M0/setting/setting_parting_line.bmp,348,fddac53003a4020804acd4c59dee5e34c8a007de0fe49898779cea83ec96de67
upgrade/Storage Card/System/Img/M0/setting/setting_scroll_down_btn.bmp,42048,a74488f83b358a1079746d0e86ee5e576d6535a370a0c2f78c4086ac073b9f6d
upgrade/Storage Card/System/Img/M0/setting/setting_scroll_up_btn.bmp,42064,4155c4309a82ded1e7fbc738ecdf2c805f1adac55aefd21ce6eec08890842927
upgrade/Storage Card/System/Img/M0/setting/setting_scrollnumber_bg.bmp,5076,f5c9dc193472f9124c98a691cf7c33c46b6cc6186f9215ae86ef18f36123bfc5
upgrade/Storage Card/System/Img/M0/setting/setting_softkey_1_btn.bmp,168712,2ab4ce9d669228c8809e09fd0179bd56209bb467754ffc5449205f63b4c76ccd
upgrade/Storage Card/System/Img/M0/setting/setting_softkey_4_1_btn.bmp,42096,bbfdfcd3e5b73e92c7dfc53db749e4f5b74183586b35131ee79130f56dc67ade
upgrade/Storage Card/System/Img/M0/setting/setting_softkey_4_2_btn.bmp,42096,bbfdfcd3e5b73e92c7dfc53db749e4f5b74183586b35131ee79130f56dc67ade
upgrade/Storage Card/System/Img/M0/setting/setting_softkey_4_3_btn.bmp,42096,bbfdfcd3e5b73e92c7dfc53db749e4f5b74183586b35131ee79130f56dc67ade
upgrade/Storage Card/System/Img/M0/setting/setting_softkey_4_4_btn.bmp,42096,bbfdfcd3e5b73e92c7dfc53db749e4f5b74183586b35131ee79130f56dc67ade
upgrade/Storage Card/System/Img/M0/setting/setting_softkey_back_btn.bmp,26832,c7b59e2becf2f94d5a10b8543feed79686ac74d81335f2316017cd3e28dd6d6c
upgrade/Storage Card/System/Img/M0/setting/setting_softkey_home_btn.bmp,26676,02a7eae38900f4934f26f3f1fe79fdd2654830a8bb091ccc662f202d5c05b2c4
upgrade/Storage Card/System/Img/M0/setting/setting_softkey_navi_btn.bmp,26968,11b66e406c01f39bf13f6a5e66c3833375d32befa2022e250df3ed8ca7df9050
upgrade/Storage Card/System/Img/M0/setting/setting_sound_audio_icon.bmp,3352,de44c99fe3571568026b7a85f7ed11dc0dd96d99c8ecd079f06ac3b2a0dacd65
upgrade/Storage Card/System/Img/M0/setting/setting_sound_bar_bg.bmp,15148,7427db8d1cdde973344bac44f3af1a513cd2cb5f8840b97074d4ab1a3f7f2b18
upgrade/Storage Card/System/Img/M0/setting/setting_sound_bar_f.bmp,1336,bb05f63bc30f711df3a864fbe984794f222e09b71fbf2eff2e75ce22560ec7f6
upgrade/Storage Card/System/Img/M0/setting/setting_sound_minus_btn.bmp,26136,1ea40167f060bf349671e7b1aeb2596ccf4dfad718978718cedbe28fd5d18379
upgrade/Storage Card/System/Img/M0/setting/setting_sound_navi_icon.bmp,3280,392ac20451cc57b70d12e946e8896654f77ef16d62c33e38ec7261c6c3af2b32
upgrade/Storage Card/System/Img/M0/setting/setting_sound_plus_btn.bmp,26220,171430c6dc270dee871a4b8a9b1128d53325c9bb4e611e2de1acb021826e4976
upgrade/Storage Card/System/Img/M0/setting/setting_sound_ring_icon.bmp,3544,f41cf46fbaea95d02d7a768c814574df241c3a818a52dc60189b6fcf72fe8a50
upgrade/Storage Card/System/Img/M0/setting/setting_sound_ta_icon.bmp,3600,0ae5169f6752ccf1a9a7238dce21e3cac967c7ce3b5526fd8e37ae2bb31f7f17
upgrade/Storage Card/System/Img/M0/setting/setting_sound_tel_icon.bmp,3468,227d564142f3ca9c016f1230bf737a8f58d4b6cee54fb934c2331d28b91345f9
upgrade/Storage Card/System/Img/M0/setting/setting_spvr_help1_dacia_img.bmp,62932,67d94fc0071e67e41cbc6fb1457a32fa5db56f93af49a7832cb2a31fcbcc9a03
upgrade/Storage Card/System/Img/M0/setting/setting_spvr_help1_nobrand_img.bmp,62896,e5648e99162cda97c3f872a9fa5313e86b6d4e6cd1570f7a588572dda2d74fd4
upgrade/Storage Card/System/Img/M0/setting/setting_spvr_help1_renault_img.bmp,62612,995c39af2944c5c62a01b429bbecefc5d3b8d3ec69a2ac9a29a44d28ba370cdb
upgrade/Storage Card/System/Img/M0/setting/setting_spvr_help2_1_img.bmp,62848,6d13038dea884d9b39eb896af4b052b9b74f5b63fe436d7f4cdab87f1ff81992
upgrade/Storage Card/System/Img/M0/setting/setting_spvr_help2_2_img.bmp,62832,250f8ec63617439d8df8ebd4e35719e7778e63f029d18ea33c77ea6d8f4ce2c8
upgrade/Storage Card/System/Img/M0/setting/setting_spvr_help3_img.bmp,62928,e07922dbafcad68b034da8b6988b80b4658aa197e7de4f8b581d02c793b72b6b
upgrade/Storage Card/System/Img/M0/setting/setting_spvr_help4_img.bmp,63116,23c543789963bfe4755eb58908f48caa02c3da5c74bfc7064094b20f1fb7cbb9
upgrade/Storage Card/System/Img/M0/setting/setting_spvr_help5_img.bmp,62352,178f51d5003794a315c816d20f486bc5c6bee3b7ee5a1af8594a37cd602917d2
upgrade/Storage Card/System/Img/M0/setting/setting_spvr_siri_help_icon.bmp,2104,88dd521942d4dd99cef560e87fdf2249c517f10595f943933440d52799823c8c
upgrade/Storage Card/System/Img/M0/setting/setting_surround_bar_bg.bmp,10436,081d3280872183c3bb0205cc99b222c94cd0e480abf57bc103084346771d2e59
upgrade/Storage Card/System/Img/M0/setting/setting_surround_bar_f.bmp,1100,036f3e07d2d186f0e0501832146e429edd9974b36cee95a8672e9f23da7378b9
upgrade/Storage Card/System/Img/M0/setting/setting_surround_center_btn.bmp,16884,7ba90d82bd4629426bf628bf7a6385a724ba783d32d62d182cbe919b19328a39
upgrade/Storage Card/System/Img/M0/setting/setting_surround_left_btn.bmp,17148,16d7fe54647e84ee8c0133aaae5d07fb219b74da01e0940427745fce2d848b13
upgrade/Storage Card/System/Img/M0/setting/setting_surround_right_btn.bmp,17144,ba28e0e4e46bbdba80eab5b7141a4f9f799a5c134cc4b123983a2cf08226e906
upgrade/Storage Card/System/Img/M0/setting/setting_tem_c_btn.bmp,27896,65693ce9ee7b123408c43d0c1bea777fee6bf7206fbb177d58d7332ffa2e17e4
upgrade/Storage Card/System/Img/M0/setting/setting_tem_f_btn.bmp,27808,29e2d6628ad1e1223336e3b016d3fb51d10398dd62bf872d51d967cb94b5750f
upgrade/Storage Card/System/Img/M0/setting/setting_timesetting_2_left_btn.bmp,32920,ec92580175aee2af1830fae8c9e2d7b6b18b319c865e0db4ed2d9e18f8045104
upgrade/Storage Card/System/Img/M0/setting/setting_timesetting_2_right_btn.bmp,32924,71ee0d76587596db4a774a37d5087ba71d9cc1896b0995c4e1dfa72c37108b76
upgrade/Storage Card/System/Img/M0/setting/setting_timesetting_btn.bmp,54884,360b1b1de9739fb5d4b153a62ab9f9ad95018df900abcf6aff6f9156f33ede0e
upgrade/Storage Card/System/Img/M0/setting/setting_timesetting_down_btn.bmp,27764,cd137fd0d4e82c0f9911da5866323f7e94f7464ae97eea64f6a677c9b36b9d7e
upgrade/Storage Card/System/Img/M0/setting/setting_timesetting_up_btn.bmp,27740,50bbef3d4ebaa18c583de12e4c114b25e184b40968293cc26b0c541336262985
upgrade/Storage Card/System/Img/M0/setting/sound_setting_btn.bmp,27860,bd50f317c85d0b8952a8af896b63e2804b38e54a8b9843e056b8f1a4e79b5881
upgrade/Storage Card/System/Img/M1/common/common_indi_aha_antenna_icon.bmp,2880,c532988e2b470f28f93910b4a178da786b5fe885f0073e801df3eb8dc5e95581
upgrade/Storage Card/System/Img/M1/common/common_indi_aha_antenna_icon_dark.bmp,2880,c532988e2b470f28f93910b4a178da786b5fe885f0073e801df3eb8dc5e95581
upgrade/Storage Card/System/Img/M1/common/common_indi_antenna_icon.bmp,4108,731c4b21876e60615e6aacfb46de738904db182915b8a77219be41f402e3cba9
upgrade/Storage Card/System/Img/M1/common/common_indi_antenna_icon_dark.bmp,4108,731c4b21876e60615e6aacfb46de738904db182915b8a77219be41f402e3cba9
upgrade/Storage Card/System/Img/M1/common/common_indi_battery_icon.bmp,2764,06106a06160506e561789fa07ad40511c730753dae3e15b10c6df12eb0de25a1
upgrade/Storage Card/System/Img/M1/common/common_indi_battery_icon_dark.bmp,2764,06106a06160506e561789fa07ad40511c730753dae3e15b10c6df12eb0de25a1
upgrade/Storage Card/System/Img/M1/common/common_indi_clock_am_icon.bmp,1440,83077db156507e7a84906b731ae0cf3a89baa9260d6163440756375b4abf192f
upgrade/Storage Card/System/Img/M1/common/common_indi_clock_am_icon_dark.bmp,1440,83077db156507e7a84906b731ae0cf3a89baa9260d6163440756375b4abf192f
upgrade/Storage Card/System/Img/M1/common/common_indi_clock_number_img.bmp,6816,4ff47dceb296678eccf8b585450d0a6ecd91d22718a85d69da09a0cb7744d2b0
upgrade/Storage Card/System/Img/M1/common/common_indi_clock_number_img_dark.bmp,6816,4ff47dceb296678eccf8b585450d0a6ecd91d22718a85d69da09a0cb7744d2b0
upgrade/Storage Card/System/Img/M1/common/common_indi_clock_pm_icon.bmp,1440,055ca284c0e58accc4aa5fb29ca98d849fff26442485f94d54383cc92275cb70
upgrade/Storage Card/System/Img/M1/common/common_indi_clock_pm_icon_dark.bmp,1440,055ca284c0e58accc4aa5fb29ca98d849fff26442485f94d54383cc92275cb70
upgrade/Storage Card/System/Img/M1/common/common_indi_line.bmp,63480,ae3b0c74213679983b294f810eaaa44e8bcf5e7ccea62706d1b9053cf6b3e519
upgrade/Storage Card/System/Img/M1/common/common_indi_semicolon_img.bmp,500,29b0003b7c1a3ef6f5d5799e2e665f6518d0bee3af46dc6e9e691291e7db035b
upgrade/Storage Card/System/Img/M1/common/common_indi_semicolon_img_dark.bmp,500,29b0003b7c1a3ef6f5d5799e2e665f6518d0bee3af46dc6e9e691291e7db035b
upgrade/Storage Card/System/Img/M1/common/common_indi_set time_icon.bmp,1608,cbadc88b60929a3298114ab937ce597d8d0e210a129647509410cdd16a7f87fc
upgrade/Storage Card/System/Img/M1/common/common_indi_set time_icon_dark.bmp,1608,cbadc88b60929a3298114ab937ce597d8d0e210a129647509410cdd16a7f87fc
upgrade/Storage Card/System/Img/M1/common/common_indi_temp_c_icon.bmp,1380,c0bb0f03eba255b60103d766d0d1acaca2a6980d9aaa5df94e264b85818fde7a
upgrade/Storage Card/System/Img/M1/common/common_indi_temp_c_icon_dark.bmp,1380,c0bb0f03eba255b60103d766d0d1acaca2a6980d9aaa5df94e264b85818fde7a
upgrade/Storage Card/System/Img/M1/common/common_indi_temp_f_icon.bmp,1380,d01f944946873672b57be76fbe75f3fe4e3046088e5e98ebb190fac471a3d157
upgrade/Storage Card/System/Img/M1/common/common_indi_temp_f_icon_dark.bmp,1380,d01f944946873672b57be76fbe75f3fe4e3046088e5e98ebb190fac471a3d157
upgrade/Storage Card/System/Img/M1/common/common_indi_temp_number_img.bmp,3876,6036621f832be0760fb383e80c9545eedba0d74fdeba053db2d762f3dde30ac6
upgrade/Storage Card/System/Img/M1/common/common_indi_temp_number_img_dark.bmp,3876,6036621f832be0760fb383e80c9545eedba0d74fdeba053db2d762f3dde30ac6
upgrade/Storage Card/System/Img/M1/common/common_pull_down_icon.bmp,736,61e4910cda80ee50d83fa05480a145edcfdb264a88a611c8029d253091b9ee19
upgrade/Storage Card/System/Img/M1/common/common_pull_up_icon.bmp,744,53de2e29602e56cb8de8440d4e1c158093fbfc6074cf4ac5a1bec4dcf5c9c301
upgrade/Storage Card/System/Img/M1/common/eco_bg.bmp,384432,af7ad2b6a59e944a8c106bfa2e59cd89d257e98cc974ef016b7466a2fca334fd
upgrade/Storage Card/System/Img/M1/common/etc_bg.bmp,384244,045220df1cd12ca12a8b523460d54ee00896d55ec80af80e8d67ed38f0ccc47c
upgrade/Storage Card/System/Img/M1/common/fmradio_bg.bmp,384820,532700020d83a188e094f57d161d6ff48dfec46bd1af88c399263705464d083b
upgrade/Storage Card/System/Img/M1/common/home_bg.bmp,384244,3db61de2d8b637170b02eb33dfaca4f3c755d2106fd9257d2c28c6737b507cfa
upgrade/Storage Card/System/Img/M1/common/media_bg.bmp,384572,fa6699fff6b1885be412b8f694fdb6caa2fa02ac1da6e637444ddece217068c4
upgrade/Storage Card/System/Img/M1/common/phone_bg.bmp,385080,be890ae863212b278871a65d8ddb41ac4167cab804525fbde9f6f7319282b320
upgrade/Storage Card/System/Img/M1/common/setting_bg.bmp,384628,fa283c3dca4d4dca7e268d0859b91451a1a073b2e79fcc81d6cc49aefb17d994
upgrade/Storage Card/System/Img/M1/eco/eco_arrow_left_btn.bmp,70272,eaa0d447f84f7dd01aef1491181fc22188addf029619df6a6a581a0d27578ddf
upgrade/Storage Card/System/Img/M1/eco/eco_arrow_right_btn.bmp,70272,b68aa31b5f912651a7d73ead594e1990db2a841a95392be4b2785db8046387c7
upgrade/Storage Card/System/Img/M1/eco/eco_coaching_acceleration_img.bmp,14000,b5a54d29984577f1b5c2c17bf4b1bcd30ef054f08ca4f2a083701ad79f58b3c6
upgrade/Storage Card/System/Img/M1/eco/eco_coaching_anticipation_img.bmp,14016,59a15961506aa4aab873b50208bffc7823bfb06e7b4ca67238fb64ade1a9f032
upgrade/Storage Card/System/Img/M1/eco/eco_coaching_gearshift_img.bmp,13936,642d0f1f988ff88ce4c2168a81067d0496457a4627bf334aadaa04eb77e33681
upgrade/Storage Card/System/Img/M1/eco/eco_coaching_general_img.bmp,14536,3036067ce20ef1749951411a0e2dabc0121f4e9741a3e73c1a9419bda463aa0d
upgrade/Storage Card/System/Img/M1/eco/eco_coaching_star_icon.bmp,2240,8f4b5d2d329775bc21f1b1b65a5f95ef13cb7431ae8bc3a5db814bdc23bc1854
upgrade/Storage Card/System/Img/M1/eco/eco_dot.bmp,152,85202d09030a750914bd5962b6f01189865c9ebbe867d1b959a3b5d83f7bfa4a
upgrade/Storage Card/System/Img/M1/eco/eco_indi_ine.bmp,82128,5de2a5da6449717051a9e40887c0a76c9fd2d6c1c6ce0d1f3bc1ca56697b03ab
upgrade/Storage Card/System/Img/M1/eco/eco_pagenumber_icon.bmp,1416,14d87bcbd475f13baec8db18ba536a4068771f9d5764162aa3bdefecea6cdf88
upgrade/Storage Card/System/Img/M1/eco/eco_parting_line.bmp,356,56314e4355c7eb467e79f49621925f0a64a936cc53f7b8c6765f4da5ea6b5e18
upgrade/Storage Card/System/Img/M1/eco/eco_reset_btn.bmp,49220,0704d0979ac58270e187db6832415c8f9e6e0bd36ba33ce4a5deaf4417dd7282
upgrade/Storage Card/System/Img/M1/eco/eco_scoring_img.bmp,416920,0e9d4c5b8b5c02471379946100479dee3075a0f0038710208deb000f8cc71c12
upgrade/Storage Card/System/Img/M1/eco/eco_scoring_star_img.bmp,4124,9cff7f19d1ef3bbdad49e3a7097d72d5a9f937625560c12419d504a504089e9c
upgrade/Storage Card/System/Img/M1/eco/eco_softkey_3_1_btn.bmp,57200,ce408b88e348fd8f6da47ce4457ddb2626fbeddef93bf1f7e5b0b0b2e2097c60
upgrade/Storage Card/System/Img/M1/eco/eco_softkey_3_2_btn.bmp,57200,c3a0a5d4f6b0bfceefcaefdc4860539b79f8a8d5b11872c01220844971db8070
upgrade/Storage Card/System/Img/M1/eco/eco_softkey_3_3_btn.bmp,56956,a54908e91e35a48ef7e85ec51e9f948c8633f6c3fd9fa04ebbaad324ec232e7a
upgrade/Storage Card/System/Img/M1/eco/eco_softkey_home_btn.bmp,27204,b87e732b2d043784f9e29223fe97c4158f221db22d619f634463fa9617198c91
upgrade/Storage Card/System/Img/M1/eco/eco_trip report_bracket_close.bmp,1020,1f9ed9d73df741050ab4791e663a370a5a2afc9cd70945c3bcb29701b8da4ea9
upgrade/Storage Card/System/Img/M1/eco/eco_trip report_bracket_open.bmp,1016,0bdfee82c491720a83094404c59c58fcd7daa0df4453681670ecfe2d339260ad
upgrade/Storage Card/System/Img/M1/eco/eco_trip report_car_img.bmp,4824,8149f3eff380c30354277d05070735bc1436ffa8c9963b2c22c834784a48d0b1
upgrade/Storage Card/System/Img/M1/eco/eco_trip report_slash.bmp,1088,cf71eefece6229fb89a8e6c9ff6fac073ea91447b499fcd5652fa144ef693ea6
upgrade/Storage Card/System/Img/M1/eco/HAVC/eco_blower_icon.bmp,2536,e29c7b9f6a37d8dbaf91f23da798f6ebf711b5b78e02cc554be7e9d7a7fa475b
upgrade/Storage Card/System/Img/M1/eco/HAVC/eco_blower_statusbar.bmp,5596,23c6c6cb8b2ac3875887a83120b8624e26d60f8ab7faa57aef8e5c525564bed1
upgrade/Storage Card/System/Img/M1/eco/HAVC/eco_clearness_icon.bmp,2564,986a3be8057fad3d534272f464a7498a8a2beddf7688e8a481ab5b6f68896f1b
upgrade/Storage Card/System/Img/M1/eco/HAVC/eco_defrost_icon.bmp,2540,f378f3efd2f6f29218e6bcb9a2878e5e7768fa8702111dedd2dd9f430aa4c05d
upgrade/Storage Card/System/Img/M1/eco/HAVC/eco_fiow_1_icon.bmp,2476,ed0b97dc38249688adbc96520de12055453b46d110c75c2fb2c3e34f9c63d510
upgrade/Storage Card/System/Img/M1/eco/HAVC/eco_fiow_2_icon.bmp,2500,f501f9827d689e2a43f3631003717b3c51bd89ed2b5cd7d7ea9ea3d7001d102f
upgrade/Storage Card/System/Img/M1/eco/HAVC/eco_fiow_3_icon.bmp,2504,7dfcaaa7329d83260c5c09aceb2df3cdd5640b6053deb7042a25bfd6196709f9
upgrade/Storage Card/System/Img/M1/eco/HAVC/eco_fiow_4_icon.bmp,2544,88f90fe39c9143d4fd6673794afd9e4aff231bdfaddbb3c056090f2543b7e608
upgrade/Storage Card/System/Img/M1/eco/HAVC/eco_fiow_5_icon.bmp,2572,039f0290b600a328d300009ef807764b149ec29d7151c2aad2a5226671c46ebd
upgrade/Storage Card/System/Img/M1/eco/HAVC/eco_fiow_6_icon.bmp,2588,76437bc8133a943309a16bee6e2a1f11be90fb5835c42b6de27ac83097a9c1c0
upgrade/Storage Card/System/Img/M1/eco/HAVC/eco_fiow_7_icon.bmp,2584,4361bea08be904c7c92a5bbc4d60be8f9e3b13d156616cac50a8b4e3db56f38d
upgrade/Storage Card/System/Img/M1/eco/HAVC/eco_recycling_icon.bmp,2540,b2c49984d6d850363138db3086afbe9eceac0ce1337f1cfc467aa11b5773c912
upgrade/Storage Card/System/Img/M1/eco/HAVC/eco_temp_c_icon.bmp,1220,45bb80f69265fbe6cd74b1ab864bfa4a266a44d543b8e4240f19ec424262d5b2
upgrade/Storage Card/System/Img/M1/eco/HAVC/eco_temp_f_icon.bmp,1172,a108e42fc28743d62c66b1bb4453ee094f01704678701de6c817e128570cc8ea
upgrade/Storage Card/System/Img/M1/eco/HAVC/eco_temp_icon.bmp,2468,1ca3bd40d358cd5e995f0c3651a74adf0ba3769888fb4be2090468dfdede5985
upgrade/Storage Card/System/Img/M1/etc/etc_authentication_key_ number_1.bmp,48388,9b4e90653cae4c8277a295984fb019830ae636c5936850bbfaf7b54278155bf6
upgrade/Storage Card/System/Img/M1/etc/etc_authentication_key_ number_2.bmp,97008,945af5f625025d0ac78a2a736ca5ca70217bbcfe78850b6078ef4ffa18307952
upgrade/Storage Card/System/Img/M1/etc/etc_authentication_key_ number_3.bmp,48476,4ec9d2ae0028744c32ec2290481c8fccce6951711d5dc0b002fb98a37982caf1
upgrade/Storage Card/System/Img/M1/etc/etc_authentication_key_ number_4.bmp,48500,8b3bb8ae1fb096a84928e94677ff7c2f5426c1a3238750d243732d2391fb9267
upgrade/Storage Card/System/Img/M1/etc/etc_authentication_key_ number_5.bmp,48504,30ff9ffb6aaa25855d987086fcb9cf709b3456cf5057bfd4f3ae3361d0b624a9
upgrade/Storage Card/System/Img/M1/etc/etc_authentication_key_ number_6.bmp,48500,11cd32530af6c3d2e3893cb02acb94768c03f3fc60c486861a5b47a763e85465
upgrade/Storage Card/System/Img/M1/etc/etc_authentication_key_ number_7.bmp,48496,fb1052b35b3400bade9f586650c70158e2ab4a760c13a86b5ad9c5d37e2a0275
upgrade/Storage Card/System/Img/M1/etc/etc_authentication_key_ number_8.bmp,48388,9b4e90653cae4c8277a295984fb019830ae636c5936850bbfaf7b54278155bf6
upgrade/Storage Card/System/Img/M1/etc/etc_authentication_key_inputbox.bmp,6072,3cfe1fd873f72f4030b02f5f6ac722b0e714cb342e96ac2521f4739254f1e28d
upgrade/Storage Card/System/Img/M1/etc/etc_call_icon.bmp,3448,d39b39a48f07a73c3f0f72d9ae552464f66b8de72862091b6a524f160d3ab19d
upgrade/Storage Card/System/Img/M1/etc/etc_caution_softkey_1_btn.bmp,169148,eafb87bae2f4ddfab0e57c485852a3bbfc0160f88760f8caf4f6cad551d49b47
upgrade/Storage Card/System/Img/M1/etc/etc_caution_softkey_back_btn.bmp,27308,f9e435e3e1209c223a2825e053a5e739ad1069cfe14255e43777a39b99cc603f
upgrade/Storage Card/System/Img/M1/etc/etc_caution_softkey_home_btn.bmp,27152,8745cb37103be493d4cfe723a6808334a00302a3b9b63180ae84e21b4224f37b
upgrade/Storage Card/System/Img/M1/etc/etc_clock_font.bmp,51256,dac629a58964a98f07d9d68424e59ff332957dcb5095d68c4c148f417d2ecbdb
upgrade/Storage Card/System/Img/M1/etc/etc_clock_font_ampm.bmp,26756,72b1b093cc84dd84c4b8ca8001c501712963de10ac1669542690143db393af3d
upgrade/Storage Card/System/Img/M1/etc/etc_clock_font_colon.bmp,2492,270fe32d28fc0df97acb8cd1627885dbe4696bd15b6409f415422d2f6a66a994
upgrade/Storage Card/System/Img/M1/etc/etc_navi_icon.bmp,3664,e5161fc9bcacf869e4abf4335c2c2fbd81b63d789406d48995d02f30730ac780
upgrade/Storage Card/System/Img/M1/etc/etc_parting_line.bmp,448,ad8ccf80dcfac9efc0897c4422bfb420765c5dfd6b80eae52b08aed4b0364498
upgrade/Storage Card/System/Img/M1/etc/etc_ring_icon.bmp,3476,ac32065d389047d0f357b4bedcc8ab639df9ff01c00f4fc1d121bb58756771b9
upgrade/Storage Card/System/Img/M1/etc/etc_softkey_empty_btn.bmp,26864,91991292246de9eb724bf763ff1159e56afe8f8326d86c5cf8d7e785753d4d2c
upgrade/Storage Card/System/Img/M1/etc/etc_ta_icon.bmp,3544,7aca896543ec83a90408c0b06b06862089073ddf9c883f12c1f439480967e863
upgrade/Storage Card/System/Img/M1/etc/etc_volume_bar.bmp,676,fc94a175ff66062236bc3768f63f208ff415806f8f86aad9b03c2bd4dc8eb211
upgrade/Storage Card/System/Img/M1/etc/etc_volume_bg.bmp,37036,8872548c3404ddc37ff5f6e06db52c44dbca70d4130788a60745c28f8fbae7dc
upgrade/Storage Card/System/Img/M1/etc/etc_volume_icon.bmp,3356,a79d4bdb8ff4a6bea3da0b4e1e9e6ccd16498ebf6f19f2f0a90da512417cb17c
upgrade/Storage Card/System/Img/M1/fm radio/fmradio_contents_list_nowplay_icon.bmp,7624,db32eb41af9f036c5655f2eff581ead87504e8cb563b8361f8ce1aae37388fd5
upgrade/Storage Card/System/Img/M1/fm radio/fmradio_control_1_ff_btn.bmp,42248,92cef57cc650c99588cc5af0c0de691ae4c4b707ad97330f65ee71b8e4d7df78
upgrade/Storage Card/System/Img/M1/fm radio/fmradio_control_1_rew_btn.bmp,42248,19af70936f8f43dc62b0934fbb2cf2e3a37470e34e4e8922c09236c0338b9dcf
upgrade/Storage Card/System/Img/M1/fm radio/fmradio_control_2_ff_btn.bmp,61836,2c18565fce8227d120fa54fca6b54a7289545794b7cbd48964ac7fb13ecd3ad7
upgrade/Storage Card/System/Img/M1/fm radio/fmradio_control_2_rew_btn.bmp,61836,42a3be83163f4e8d867cd5c78a6b4cdf1517fd033cfbee6f6a5b0879924a23b0
upgrade/Storage Card/System/Img/M1/fm radio/fmradio_control_next_btn.bmp,42248,e16e9c28ee06d362c3f4e703676753f34b4c6558ff73cb96f95148f3443bc970
upgrade/Storage Card/System/Img/M1/fm radio/fmradio_control_prev_btn.bmp,42248,258c60504fdad6f331edf2e28e43d1d5459b241ea35546dd5890829cabec2ea1
upgrade/Storage Card/System/Img/M1/fm radio/fmradio_dot.bmp,136,90799e485775fefe14c9058749ea034b25cb6ed42a66dc263bb6239f907421e8
upgrade/Storage Card/System/Img/M1/fm radio/fmradio_epg_btn.bmp,43500,1fff74053da1f76dde90900a13740817b6e1fb79389ce45c0c8fecd7306bf291
upgrade/Storage Card/System/Img/M1/fm radio/fmradio_fulldown_1_line.bmp,82072,a80614f8f4acb9d1ac02e8b02fe3b3f8ee8eb7645c2421475bd162918305d9ed
upgrade/Storage Card/System/Img/M1/fm radio/fmradio_fulldown_2_line.bmp,82116,95f879dfde651d477204d9e0fb84f2c31f93e5a4037f2b37edfa42c9fd14d230
upgrade/Storage Card/System/Img/M1/fm radio/fmradio_fulldown_bottom_btn.bmp,53352,1236524d1edd32ed6bb9cafd6e8cbb520d10d92bd9eca8cfa7687376799b86c0
upgrade/Storage Card/System/Img/M1/fm radio/fmradio_fulldown_middle_btn.bmp,37800,af48993d7bef39708f6875dd2e1a4a1075209145c0769cebe94a79c7e410b775
upgrade/Storage Card/System/Img/M1/fm radio/fmradio_fulldown_top_btn.bmp,37800,af48993d7bef39708f6875dd2e1a4a1075209145c0769cebe94a79c7e410b775
upgrade/Storage Card/System/Img/M1/fm radio/fmradio_indi_line.bmp,82068,0752ec5ab84b659deda395c996adf36a08a9384585f542ca0cf00a5cae277574
upgrade/Storage Card/System/Img/M1/fm radio/fmradio_list_line.bmp,147768,b0bfa19255739bb2bea21f9582b0a3f8e91e7f39adab3fb6465e0753ba58392d
upgrade/Storage Card/System/Img/M1/fm radio/fmradio_list_press.bmp,191632,46d8056d8b4e0fbb63c685d3ac0e4e3950cd818d9accb53942e6e3c04a5e8ad0
upgrade/Storage Card/System/Img/M1/fm radio/fmradio_pagenumber_icon.bmp,1368,a14b00bda4fd4da5086839253d3a0647da3ab987cd7737f135947c4fdc844e4a
upgrade/Storage Card/System/Img/M1/fm radio/fmradio_parting_line.bmp,336,059cbe31d6604a900128b6eab27bd45122c69508fa951c048146bd0141faaa7b
upgrade/Storage Card/System/Img/M1/fm radio/fmradio_presest_number_bg.bmp,1764,bf3545cf1ad29b467a8aa40b9a51caf1f78070ceb4c98b4194dd88b2efafb578
upgrade/Storage Card/System/Img/M1/fm radio/fmradio_preset_nowplay_icon.bmp,7624,db32eb41af9f036c5655f2eff581ead87504e8cb563b8361f8ce1aae37388fd5
upgrade/Storage Card/System/Img/M1/fm radio/fmradio_presets_arrow_left_btn.bmp,75180,b9e27bd97ad3a2b45abc9be05bbf57a38f1b604b0e271578fb54a68a92c908b0
upgrade/Storage Card/System/Img/M1/fm radio/fmradio_presets_arrow_right_btn.bmp,75180,7ede37e8c6b0004a8b19dcd96890e5b5d9c5eba2b513ab71af783fb354522cf8
upgrade/Storage Card/System/Img/M1/fm radio/fmradio_presets_list_1_btn.bmp,115648,3b142050ea7f526c92a144026713cfe93cb9a031db80f764e579185024bdb99f
upgrade/Storage Card/System/Img/M1/fm radio/fmradio_presets_list_2_btn.bmp,116012,b121282a0386515e329089c5be818168026c3d117ac0d172772981754e5fdc34
upgrade/Storage Card/System/Img/M1/fm radio/fmradio_presets_list_3_btn.bmp,116072,6970f05bea26d67dae4eb5129bade0112b123cc1415bf2eba541725b1dfc208c
upgrade/Storage Card/System/Img/M1/fm radio/fmradio_presets_list_4_btn.bmp,116012,119f45a0a4f54e25fc3e8d206656632b03ff0b5c7596f688901b776d6139a51a
upgrade/Storage Card/System/Img/M1/fm radio/fmradio_scroll_down_btn.bmp,42424,8da58f984ac38ac4fa4a718f4540581fccbf83ffca581e8dd46f1372a395a86d
upgrade/Storage Card/System/Img/M1/fm radio/fmradio_scroll_up_btn.bmp,42416,e9a4f4d1c41f534fccb8cf44d12d73e28a4a7500061180ff8beb0d95c84a1440
upgrade/Storage Card/System/Img/M1/fm radio/fmradio_scrollnumber_bg.bmp,5056,6c059bd7e18a24033d6b6bc547f1e3435e9ba39ab12f5bc80af489989e3ea796
upgrade/Storage Card/System/Img/M1/fm radio/fmradio_setting_1_left_btn.bmp,28032,f281cc11b9762bfc47e8e9f07e4c80e3f9f48831269e0c016e6b250f267ae77e
upgrade/Storage Card/System/Img/M1/fm radio/fmradio_setting_1_right_btn.bmp,28032,f281cc11b9762bfc47e8e9f07e4c80e3f9f48831269e0c016e6b250f267ae77e
upgrade/Storage Card/System/Img/M1/fm radio/fmradio_setting_2_btn.bmp,55148,cc0c4069908aeec78d9ef209aa0524e85bc6b9d7d3e54e25ca40ea4ac34ee987
upgrade/Storage Card/System/Img/M1/fm radio/fmradio_setting_announcement_btn.bmp,28272,2c8eac950cf6ec22214c07597c2e9a1ac9cd072eb27f6310014e0a707fd42809
upgrade/Storage Card/System/Img/M1/fm radio/fmradio_softkey_4_1_btn.bmp,43048,d607bff128ec4d31429f7fab3de9a461d3d0a58587acc59e2ab922b9e3c611e6
upgrade/Storage Card/System/Img/M1/fm radio/fmradio_softkey_4_2_btn.bmp,43048,97a73f0c09d1fbb8387aac11dbd37a6767e636628ebbec42a16879908c129652
upgrade/Storage Card/System/Img/M1/fm radio/fmradio_softkey_4_3_btn.bmp,43048,a89445ce2f4098841baaa486b0ae2ada2becb8136992247396d1d37dc30153ac
upgrade/Storage Card/System/Img/M1/fm radio/fmradio_softkey_4_4_btn.bmp,43040,db964788c4b76c09ce162f1696da027ebcfce75dbcd6a8b8277b57c87b108000
upgrade/Storage Card/System/Img/M1/fm radio/fmradio_softkey_back_btn.bmp,27128,c573fc348c5779c7d5c11c635cd6cfc2d587fd678e7d4aa65c953d215913a2e5
upgrade/Storage Card/System/Img/M1/fm radio/fmradio_softkey_home_btn.bmp,27056,9d2ecced4386a4da3a3bf02d118ca9d25bfaa7bb8af6b880becfcd8c32d027d1
upgrade/Storage Card/System/Img/M1/fm radio/fmradio_softkey_navi_btn.bmp,27392,49c41745e2895eb261ff58eab4e1f609798f91574b4b030ec5f16b3238a896a9
upgrade/Storage Card/System/Img/M1/home/common_indi_line.bmp,63480,7eb6b9e93926dd542a1ffe47922ab447cf8ab3a3ddba41eacd4cb0a9844a0ae3
upgrade/Storage Card/System/Img/M1/home/home_dark_btn.bmp,32552,52608f83baf47929c4b48f899fca6308c0af1aa0b1d8da3239a18acae5ccf829
upgrade/Storage Card/System/Img/M1/home/home_dark_icon.bmp,6860,f50cf167e05dbe1f1d95b26b168505fac935d00c36c2d75d521b3947c922bbd7
upgrade/Storage Card/System/Img/M1/home/home_driving eco_btn.bmp,116160,4d3c44bc827bc61e8e906245fc4eba97818a5c303f4f9a6f3c3a24ae6922e71e
upgrade/Storage Card/System/Img/M1/home/home_map_btn.bmp,116160,1ad6620bbc1f9de429548fd2d49630c275bd2a6aeb36ee7338b29bf06dcfcb90
upgrade/Storage Card/System/Img/M1/home/home_media_btn.bmp,116160,fc9ac0b52c0cc3186d2a9d6363b8bd9c7031aa51790452a153b7466c1faff0fa
upgrade/Storage Card/System/Img/M1/home/home_navi_btn.bmp,116160,9527807deaea26f8f058f8b9973ad280d00e3ab754a6a10123fb2b57cf8a55f0
upgrade/Storage Card/System/Img/M1/home/home_phone_btn.bmp,116160,15a25cd65fe0ee24134e000a15f5dc41ac1882bb35cdd0d6fc416c4008a4d208
upgrade/Storage Card/System/Img/M1/home/home_phone_second line_btn.bmp,116160,7c987a057460d20beac392bdb4718e4fc8b45ab1ce41e397b3407d92b0f13c5d
upgrade/Storage Card/System/Img/M1/home/home_radio_btn.bmp,116160,cbc09bce5d9c6c5f7344f7b2b8c7b8e3f9c3942b7dab054f5bf1d0679e3713e4
upgrade/Storage Card/System/Img/M1/home/home_set time_active_icon.bmp,5112,e3f9d275ef4cb36cc1422b8227efc09cb3f501ee101981a3adb084e7640ec96b
upgrade/Storage Card/System/Img/M1/home/home_set time_btn.bmp,54400,f410c3eb35288aa28e341bd62a429a7f5044abb7648ee3d788bf987d9fc56676
upgrade/Storage Card/System/Img/M1/home/home_set time_inactive_icon.bmp,4880,2a85f982f94cdf2069c6e1587052c75d65cd350a1ed67f46d2c4187eff9081df
upgrade/Storage Card/System/Img/M1/home/home_setting_btn.bmp,116160,5d12c98b8b22858f2a96a101dca8c437c68b368f9d435217adf1101a20370620
upgrade/Storage Card/System/Img/M1/home/home_smartphone_btn.bmp,116160,d4580b98738e2cef483d71e009e877f7c6ea10a864761f327033e8da986d2bdb
upgrade/Storage Card/System/Img/M1/home/home_smartphone_second line_btn.bmp,116160,4f8d903834f04db06032eaa547e9d5ccc02f704a0b1841c0658d4e96e34fe38c
upgrade/Storage Card/System/Img/M1/media/media_aha_call_btn.bmp,26776,f24c266a74f2952abe2c25c8f6bbdd38de49162a49091b5262f401ac25bd9201
upgrade/Storage Card/System/Img/M1/media/media_aha_coffee_img.bmp,24548,5ec7bd4bca2f47b1e32bcd3b8e3f6e8b6ef8119437ef61fccd85a34ff29e56ea
upgrade/Storage Card/System/Img/M1/media/media_aha_hotel_img.bmp,24552,72a351b07255b4d87d6d62abcad673868c10ca105cbdc148f7cc29051ee08f73
upgrade/Storage Card/System/Img/M1/media/media_aha_hungry_img.bmp,24552,39ca154de319f294420cbff72eec82713415ee066a667c5a308e11d31c678620
upgrade/Storage Card/System/Img/M1/media/media_aha_music_img.bmp,24552,ad26f4103d1bfcf6295d122bdbe7a7dea1026503feda181b29ceb2bdd73cdcf4
upgrade/Storage Card/System/Img/M1/media/media_aha_navi_btn.bmp,26968,09d6647166eaa901a3d70dec47152f4b2430d5613786e07644fee9fcb47659dc
upgrade/Storage Card/System/Img/M1/media/media_aha_play_deezer_img.bmp,24552,ad26f4103d1bfcf6295d122bdbe7a7dea1026503feda181b29ceb2bdd73cdcf4
upgrade/Storage Card/System/Img/M1/media/media_aha_play_hungry_img.bmp,25416,4b2b8208295fc268a65b36327ddb81b099afbbc270edeabe0033938f06200918
upgrade/Storage Card/System/Img/M1/media/media_aha_play_loading_bg.bmp,24432,f1df685d3186cafd70d9463f086ec31a705e096cb01cdc3c5708af1cdab5452a
upgrade/Storage Card/System/Img/M1/media/media_aha_play_loading_img.bmp,78520,aa9bd051e864bfab06b6aabd64637537633ae61200d459fec81fa8bdf061adeb
upgrade/Storage Card/System/Img/M1/media/media_aha_weather_img.bmp,24552,4fe559b9350d875ab7f7099989a734c89770a425133e3e558ecf6ce6871ebaf3
upgrade/Storage Card/System/Img/M1/media/media_album_case_noalbum_img.bmp,78120,c80bfcf2c1a3870a72e0fa35ca511ccc7bf936e8e90505c2bff16e934c28ada3
upgrade/Storage Card/System/Img/M1/media/media_arrow_left_btn.bmp,74792,87f309564bc91a3e2bb5239fb65a104c645d28d6c5ef4240db78471dad4190f2
upgrade/Storage Card/System/Img/M1/media/media_arrow_right_btn.bmp,74792,59735d9fe397c36725ca1c57d7e068d9ed31099721adbf1afb6ab4b52c566b79
upgrade/Storage Card/System/Img/M1/media/media_bt_control_ff_btn.bmp,64004,a079c83cdd587c5e4024a7451a855c90f738111fb74d8091e3a687984f6e0378
upgrade/Storage Card/System/Img/M1/media/media_bt_control_play_pause_btn.bmp,62744,b91937208dc69f030dd20fd8c85e8ff0dd9b469d42ce72e99791b1d89ff3469e
upgrade/Storage Card/System/Img/M1/media/media_bt_control_rew_btn.bmp,63992,c7da58a6340e67bac5c92008b9a97fc61141d2726f1395bcbfc6cb2205d8d5ca
upgrade/Storage Card/System/Img/M1/media/media_contents_list_folder_icon.bmp,7396,ce093f8b4535d8be82587be84b044626d8798ea497fbf231f3321bece63a04ab
upgrade/Storage Card/System/Img/M1/media/media_contents_list_play_icon.bmp,7752,0f9a0f47da49573494ec941fb6459789653743dbbd643705fe264dd82911fea3
upgrade/Storage Card/System/Img/M1/media/media_control_1_ff_btn.bmp,47116,e755e91d26b494bcbd63f729568f4611e2dee49f3123926b040c571c069c4b2c
upgrade/Storage Card/System/Img/M1/media/media_control_1_pause_btn.bmp,45932,881bc84edb3e251470c18e644236a5d5525de97129ae075a9ff1df76e61dc40d
upgrade/Storage Card/System/Img/M1/media/media_control_1_play_btn.bmp,46128,bc8b679aa02646ac1c6d38da0806d85c92cdd24ae26f9e7f7a477c11c1b04f7c
upgrade/Storage Card/System/Img/M1/media/media_control_1_rew_btn.bmp,47228,de93473cfeb4b4fc87378c494b3055a6075438effab1772e8852e119c98b4103
upgrade/Storage Card/System/Img/M1/media/media_control_2_pause_btn.bmp,62884,5cae546930b7d75eaeeb2b70d0e5fe2781a4eda70ceb1cf960ccfc75d227711a
upgrade/Storage Card/System/Img/M1/media/media_control_2_play_btn.bmp,63112,3df8b27101832734155686e1a2f88b1f849521d632e17a7ef4974c5d797c3ffb
upgrade/Storage Card/System/Img/M1/media/media_control_2_rew_btn.bmp,64160,c2667d4163cefa15a2a334eb6a1d376898f43dc75bfdb7fde8da7499fdb1ee01
upgrade/Storage Card/System/Img/M1/media/media_control_3_ff_btn.bmp,52540,fb3afceeb09f14a433c921f43e47e14807a645e0e6d635044390b659321b8a3a
upgrade/Storage Card/System/Img/M1/media/media_control_3_pause_btn.bmp,51236,56d491e9d391886ce36f31cce11303fc5f31232d6811ad04e49e846988a80f68
upgrade/Storage Card/System/Img/M1/media/media_control_3_play_btn.bmp,51484,03e0a1fd0f37a3a3f9bea705919eb89971876accb11b56478715c57a9740feec
upgrade/Storage Card/System/Img/M1/media/media_control_3_play_pause_btn.bmp,51336,cf8dc297eef1834c28ef2d34f6a0bc3729865b91c910cb13ff435e538a2bcc2d
upgrade/Storage Card/System/Img/M1/media/media_control_3_rew_btn.bmp,52540,882d024d1758f975f10a5b885cfe82b8e9c7efc05d0439fa8baafec54f1d61e6
upgrade/Storage Card/System/Img/M1/media/media_device_connecting_ani.bmp,88852,f0cc8875e6d06952d8dcebf07722bbce1b8dd6189b51373cca2125afe8899e1d
upgrade/Storage Card/System/Img/M1/media/media_device_icon.bmp,10760,ca4a48112293e7455c358fca79564e367cdf6aeceed290f5fddf4be86d652d52
upgrade/Storage Card/System/Img/M1/media/media_dislike_empty_btn.bmp,26804,5a5bcf4ab17d794b57814b5d0734a14de475f95d0d77391eacd6b1732eda30d2
upgrade/Storage Card/System/Img/M1/media/media_dislike_icon_d.bmp,2884,623526d02109313aa8b86a6382ab897713a788d80fec3db73f288609b843564e
upgrade/Storage Card/System/Img/M1/media/media_dislike_icon_n.bmp,3012,9d08d58e8e53eb20d0e1329436a46e55349578998356ae23dffe22459086631f
upgrade/Storage Card/System/Img/M1/media/media_dislike_icon_p.bmp,2908,54ff3894a112b51c0fc0d7fca7fc735602bd755e2f8138ab74d356a42667ffb5
upgrade/Storage Card/System/Img/M1/media/media_dot.bmp,144,607926ec1db8c94f53c3496d9684c8ea823328e77cdcfcd74306c98a3b9ff8e1
upgrade/Storage Card/System/Img/M1/media/media_folder_name2_bg.bmp,37824,68b4f6d9b1f488482a003fd26744a3b7ebd92d9dbb759faae30d6b5b8c5055d2
upgrade/Storage Card/System/Img/M1/media/media_folder_name_bg.bmp,49752,424418f69b9a29323e6571d4ddaf906b4de2eddfad0a4be7f81e8a858472e7ce
upgrade/Storage Card/System/Img/M1/media/media_fulldown_1_ine.bmp,81860,42eb14a60a531c9954a50fc1bf116516a47e164bfefa2c7a27d619539ea2b743
upgrade/Storage Card/System/Img/M1/media/media_fulldown_2_line.bmp,81912,841eb90809f084bc35586f536eba9b5a9ed575f0183e4fc7976e4007ef3f234b
upgrade/Storage Card/System/Img/M1/media/media_fulldown_bottom_btn.bmp,45896,5eaeb1d7a0dc963fdd8f4f5e65d4908e278ec452d6ea4d0075e2c33bf9502dd4
upgrade/Storage Card/System/Img/M1/media/media_fulldown_middle_btn.bmp,39296,2f8ad06423a12251fe39c952f4c8f6f22d9ee51843fdc41debe7fc64b511ca9d
upgrade/Storage Card/System/Img/M1/media/media_fulldown_top_btn.bmp,39296,2f8ad06423a12251fe39c952f4c8f6f22d9ee51843fdc41debe7fc64b511ca9d
upgrade/Storage Card/System/Img/M1/media/media_like_empty_btn.bmp,26772,d124b7f6d1e378abc553946346800f4526dec7e99f19cd506dc8b660c35be81d
upgrade/Storage Card/System/Img/M1/media/media_like_icon_d.bmp,2872,95acb88e53655d66aecb0bf990eab4a7805ab89a047c76775b9286999d4c9f1b
upgrade/Storage Card/System/Img/M1/media/media_like_icon_n.bmp,2984,95c1df120064ac6ae6c03ca9c0d7b1630da9541284b0ac0f7f41b5c8a61bdf78
upgrade/Storage Card/System/Img/M1/media/media_like_icon_p.bmp,3120,e83691ee4fb36c4d91bfa8e2c41533ee89616b73be45a37d34bafa0b99c384bb
upgrade/Storage Card/System/Img/M1/media/media_list_line.bmp,49988,7b4c04b80a8ad490fb6002c2fc4e458a1cf2ea027cbe4f5563dfd62ec2c01274
upgrade/Storage Card/System/Img/M1/media/media_list_press.bmp,191640,e87c95661c8457584d718c38a089c04b101e022e01b266584da9ecfc13f090b0
upgrade/Storage Card/System/Img/M1/media/media_nearby_default_icon.bmp,6936,be86945afaf2c6715f95be2adbf41e81df3ff6c288422a76ebbed4713cce59ac
upgrade/Storage Card/System/Img/M1/media/media_nearby_icon.bmp,40608,98e01e5cfdc1dbeae0a4dfa464bb03de683e77981a5b660cb65929e26e73cd84
upgrade/Storage Card/System/Img/M1/media/media_nearby_list_1_btn.bmp,115900,adea3f3a2d6ac7e5cfa4b5263c5dfb20119fe4e0a6ebfe3c89b68314ff4cfa44
upgrade/Storage Card/System/Img/M1/media/media_nearby_list_2_btn.bmp,116160,fe5a89d6fb52da05a0ba2fcd8592f4ed13633288e06e167799c5de18d93baa71
upgrade/Storage Card/System/Img/M1/media/media_nearby_list_3_btn.bmp,116160,77a016fe0d587f3b4ec8ec708cce86cfe671951be2b3fbc73f1ecfc0fa6d66a0
upgrade/Storage Card/System/Img/M1/media/media_nearby_list_4_btn.bmp,116160,d9bdb4cc58bc4a128e22718322f7fd1b4bed4382d54cabc080d39b9702314b45
upgrade/Storage Card/System/Img/M1/media/media_pagenumber_icon.bmp,1376,ea0aa000666c8d23252f86b9709a0c51f8763d833e7b2f3254b679fe69470f91
upgrade/Storage Card/System/Img/M1/media/media_parting_line.bmp,340,7549c52e46dcb6db6bc1d1ca245b2c9f463a4e20b73ebbcf81cbdc06dc7d6267
upgrade/Storage Card/System/Img/M1/media/media_parting_line_like.bmp,416,62925acaba5be52316f5f870a5903b0f9aa800de10998d23416606f0543606b9
upgrade/Storage Card/System/Img/M1/media/media_parting_line_w82.bmp,416,6b022f70099f8b90eb1f81d275d28759d6cf1d29a5e44a067e79a38d5a205194
upgrade/Storage Card/System/Img/M1/media/media_preset_default_icon.bmp,7108,aca5c9c60452bd11cea102754c2240583320bf380f7b80422fe4496a2d9b3066
upgrade/Storage Card/System/Img/M1/media/media_preset_nowplay_icon.bmp,6092,5c936741ef8d2992aaf3dc86d4371315effe18183251257813e73cac178e23a0
upgrade/Storage Card/System/Img/M1/media/media_progress_bar_bg_1.bmp,4488,f249ed7a40b4e18b907b4c62be017efc4e17d7b1dc3f0cf918b247be62f811d2
upgrade/Storage Card/System/Img/M1/media/media_progress_bar_bg_2.bmp,7332,4c1abafc274ee367a375bf9787caee6d9e54f9400894caf40955626f0f6dad48
upgrade/Storage Card/System/Img/M1/media/media_scroll_down_btn.bmp,42344,258024cebf6a8b22c35c85a9843cd7b251ce8105806bba189a2779055a81452c
upgrade/Storage Card/System/Img/M1/media/media_scroll_up_btn.bmp,42284,5324f3c08873ec1e0b77967f24ffa425eaeab2b78e53401c6f656939afe7a16d
upgrade/Storage Card/System/Img/M1/media/media_scrollnumber_bg.bmp,5056,0a8077861b19646a4018303efa3d18b23129a5c4c2f7aabf2f30afb3ea318ab1
upgrade/Storage Card/System/Img/M1/media/media_setting_left_btn.bmp,27824,0d0f5fb0a3cf7cd9e6e3e74a076ae7f9ae48dd7fc973e4963707f9d4f46cb507
upgrade/Storage Card/System/Img/M1/media/media_setting_middle_btn.bmp,27824,0d0f5fb0a3cf7cd9e6e3e74a076ae7f9ae48dd7fc973e4963707f9d4f46cb507
upgrade/Storage Card/System/Img/M1/media/media_setting_right_btn.bmp,27824,0d0f5fb0a3cf7cd9e6e3e74a076ae7f9ae48dd7fc973e4963707f9d4f46cb507
upgrade/Storage Card/System/Img/M1/media/media_softkey_3_1_btn.bmp,57200,0186b823c0a06db1bec247b78ec34978c8feeec8f9ae7bb564b838e8141d5f1f
upgrade/Storage Card/System/Img/M1/media/media_softkey_3_2_btn.bmp,57200,6af9932db72c8da8d64bfa7e013b00a69fe7f2e84c326a0c536245b174882ce2
upgrade/Storage Card/System/Img/M1/media/media_softkey_3_3_btn.bmp,56956,ea96bbfda781b1543edfc39ff5fea4bd9272799c950ad016be4c8ca2f52443d2
upgrade/Storage Card/System/Img/M1/media/media_softkey_4_1_btn.bmp,43048,cf587a6eed76c7507437eb5602919a5cf4cd24163d99ff27c9748031168947a7
upgrade/Storage Card/System/Img/M1/media/media_softkey_4_2_btn.bmp,43048,3763e85821377ef5b525df338f1dae457e05badf5f3b88cb99df8846f7e3a6a1
upgrade/Storage Card/System/Img/M1/media/media_softkey_4_3_btn.bmp,43048,1c0f85ffd9ca490fd42274a9728ab4790f4043cf0428fc01721db5869fdd2eb7
upgrade/Storage Card/System/Img/M1/media/media_softkey_4_4_btn.bmp,43048,1be700f2d055f8dbec28eac7608203244c3f6d498038c3815cbdad0ac454db93
upgrade/Storage Card/System/Img/M1/media/media_softkey_home_btn.bmp,27108,15b8d7ca472e21ee0e0fba1547d02ecf322c21f5fa45077064dfd572438432e8
upgrade/Storage Card/System/Img/M1/media/media_softkey_navi_btn.bmp,27316,1fceae1116065e08a4292897d13b81f2703f5593d50cc7d31c3924be0983b805
upgrade/Storage Card/System/Img/M1/media/media_thumbsdown_btn.bmp,26940,e30ac9d9df5234815d7bb788f2b827f2f4427b9e69e91fcf38d46b42b525c3b0
upgrade/Storage Card/System/Img/M1/media/media_thumbsup_btn.bmp,26856,4e120f82fe6d52cd3f40cef2062e3e83d9419a54b976b5737d8de456ab82f268
upgrade/Storage Card/System/Img/M1/media/media_upfolder_btn.bmp,48924,71978814dac04f243b7222dd9641fa83e34bc11fba1933337c351fb679478da7
upgrade/Storage Card/System/Img/M1/Phone/contents_list_icon_incoming.bmp,7972,721803373140ebaea5bb8155662d7dad72a363c7fcb03aacb0640e6fed775781
upgrade/Storage Card/System/Img/M1/Phone/contents_list_icon_missed.bmp,7904,1653014f89d30b6323dbd3f9fa69f05beb25a73ef7ce91bfaf611c58bd72a3d2
upgrade/Storage Card/System/Img/M1/Phone/contents_list_icon_outgoing.bmp,7896,9db19f0af9546320658007f9ddaceb23ba87a34f05dc17da8e194ff77169eca1
upgrade/Storage Card/System/Img/M1/Phone/phone_call_time_area.bmp,48940,c7b15d528cf9d2c24cdc5961e0a6ce23a80ed91754961ad92f83655d2a47ccec
upgrade/Storage Card/System/Img/M1/Phone/phone_dial_back_btn.bmp,43112,b1526c2f8828f62f42512b100e8fc4707903451b3c3161b956a05148b89a63a7
upgrade/Storage Card/System/Img/M1/Phone/phone_dial_btn_call.bmp,168072,5667cf8db0dcc28b86370ea79b2c57a0e96090baddcff70df4f65d1de0e9d2f6
upgrade/Storage Card/System/Img/M1/Phone/phone_dial_num_0_btn.bmp,33048,03355a5c005649e8b825401c2462b828e88bb6ef39b2cb8d466ffb9458acecec
upgrade/Storage Card/System/Img/M1/Phone/phone_dial_num_1_btn.bmp,32860,22b76c6a9338e48f9a81cd40ccf96e506759a3500d3d84ee063886d6f0573f52
upgrade/Storage Card/System/Img/M1/Phone/phone_dial_num_2_btn.bmp,33048,5833047b4ce3c2cf4f1d0f0a094db589e2a4a31bb4298d4f0489b772c9c993ac
upgrade/Storage Card/System/Img/M1/Phone/phone_dial_num_3_btn.bmp,33048,d51c9054d205617665a3cc6516bd37475293a6223947f8c7ef0fd9f6bae53844
upgrade/Storage Card/System/Img/M1/Phone/phone_dial_num_4_btn.bmp,32884,825c43deecff17599577c562e379bef4646c8fb1043efff5cc6be18d4c1c40e6
upgrade/Storage Card/System/Img/M1/Phone/phone_dial_num_5_btn.bmp,32840,99787db337be52a890b8e1f976de32b5e65cf39b8f0ff38ed5f7a8d8789f5c00
upgrade/Storage Card/System/Img/M1/Phone/phone_dial_num_6_btn.bmp,32996,e90677087e2f387206b980754832423b9a9fc34416f06ea881a66c1dbe85198b
upgrade/Storage Card/System/Img/M1/Phone/phone_dial_num_7_btn.bmp,32588,3d08fc25f47c0819354887c8776673badd5ed632a2be2327af8f2a628f738d59
upgrade/Storage Card/System/Img/M1/Phone/phone_dial_num_8_btn.bmp,32804,499482a99add1507c68acb95318d728c2c8831e53ba4eefd09c6a6dac294a1a1
upgrade/Storage Card/System/Img/M1/Phone/phone_dial_num_9_btn.bmp,32804,25c3051c536cb46d21056033e01bf7593202dbe82a7d6f500b7fdc73e4ff4369
upgrade/Storage Card/System/Img/M1/Phone/phone_dial_num_sharp_btn.bmp,33048,0737671b904b5a747d922641c20e0b1859a6fcd94285e17e232a4b1bf5161584
upgrade/Storage Card/System/Img/M1/Phone/phone_dial_num_star_btn.bmp,33048,055f2bf6a7c37f6cc502a18a07bb1eeadda05c8138ca22797611dda9946173bd
upgrade/Storage Card/System/Img/M1/Phone/phone_fulldown_1_line.bmp,82076,efcc08896c9b1ff35bf03fe4d1103c322fdd43de6f7875582a5bb172adc38775
upgrade/Storage Card/System/Img/M1/Phone/phone_fulldown_2_line.bmp,82200,58ae7014106e3bf6c566cb1cf450b11c1995d7074778dd5ac853ec2078694609
upgrade/Storage Card/System/Img/M1/Phone/phone_fulldown_bottom_btn.bmp,77472,69c14d3933d1825d57eae2e23dd410b8770655bfbf623dea7a5416b6be6a5f07
upgrade/Storage Card/System/Img/M1/Phone/phone_fulldown_middle_btn.bmp,66340,71c057f96a701450bda475e93ee8108ecc69b980bde4e5f399a337aa8f92705d
upgrade/Storage Card/System/Img/M1/Phone/phone_fulldown_top_btn.bmp,66340,71c057f96a701450bda475e93ee8108ecc69b980bde4e5f399a337aa8f92705d
upgrade/Storage Card/System/Img/M1/Phone/phone_keyboard2_10_btn.bmp,27832,d798962399b7f31bc70f023659e32629b84d91fcefa9ac2fa5ff9a7781fa6728
upgrade/Storage Card/System/Img/M1/Phone/phone_keyboard2_11_btn.bmp,27828,016dd96fad6655b47cc569011464ec9056fb5d20cde5bdbe1fdb169726ac4799
upgrade/Storage Card/System/Img/M1/Phone/phone_keyboard2_12_btn.bmp,27816,639a009e9aeaa859a854bea749cddb00b53cc47126590b208fb63868d9c7f11f
upgrade/Storage Card/System/Img/M1/Phone/phone_keyboard2_13_btn.bmp,27588,ae91ec2922e5d15f35eaa33ec0636c8480dc174a1bbd5ce7caccde9d56ac1c5c
upgrade/Storage Card/System/Img/M1/Phone/phone_keyboard2_14_btn.bmp,27736,5d8f9be32416f0caeddd731b5755e2ca14d15a9fc5591c66264f13c5f459c4d0
upgrade/Storage Card/System/Img/M1/Phone/phone_keyboard2_15_btn.bmp,27924,cefcf044bef5ae43c83794dd91abc3fc568d176c0c5721a03045eca839903c65
upgrade/Storage Card/System/Img/M1/Phone/phone_keyboard2_16_btn.bmp,28152,40b5f2bc1e36a626cbb19a2695af7619499caa7f7cff6bf97e1547ca7d7a72e8
upgrade/Storage Card/System/Img/M1/Phone/phone_keyboard2_17_btn.bmp,28196,94598a4f70c6d2040067ff8f0217006dfb5e52db2639d2e60c906632b3f1febd
upgrade/Storage Card/System/Img/M1/Phone/phone_keyboard2_18_btn.bmp,28200,4a1e44305fd9a3f15337b9106c0ee4d4f5b1511c77e68c6c45e6f91b0b6688b2
upgrade/Storage Card/System/Img/M1/Phone/phone_keyboard2_19_btn.bmp,28112,733432f01212ef91d254c9582061ab27e6b1e092908b04dde1c7394416d30317
upgrade/Storage Card/System/Img/M1/Phone/phone_keyboard2_1_btn.bmp,27824,cdb4c5fdff3c4145968ef7780130d2dc541de16b2ace75d92310f7f7d96277b3
upgrade/Storage Card/System/Img/M1/Phone/phone_keyboard2_20_btn.bmp,27904,37c52cb02cc47003d8016d55c218e29f22da327f0a081a796e3315cf87d0d14b
upgrade/Storage Card/System/Img/M1/Phone/phone_keyboard2_2_btn.bmp,27824,bb0a1d83de3b94a3279783a1a45e49d035ef439cfafdd7f6ee05b8d3e1f9e735
upgrade/Storage Card/System/Img/M1/Phone/phone_keyboard2_3_btn.bmp,27492,62135301bb0e31ae05f6f05e80a1c729c40ea36625624bb674c699fd000bb788
upgrade/Storage Card/System/Img/M1/Phone/phone_keyboard2_4_btn.bmp,27808,ea98e19e5a4b85e9f27047beb7650ff36453848a7021b394f554c5efbb4d1636
upgrade/Storage Card/System/Img/M1/Phone/phone_keyboard2_5_btn.bmp,27820,57a03aa41f9c6f1012c1134df67b2bc16a170db58fee7d67086cbaa58275f696
upgrade/Storage Card/System/Img/M1/Phone/phone_keyboard2_6_btn.bmp,27832,abb8d30d2ca71c8412a4c7f3344bcf12e8938f73161d089bc558b5a56321f253
upgrade/Storage Card/System/Img/M1/Phone/phone_keyboard2_7_btn.bmp,27852,c8f603b898469e724a225ce3f5aa2a8f370d87eb119d4549503236f72a9b05b4
upgrade/Storage Card/System/Img/M1/Phone/phone_keyboard2_8_btn.bmp,27884,b4bf6e9f21fb67ff458f7563b5cc69b9e6131493f0957a393f0d4d5529ca5fab
upgrade/Storage Card/System/Img/M1/Phone/phone_keyboard2_9_btn.bmp,27856,77764de59e5599ad50c1351a348c0c0d52d4bf721fd9dfac918703e4047acea8
upgrade/Storage Card/System/Img/M1/Phone/phone_keyboard3_10_btn.bmp,23432,606c772da5187e32ec2c7bd7dbe8b34781e0e820b0763ff6c70ceaaccd87c3ce
upgrade/Storage Card/System/Img/M1/Phone/phone_keyboard3_11_btn.bmp,23444,2b19009142ad2bb1e7612258deffd4b2034b8b4b7e2b0356b46bb1dd45687f0c
upgrade/Storage Card/System/Img/M1/Phone/phone_keyboard3_12_btn.bmp,23444,70583ce32a3375612865ef7c465be06bd8f43bac95281dadc9c7d6791ade3c18
upgrade/Storage Card/System/Img/M1/Phone/phone_keyboard3_13_btn.bmp,23380,65b3e0b1fee1c80f817ca425b0b596fd807f22ea580a9c447f93a35fd81948ba
upgrade/Storage Card/System/Img/M1/Phone/phone_keyboard3_14_btn.bmp,23352,308ce24c5cb5cbefc5310403fe2f2c195799baaf7039660b26835d3cff8057e2
upgrade/Storage Card/System/Img/M1/Phone/phone_keyboard3_15_btn.bmp,23080,17a3af71ad9100fe795b57cc7eb29c2f819549f0c6efd3e6064143276c7edf60
upgrade/Storage Card/System/Img/M1/Phone/phone_keyboard3_16_btn.bmp,22764,6f1bea6d9d1ae7a16dadab6aaccfa3947ad40078a016744a4a792dbe153cd6df
upgrade/Storage Card/System/Img/M1/Phone/phone_keyboard3_17_btn.bmp,23192,2a63eb12f2b7fc71e763d53fd9fd969f19b3137e93186cc8ab5c01ba5ce90b52
upgrade/Storage Card/System/Img/M1/Phone/phone_keyboard3_18_btn.bmp,23404,45c7152745e2756ef4d3d006601261ddba5e999a90d31a554eea3301a348333d
upgrade/Storage Card/System/Img/M1/Phone/phone_keyboard3_19_btn.bmp,23564,21cebdd41627f96a883d2133ccf6df76ce1791fe507c1c7de2ef87889a720856
upgrade/Storage Card/System/Img/M1/Phone/phone_keyboard3_1_btn.bmp,23020,ca39a49a57671c9ecaadc69afe182c28e1fe7b14a07c4a373203ac10b6a3e3e9
upgrade/Storage Card/System/Img/M1/Phone/phone_keyboard3_20_btn.bmp,23548,465810571105b5b2d8cb2ddab8cf229bf8e1d553021f720114852e6a0c1bb574
upgrade/Storage Card/System/Img/M1/Phone/phone_keyboard3_21_btn.bmp,23564,18a5ef32303528f1ce9470fe27e3e4121b2aaa90800e136a99550511e1e7a7be
upgrade/Storage Card/System/Img/M1/Phone/phone_keyboard3_23_btn.bmp,23376,9e6b9b013d8113a339902935a4eb2f3f28566f2f98179b9639211bd63d04cd4b
upgrade/Storage Card/System/Img/M1/Phone/phone_keyboard3_24_btn.bmp,23144,2ead359c6f62eeea08df6664548e5d20c5be665b8b7183422f7e14bf802e5a49
upgrade/Storage Card/System/Img/M1/Phone/phone_keyboard3_2_btn.bmp,23276,8e45fa7960a6b4b18187823611e23aa53e0faaa440fe81ad42f16c5686598a7d
upgrade/Storage Card/System/Img/M1/Phone/phone_keyboard3_3_btn.bmp,23020,d3c863d1113de6d81669425a346bb73c682ce64bf6ce46c32d3ef47210f53c46
upgrade/Storage Card/System/Img/M1/Phone/phone_keyboard3_4_btn.bmp,23020,ca39a49a57671c9ecaadc69afe182c28e1fe7b14a07c4a373203ac10b6a3e3e9
upgrade/Storage Card/System/Img/M1/Phone/phone_keyboard3_5_btn.bmp,23276,8e45fa7960a6b4b18187823611e23aa53e0faaa440fe81ad42f16c5686598a7d
upgrade/Storage Card/System/Img/M1/Phone/phone_keyboard3_6_btn.bmp,23020,d3c863d1113de6d81669425a346bb73c682ce64bf6ce46c32d3ef47210f53c46
upgrade/Storage Card/System/Img/M1/Phone/phone_keyboard3_7_btn.bmp,23036,2005eff31276addc02e91a8ce5e0d94956a0c47df76607e3b34dff123cbe898d
upgrade/Storage Card/System/Img/M1/Phone/phone_keyboard3_8_btn.bmp,23348,7e990114fcba74a9c6cbee4af28e09cead4a4d678eeb65dc381d687ce59ed043
upgrade/Storage Card/System/Img/M1/Phone/phone_keyboard3_9_btn.bmp,23372,4b8ab8537b15cfa73b089a4b1105604e07074aeeb37a02994cf6abeda9ff3a78
upgrade/Storage Card/System/Img/M1/Phone/phone_keyboard_10_btn.bmp,27880,8581d1da9f393dd97ada202e000072b6b02881528b357cc346a25430ad479c52
upgrade/Storage Card/System/Img/M1/Phone/phone_keyboard_11_btn.bmp,27860,7e5a536d76013417a36f6dcba482877d5748121facd1a44a4e62f56c3e3ee871
upgrade/Storage Card/System/Img/M1/Phone/phone_keyboard_12_btn.bmp,27848,f02a038e6d0d9c63a9aa10735bffe51f2dd6f64a66b16f4201c524d43707ffdb
upgrade/Storage Card/System/Img/M1/Phone/phone_keyboard_13_btn.bmp,27504,ac04a6b0fb25452cc8fd1ef1ce1cb28f273dc23980d161291e3b5a6ae26b7573
upgrade/Storage Card/System/Img/M1/Phone/phone_keyboard_14_btn.bmp,27588,ae91ec2922e5d15f35eaa33ec0636c8480dc174a1bbd5ce7caccde9d56ac1c5c
upgrade/Storage Card/System/Img/M1/Phone/phone_keyboard_15_btn.bmp,27736,6ca6c66ed9af708876496c788f9f0cfe1cc461050c7d3046a5bc643c699e75c3
upgrade/Storage Card/System/Img/M1/Phone/phone_keyboard_16_btn.bmp,27916,c436f77e55481a8a03c900b08ce0345eb6f365d67315f90e8fa4e3270f8602e3
upgrade/Storage Card/System/Img/M1/Phone/phone_keyboard_17_btn.bmp,28136,682fb9607a52c3c1b7cc84ae067cffb660fdf27920fff6ca6d980e02b949e086
upgrade/Storage Card/System/Img/M1/Phone/phone_keyboard_18_btn.bmp,28200,13f1720504cfe19a3aa65620bbf0a6a9c50f7429c7654677e173f4aeb6a4fec3
upgrade/Storage Card/System/Img/M1/Phone/phone_keyboard_19_btn.bmp,28200,13f1720504cfe19a3aa65620bbf0a6a9c50f7429c7654677e173f4aeb6a4fec3
upgrade/Storage Card/System/Img/M1/Phone/phone_keyboard_1_btn.bmp,27824,cdb4c5fdff3c4145968ef7780130d2dc541de16b2ace75d92310f7f7d96277b3
upgrade/Storage Card/System/Img/M1/Phone/phone_keyboard_20_btn.bmp,54984,e786a4a83a5229dd73e85ec2aeec33abce43812217865337037e6d11e6aeb599
upgrade/Storage Card/System/Img/M1/Phone/phone_keyboard_2_btn.bmp,27824,bb0a1d83de3b94a3279783a1a45e49d035ef439cfafdd7f6ee05b8d3e1f9e735
upgrade/Storage Card/System/Img/M1/Phone/phone_keyboard_3_btn.bmp,27492,62135301bb0e31ae05f6f05e80a1c729c40ea36625624bb674c699fd000bb788
upgrade/Storage Card/System/Img/M1/Phone/phone_keyboard_4_btn.bmp,27836,3d4efd152202e0a2d4bf283712600adf9f516dd20e146a3f84d2835c3e607167
upgrade/Storage Card/System/Img/M1/Phone/phone_keyboard_5_btn.bmp,27840,af04156def2fe64bd77b88c4b26d30fdf0252bcca191279417d683596e38ad80
upgrade/Storage Card/System/Img/M1/Phone/phone_keyboard_6_btn.bmp,27856,6916e5c4854913cb24bc1458011786ffd328bd37d540bbaa236ad2b0e7b705c8
upgrade/Storage Card/System/Img/M1/Phone/phone_keyboard_7_btn.bmp,27876,685a0fed54f9c33ee8d88ba6ea144589c642d3837922dc6e0d5bfde9fac6d46c
upgrade/Storage Card/System/Img/M1/Phone/phone_keyboard_8_btn.bmp,27884,05a8897cb3f58d0f272b7e1456b1d8f91d7980c2c7539beff4b6bc9ebae62876
upgrade/Storage Card/System/Img/M1/Phone/phone_keyboard_9_btn.bmp,27884,c2d2bee910aefd8e57cf9d997aaf0066e5626ac2017f20b8888fe7a522cd7494
upgrade/Storage Card/System/Img/M1/Phone/phone_keyboard_list_press.bmp,172240,a4ebcb8db2e4bdc892b176b51461f69451a15f31088f42ca0d1578993b024ea3
upgrade/Storage Card/System/Img/M1/Phone/phone_keyboard_minipopup2_bg.bmp,7788,28fd3f8302deba92ed035b98946ffa0d2b332d98efc50e226d191fcee9216cf6
upgrade/Storage Card/System/Img/M1/Phone/phone_keyboard_minipopup_bg.bmp,9400,58bf6b91ec932ac51ed6d9c546e7a136e5a281d1ce07f6fc0653a8c4dd84b759
upgrade/Storage Card/System/Img/M1/Phone/phone_keyboard_search_back_btn.bmp,54448,dcac48aba262fbc2eb4a4fa0713da97afcfd01d9ac16434dc68df9b1f5ffacf8
upgrade/Storage Card/System/Img/M1/Phone/phone_keyboard_search_results_btn.bmp,218060,0c13b1a18c35b02747b8a4d74625a284d9cae705a223bc4f0ae0089450b00695
upgrade/Storage Card/System/Img/M1/Phone/phone_keyboard_search_results_list_down_btn.bmp,109676,2683b3ebbe13038ee4f135b27ea0732cd0467b2716585a5aaee557b8e582bbd1
upgrade/Storage Card/System/Img/M1/Phone/phone_keyboard_search_type_bg.bmp,54352,c98349e85103f5b86306bdf62e3920758e86010ae4ffefde499c6b41cc2ba0bc
upgrade/Storage Card/System/Img/M1/Phone/phone_keyboard_softkey_1_btn.bmp,169560,6e136fc18ca19c0b406cb6a2313d123d5267266accebd66a5cce3428918f6afc
upgrade/Storage Card/System/Img/M1/Phone/phone_keyboard_space1_btn.bmp,54320,d2888268e8834cc1950f5478be632615897c3d57265976bd442923c3ab8df313
upgrade/Storage Card/System/Img/M1/Phone/phone_keyboard_space2_btn.bmp,162360,579eb39e2b86da682602f2eb670ef5bc51243e871b72a114cd387013311c4e95
upgrade/Storage Card/System/Img/M1/Phone/phone_keyboard_space3_btn.bmp,68124,a16c739ec7afaee3b7ef28407178baaf02b6e962f03a12e2df17b35bae7ac5b1
upgrade/Storage Card/System/Img/M1/Phone/phone_keyboard_space4_btn.bmp,108536,112c7b32b3124c0a3a341dbe6bc8d340aba6427ad43fcf98d8a26a3ce65c56c4
upgrade/Storage Card/System/Img/M1/Phone/phone_keyboard_space5_btn.bmp,54320,d2888268e8834cc1950f5478be632615897c3d57265976bd442923c3ab8df313
upgrade/Storage Card/System/Img/M1/Phone/phone_keyboard_space6_btn.bmp,22840,41b1d576e71d22ec3db87260c300579afd84e3d60ddcb6b80f66c18721032be2
upgrade/Storage Card/System/Img/M1/Phone/phone_list_home.bmp,6508,76712a0c8a9d72c5c52bf349005e844411cad020ffbddb89f9f37d79ecf528b9
upgrade/Storage Card/System/Img/M1/Phone/phone_list_line.bmp,147448,ecd9b73b0ca1a9cf487ebee9763c6e03bdd026f7e5e82cb46917bf84b05a9d07
upgrade/Storage Card/System/Img/M1/Phone/Phone_list_mobile.bmp,6184,b90f6002d3b0b9ced66af283e8e3070d7c1cf3e200c51d73c51ce4efae83945c
upgrade/Storage Card/System/Img/M1/Phone/phone_list_office.bmp,6192,c75086da2c158f84e72c98b3356e6a67036445100b651c8478664da50ec1fe8a
upgrade/Storage Card/System/Img/M1/Phone/phone_list_other.bmp,6620,9c33af367186827b558401cfb4ec92cbd76a5fa55b94e3d9a6115f9257550321
upgrade/Storage Card/System/Img/M1/Phone/phone_list_press.bmp,191664,1ca3227a624afb881c0c726d661703ee5ad3d34204464ea377cb0170462e3871
upgrade/Storage Card/System/Img/M1/Phone/phone_parting_line.bmp,364,58c20b9bcc8a511ba3c00daff8e5f84bbcaceb73b2fda8c5d5e52977419529b4
upgrade/Storage Card/System/Img/M1/Phone/phone_scroll_down_btn.bmp,42732,1040829b7a0343e49470d9c3267822902c55ca6dcab035259199d261f52d6a30
upgrade/Storage Card/System/Img/M1/Phone/phone_scroll_up_btn.bmp,42676,faf449e1df3349632facca988d27e0a6b060ffda5725ad0c445a91b5e1cf6792
upgrade/Storage Card/System/Img/M1/Phone/phone_scrollnumber_bg.bmp,5056,58fec2190c06a0fc5f07fd8cf3e5744cc10f0359737c9123771c712a9f5d6d03
upgrade/Storage Card/System/Img/M1/Phone/phone_smartphone_siri_btn.bmp,113968,f30ea1e210e6865cbe7453a1d01684dbc444fd9f26256ed175197eda8b78e372
upgrade/Storage Card/System/Img/M1/Phone/phone_softkey_1_btn.bmp,169564,57c25895205791984a036f9bb0c19553c7fd9145f2abe97c2c53730302c0a576
upgrade/Storage Card/System/Img/M1/Phone/phone_softkey_all_btn.bmp,43048,2a8c02524dfac3776d59890623ed566156900e4837276361969d6043e475a873
upgrade/Storage Card/System/Img/M1/Phone/phone_softkey_back_btn.bmp,27412,3e6c4265d4f2a3189222839192d6ec3f2880ce6821dc97e98bfb8768d7ebe345
upgrade/Storage Card/System/Img/M1/Phone/phone_softkey_carspeaker_btn.bmp,43048,e67752ee613de681f65d461213a70e5cc2fa48a583c8a81a24c8c7167060d3e2
upgrade/Storage Card/System/Img/M1/Phone/phone_softkey_carspeaker_dacia_btn.bmp,43044,e809ebba2a73854b543ef646706b2afae01ff1a94558d5522cc9cc4e76f6d013
upgrade/Storage Card/System/Img/M1/Phone/phone_softkey_carspeaker_nobrand_btn.bmp,43044,b1a9489b152b6b9d86e1aa3d1e94f16097f47341d995d42ba31391535b4ae0ec
upgrade/Storage Card/System/Img/M1/Phone/phone_softkey_carspeaker_renault_btn.bmp,43048,e67752ee613de681f65d461213a70e5cc2fa48a583c8a81a24c8c7167060d3e2
upgrade/Storage Card/System/Img/M1/Phone/phone_softkey_home_btn.bmp,27248,070dd43c4bba8d5fe16930186b917540b0f6f924354f42305a6bee67c073e411
upgrade/Storage Card/System/Img/M1/Phone/phone_softkey_incoming_btn.bmp,43048,3482e9263709ca6ac4b085269f46f3b4b3fa33defabe025bfe7cfd92cc08c358
upgrade/Storage Card/System/Img/M1/Phone/phone_softkey_micoff_btn.bmp,43048,59eae9f59b495e62697f4837d258261ea10fd580261f60c21af263adfd53c81c
upgrade/Storage Card/System/Img/M1/Phone/phone_softkey_micon_btn.bmp,43048,95aa9c2736b8b822d3036c4b3bbbabba866363e5d888c36fa70359567c001ec1
upgrade/Storage Card/System/Img/M1/Phone/phone_softkey_missed_btn.bmp,43048,45f1f4e90a7c90bfef42df527e15d5e1813c4bad1aaf162993e993dd7e9e4d84
upgrade/Storage Card/System/Img/M1/Phone/phone_softkey_missed_num_bg.bmp,5616,37aa3699d51dbb892caa95b9ca43a3603209e1dc17069d8657c8fdefd4337eda
upgrade/Storage Card/System/Img/M1/Phone/phone_softkey_navi_btn.bmp,27428,da48bd8bf7b7b2758ec9d185a44321838d7b5d51f8d87e50b26e93b48886f4aa
upgrade/Storage Card/System/Img/M1/Phone/phone_softkey_outgoing_btn.bmp,43048,9c3c0315b810829a85e09f794f02daa0c794026646aefea249eb00c43ff5ca8d
upgrade/Storage Card/System/Img/M1/Phone/phone_softkey_phonespeaker_btn.bmp,43048,618226824494e0944f7b9bda0889b62dc804ee4c4bc72f158bfd720db309ed1c
upgrade/Storage Card/System/Img/M1/Phone/phonebook_list_line.bmp,89472,04f2e47e2978219df772abe144a0e06709ad105485f69a905350fcb3d3ab74ab
upgrade/Storage Card/System/Img/M1/Phone/phonebook_list_scroll_down_btn.bmp,33348,3214be9831bbf3f30c671e2d125738ddc153551e7a67b635ec98584066d8dcc2
upgrade/Storage Card/System/Img/M1/Phone/phonebook_list_scroll_up_btn.bmp,33304,1386aaa95871f39e19f980b94a482446b42aced8a3a7196da7fe7d3f433e77c0
upgrade/Storage Card/System/Img/M1/popup/popup_confirm2_btn.bmp,56152,bcc335eda845666d5247f65b75abe73f49926694c4b2e480119ae6f9a9c9c892
upgrade/Storage Card/System/Img/M1/popup/popup_confirm_btn.bmp,64060,39887d6e6dd4061614731bbe457fc48fca8fe11f253b94d86a3140e3cb9040bd
upgrade/Storage Card/System/Img/M1/popup/popup_list2_bg.bmp,49792,7ea912cf9749d67bc0945d359a54cf85fb8b50ee04424a50d23cb2aab52653c6
upgrade/Storage Card/System/Img/M1/popup/popup_list2_btn.bmp,155532,3350e2e2ed245b048b5a9ed4402b06ef44f0126181d7065c052ced38b8e5ef90
upgrade/Storage Card/System/Img/M1/popup/popup_list3_bg.bmp,179728,0ca35d05d55ce6ff2771ceab08e92a47ee6efd2028fe7ba4ad54c11d85461834
upgrade/Storage Card/System/Img/M1/popup/popup_list4_bg.bmp,231188,4cf52b8ba15426792b08f1df6c2fb15054cce4e31dbfddfbd6f3e892425ac44d
upgrade/Storage Card/System/Img/M1/popup/popup_list_bg.bmp,231188,3c1117ed1b2cbde4d96cc886ffef5abcfb2e7f4509208c297e426bf301815583
upgrade/Storage Card/System/Img/M1/popup/Popup_list_home.bmp,6896,8d45fefad29091d22d427b6e3d8a51aaf9b67f190ed53dcdab7354b25ad67eb7
upgrade/Storage Card/System/Img/M1/popup/Popup_list_mobile.bmp,6672,30dfefcfe032b294ebc0c59a5d7e7d83390212107076a6dd5a4d29dd9a961dd2
upgrade/Storage Card/System/Img/M1/popup/Popup_list_office.bmp,6644,e3e8314d0bc18a5fa9d19ab96d9b5d5295fe907b4644a21f02fb152747b70285
upgrade/Storage Card/System/Img/M1/popup/popup_list_other.bmp,6968,5df05b0e009524addb135303448eb2966fb715f1d5664877e3caeb26a5c6c9c2
upgrade/Storage Card/System/Img/M1/popup/popup_list_press.bmp,143648,07e995e8182bd27ff5d181bd3bc579afb7a7f95fcbdbe1d6c17c838fc1a3482c
upgrade/Storage Card/System/Img/M1/popup/Popup_list_scroll2_down.bmp,38708,9c4f4c4e870458c18a539fb779b3f447348a9a3f41d330cbc156266f1acfe300
upgrade/Storage Card/System/Img/M1/popup/Popup_list_scroll2_up.bmp,38676,5f44ddbff505be4e57d333633f1fc3281fad73a80cc5e600cee7249c848bd369
upgrade/Storage Card/System/Img/M1/popup/Popup_list_scroll_down.bmp,29696,b3112aff6073fd485e81d4916b6d4525e515fd5583bfd84a2a69f62dd1fa6bca
upgrade/Storage Card/System/Img/M1/popup/Popup_list_scroll_up.bmp,29664,d3bca6cf737059d92670b15f6e9c6743031a228df31e85b40ea576e52c0e049d
upgrade/Storage Card/System/Img/M1/popup/popup_update_gage.bmp,1844,e5cca4796e6ea10d85aaeb9b76a5bd2fb9b45a8dce1e0f6f267d159396077d2c
upgrade/Storage Card/System/Img/M1/rvc/camera_brightness_icon.bmp,1876,b8706fed7e32bef0da3415d23bf29c62523ae0679fea36962da6f6f18a5f4ae5
upgrade/Storage Card/System/Img/M1/rvc/camera_btn_bg.bmp,96064,c7eb9c4637e43b0d85f60a6cd7014caa2db01c305de789cc0264aef839418791
upgrade/Storage Card/System/Img/M1/rvc/camera_contrast_icon.bmp,1464,1eb400821e398eab4edef4568a29aa3e6aae3b03164031d2950d506a7d4c13b1
upgrade/Storage Card/System/Img/M1/rvc/camera_display_bar.bmp,564,22deadf1a3e8587eda9c2823647a5ecd9d23ffc868ae6fd8d1818d2a9648f230
upgrade/Storage Card/System/Img/M1/rvc/camera_dot.bmp,160,3b66d5b0d48913faeeb2e8fdd196a5e1b405b41cc2406304338b18146aeb084a
upgrade/Storage Card/System/Img/M1/rvc/camera_guideline.bmp,152036,c3186c79f368165a7d61b676b305fd82a5ab803c7eae1af8322a86a46522d2c2
upgrade/Storage Card/System/Img/M1/rvc/camera_icon.bmp,1372,2bc4e3f6a7610f58387b614d835758f4eb52a91d703730dd89fe80c9480421b7
upgrade/Storage Card/System/Img/M1/rvc/camera_left_btn.bmp,25964,60d5acc0491df00dea98ee2d5362ac8db21b53b61968a318472d6c288f065295
upgrade/Storage Card/System/Img/M1/rvc/camera_minus_btn.bmp,24420,6609b3d0dfa858191556cbc691b05d44fbc85a88bb0d9b8865050b0e64c10cea
upgrade/Storage Card/System/Img/M1/rvc/camera_plus_btn.bmp,24604,9c8dbb28d645ad527cac61e8ebfdfb512f3c738d1b8f61a573ffb926848c7a75
upgrade/Storage Card/System/Img/M1/rvc/camera_right_btn.bmp,25408,17a48288242398137e0b5d7a65e29868e6debf36ab7a9b34bcc90e82a51b5633
upgrade/Storage Card/System/Img/M1/rvc/camera_text_bg.bmp,36304,1242f6e8437d19698b5e64fe6b12e1587b6e97a3d330f45e48037fb0cabee3f4
upgrade/Storage Card/System/Img/M1/rvc/setting_line.bmp,780,4d1f0ef9d03aaf8973da5f12f4e0bbfae7865c01137481af94f76e26a7afd91d
upgrade/Storage Card/System/Img/M1/setting/res_caution_icon.bmp,1956,1fbc7bc71c88e05d7ec75a62d2dff1f7626d21e7bd9bcaa57a3a93ef77e5d7f4
upgrade/Storage Card/System/Img/M1/setting/res_setting_2_btn.bmp,55240,9adf811a86837b71ece792aff5767df26cf8867f89680b984da0264bdd7b1cac
upgrade/Storage Card/System/Img/M1/setting/res_timeset_down_btn.bmp,43940,3e3337336b798b410a5811644938afc608443f1a7d26d6ff776d442e39291d0e
upgrade/Storage Card/System/Img/M1/setting/res_timeset_up_btn.bmp,43964,3d9d77845a00796bea26a5b694ac2687eaa0862e44cb159fb0ba4062a62a931c
upgrade/Storage Card/System/Img/M1/setting/setting_1_left_btn.bmp,28132,0c1ddebad1bc0b9fb1fbfe8d42f692f5268674e71e882e910b21a99450e68f75
upgrade/Storage Card/System/Img/M1/setting/setting_1_middle_btn.bmp,28132,0c1ddebad1bc0b9fb1fbfe8d42f692f5268674e71e882e910b21a99450e68f75
upgrade/Storage Card/System/Img/M1/setting/setting_1_right_btn.bmp,28132,0c1ddebad1bc0b9fb1fbfe8d42f692f5268674e71e882e910b21a99450e68f75
upgrade/Storage Card/System/Img/M1/setting/setting_2_left_btn.bmp,19584,aafc3a980c9bba3ef10405801c31465d2f63584a5591ede153701c7bf65d1f10
upgrade/Storage Card/System/Img/M1/setting/setting_2_middle_btn.bmp,19584,aafc3a980c9bba3ef10405801c31465d2f63584a5591ede153701c7bf65d1f10
upgrade/Storage Card/System/Img/M1/setting/setting_2_right_btn.bmp,19584,aafc3a980c9bba3ef10405801c31465d2f63584a5591ede153701c7bf65d1f10
upgrade/Storage Card/System/Img/M1/setting/setting_changekey_ number_1.bmp,48684,e2f41718c8681d6ba575a5149b8059e1503dfda93d05ef8b13d3e94352700e9a
upgrade/Storage Card/System/Img/M1/setting/setting_changekey_ number_2.bmp,97564,b04db6fefd9a6f43543fde92bad36299a8a939a4adb0fc33bb590c47dadc7b08
upgrade/Storage Card/System/Img/M1/setting/setting_changekey_ number_3.bmp,48544,fef28978a567e659d20537b3e8b095275ae9f218961afe1443db0cdd4da7e983
upgrade/Storage Card/System/Img/M1/setting/setting_changekey_ number_4.bmp,48600,ff86ab4f17bab520140e5c1141203bd18f03d680933be363924bd84afd4ce3d4
upgrade/Storage Card/System/Img/M1/setting/setting_changekey_ number_5.bmp,48656,2bc982243ab25e5196c2d3901d209d3ff9c5453b22b69c865c7b50b7deee9626
upgrade/Storage Card/System/Img/M1/setting/setting_changekey_ number_6.bmp,48652,c3f9f4e4d2e070fc8809fd5261dcbfeac8040eca573d160273074d2606130984
upgrade/Storage Card/System/Img/M1/setting/setting_changekey_ number_7.bmp,48588,2de1e31281d2281147c36c8c459fd2f9f8c179adbed38042cc9b41d5d6e4a3b1
upgrade/Storage Card/System/Img/M1/setting/setting_changekey_ number_8.bmp,48684,e2f41718c8681d6ba575a5149b8059e1503dfda93d05ef8b13d3e94352700e9a
upgrade/Storage Card/System/Img/M1/setting/setting_checkbox.bmp,7528,94b64196eefeb1a973611acae033630f7e78dce01ffc5a42ca9a9faa7c82da69
upgrade/Storage Card/System/Img/M1/setting/setting_delete_btn.bmp,28416,2e293c37a271bc50644b3db0053d2bc796a2dcfb22deb380cf3f189d04794542
upgrade/Storage Card/System/Img/M1/setting/setting_direction_center_btn.bmp,16984,adae3f3222250e4c4087b18c0d8308c124464d661e1664c29cc07d99fd07e062
upgrade/Storage Card/System/Img/M1/setting/setting_direction_center_image.bmp,42668,108a990c73ce39ad0524e9dec209e9c4af23a7b09d33cfe7ccdc59936501c3df
upgrade/Storage Card/System/Img/M1/setting/setting_direction_down_btn.bmp,16920,812065f2d4629800d3ac401de3eeda3a754296242147dac1acabd4cf85213366
upgrade/Storage Card/System/Img/M1/setting/setting_direction_image.bmp,82648,d35bd3a10f0f6c81632fc04fc046a62e634e96b5fa539004fd9d4f6fe0151eab
upgrade/Storage Card/System/Img/M1/setting/setting_direction_left_btn.bmp,16916,9c5820dc89f8bbb50d2cdb4895b93cd4d0bac370570050f42c411f7932832f9b
upgrade/Storage Card/System/Img/M1/setting/setting_direction_point.bmp,1096,88fc3f0e4e9030d323cf6f5c66450fa44fafb49dbbdb588bba636cabae884041
upgrade/Storage Card/System/Img/M1/setting/setting_direction_right_btn.bmp,16908,e80607ee222a6d0bd9875ce073a5ab762e20db97524dab6be43c30b236116c59
upgrade/Storage Card/System/Img/M1/setting/setting_direction_up_btn.bmp,16924,972a18e6ddc11524500f93b61c16b10ee2ed74147597fc1bcabd1a62f6f2ae2a
upgrade/Storage Card/System/Img/M1/setting/setting_dot.bmp,152,df2309f3b90e7744e4dd10e88480f8ee157db4d105678de29992e28d295983e6
upgrade/Storage Card/System/Img/M1/setting/setting_indi_line.bmp,82088,0af13bd4c0f2eccc0c4fa26322a78c312345da69126bfff5406427e593404d33
upgrade/Storage Card/System/Img/M1/setting/setting_list_icon_mobile.bmp,5440,be8fdb0f61b7ba757ce7e2f33c2dc43b514275bda97998ecc7d1318e00b9e942
upgrade/Storage Card/System/Img/M1/setting/setting_list_icon_music.bmp,5780,952f6e265c687df60f8440d61e4e5d0c4da4344b42080e01bad323898dced580
upgrade/Storage Card/System/Img/M1/setting/setting_list_icon_smartphone.bmp,7332,2f0780b41938f1c344fc193b94b612ba8ce430eed5de152399c80737caddd28b
upgrade/Storage Card/System/Img/M1/setting/setting_list_line.bmp,147404,0fb12767721f02b4d7a9850c74e57e5b4d2f83a113315c4f5c75e98f9a76b1ad
upgrade/Storage Card/System/Img/M1/setting/setting_list_press.bmp,191656,015d6493ad5320cc26dd8726aa5148f69a80889e626fed053119974deef4ad28
upgrade/Storage Card/System/Img/M1/setting/setting_list_siri_icon.bmp,4996,60d75721ff6371ac5975a6c48041db79fea67437927f01ae440f5129f015ef89
upgrade/Storage Card/System/Img/M1/setting/setting_osl_info_btn.bmp,26372,e6e0706d9e6344934d76c695c613551e77a80be37728fc90922da4da622f720f
upgrade/Storage Card/System/Img/M1/setting/setting_parting_line.bmp,364,5c6414a657f2f0e72bf8b2d8a9dcfedd80e620a7fff831caf28dd1f801c820c9
upgrade/Storage Card/System/Img/M1/setting/setting_scroll_down_btn.bmp,42560,8d604af957ec3afba9d294fca496d42f12c6508276720fec6af26125085a2bb0
upgrade/Storage Card/System/Img/M1/setting/setting_scroll_up_btn.bmp,42580,d233c426a5fd25d554e2fc0ef7b78d62a4ef4dd94984d6b18cf8b33649ffbb5a
upgrade/Storage Card/System/Img/M1/setting/setting_scrollnumber_bg.bmp,5056,a09f4b8accdd27cee432783c6c25836241d59523beb31e3c58f1d4ff2822e48f
upgrade/Storage Card/System/Img/M1/setting/setting_softkey_1_btn.bmp,169420,800e6db0750839d1e62904003eb1dca29a4b55110eba945d3c2f1c7e07e33f85
upgrade/Storage Card/System/Img/M1/setting/setting_softkey_4_1_btn.bmp,43048,12b451ada15fb18b3555e2ec6302f8a63eece89b524baa4b4e8b70f0086d58ef
upgrade/Storage Card/System/Img/M1/setting/setting_softkey_4_2_btn.bmp,43004,f86bdc5849cbc293c1b36c511d9b4014ed1ca3fee4b70249306e58f2546c85d0
upgrade/Storage Card/System/Img/M1/setting/setting_softkey_4_3_btn.bmp,43048,5aa607b063f9291009df7979fd722d84e574934db82ecb871140b7629e5d6960
upgrade/Storage Card/System/Img/M1/setting/setting_softkey_4_4_btn.bmp,42680,94646485b18d4a3d26de4e4797419b7993ef2291f002be4296edcd59cefed452
upgrade/Storage Card/System/Img/M1/setting/setting_softkey_back_btn.bmp,27240,15e29323dd7b6302b67429b0b475bba6f6e30f25863e471bf2e4350b122c023f
upgrade/Storage Card/System/Img/M1/setting/setting_softkey_home_btn.bmp,27108,513ca6ad455a248823a628d0d3356b08b91b68173600b3a5ede00a6f62ae06d2
upgrade/Storage Card/System/Img/M1/setting/setting_softkey_navi_btn.bmp,27428,38b32b676aa04894c6be200fe0eddc5c61b2f3ef79c40245d5c6576a4bc2dace
upgrade/Storage Card/System/Img/M1/setting/setting_sound_audio_icon.bmp,3612,48a43f47ecf97445500545df107308dfe9add0085f4583002f9d2d7c0464852c
upgrade/Storage Card/System/Img/M1/setting/setting_sound_bar_bg.bmp,15444,e861c684fea5e555e576729115d7b4c8071968022ba1d5b94f5c8d070173f8fa
upgrade/Storage Card/System/Img/M1/setting/setting_sound_bar_f.bmp,1668,8a0cdbae10662e669847d89e4d393932951a79ff635c7d3148da104095f155b0
upgrade/Storage Card/System/Img/M1/setting/setting_sound_minus_btn.bmp,26732,b4bf160f676f8c9aae62ba6b0198e7ccf4e59842053426f31a207fc6fb321daf
upgrade/Storage Card/System/Img/M1/setting/setting_sound_navi_icon.bmp,3784,482cf82c70591ea3f66435e55080e35f185c87d3c3e8303bd1f009611b98829c
upgrade/Storage Card/System/Img/M1/setting/setting_sound_plus_btn.bmp,26908,5f5d17f78466f992308362980e09f5ce62561799d09c6fc622736004c015a1f0
upgrade/Storage Card/System/Img/M1/setting/setting_sound_ring_icon.bmp,3584,1c15b3abd92f3dfc98c6878b45f6aaea3bfdd28e464362a4bbbbaadfff1fdd79
upgrade/Storage Card/System/Img/M1/setting/setting_sound_ta_icon.bmp,3612,4165aae3fecfeef3fbd8e74317641d81101ee750a5e9093d0ed24ca90a2b6f6d
upgrade/Storage Card/System/Img/M1/setting/setting_sound_tel_icon.bmp,3544,0a824a12e8a49502e5eb1547f2f494324a5f3a65d3fcf649097fc78cec0fedfa
upgrade/Storage Card/System/Img/M1/setting/setting_spvr_help1_dacia_img.bmp,62612,f2335d3af7ba1b1b8fd02b6c836a1dcb61d8683003a0dc065036028162343f01
upgrade/Storage Card/System/Img/M1/setting/setting_spvr_help1_nobrand_img.bmp,63116,3b28a3fec39422778a3754bf1c5848da000031c526d4bb7eaa0e1e446737e763
upgrade/Storage Card/System/Img/M1/setting/setting_spvr_help1_renault_img.bmp,63120,30bdde973e1de2ca529ed50e7b63bdcfb5eb4a44bc92a286744d8e082cfdf6df
upgrade/Storage Card/System/Img/M1/setting/setting_spvr_help2_1_img.bmp,63120,c35e7bcdc52338e78bac23c5834835288a6518b78d45c233634527f89f565edc
upgrade/Storage Card/System/Img/M1/setting/setting_spvr_help2_2_img.bmp,63120,64117d8fb6c9524763a78842db95ada677ff17b87bc37ecf0500a07ecff7ad2f
upgrade/Storage Card/System/Img/M1/setting/setting_spvr_help3_img.bmp,63120,0eec734fd0b4adfa817c01721fedb5c571c9aed9c6e30491f28fff9e3902051b
upgrade/Storage Card/System/Img/M1/setting/setting_spvr_help4_img.bmp,63120,74f151671a2f14600882be5bd398fcd4b235f10717443b718aa3594ead2afff9
upgrade/Storage Card/System/Img/M1/setting/setting_spvr_help5_img.bmp,62844,57fb3d87d1fcb600ceafdccbd79435c1d71fba521ec2d5ba0b79075b980c68dd
upgrade/Storage Card/System/Img/M1/setting/setting_spvr_siri_help_icon.bmp,2032,953e87df302777a2133d9f8cc912f45713861187213ea0a489cab46cf071464e
upgrade/Storage Card/System/Img/M1/setting/setting_surround_bar_bg.bmp,10812,9d376750fba4ddd002af230a2f712f3a87b364b1fbc0e9b7a384734711d021be
upgrade/Storage Card/System/Img/M1/setting/setting_surround_bar_f.bmp,1448,4525253e3e76f4d39abaa15b109228343334ea8bcd1c001f052423a0083f47ed
upgrade/Storage Card/System/Img/M1/setting/setting_surround_center_btn.bmp,17368,5c57cc1cb2884bcf858a7199bf5fa58fcd21dbf65ebeb758e887f49f640bcc6a
upgrade/Storage Card/System/Img/M1/setting/setting_surround_left_btn.bmp,17716,ee9d219e4de41e8c1a2457b761f747ba8130fc28a5c2c1b2081433728f98c43f
upgrade/Storage Card/System/Img/M1/setting/setting_surround_right_btn.bmp,17704,397c86d2053b979e27f3aa1fedfe8a20b7e1e8381a4e538017df465e56ddafe6
upgrade/Storage Card/System/Img/M1/setting/setting_tem_c_btn.bmp,28416,b7c651725d4527f04ec5ef5d4154234b14cbeef46ebcbca3f251d1c6e11dc687
upgrade/Storage Card/System/Img/M1/setting/setting_tem_f_btn.bmp,28404,0837d2e75c6cfd557d99c465d88eedeebefb8570f4c53446b95f7a1061a31f27
upgrade/Storage Card/System/Img/M1/setting/setting_timesetting_2_left_btn.bmp,33488,613fc7b04cda00d8381fbf187f7b1521adc8ab43623e15045d1adb5a192d9faa
upgrade/Storage Card/System/Img/M1/setting/setting_timesetting_2_right_btn.bmp,33488,613fc7b04cda00d8381fbf187f7b1521adc8ab43623e15045d1adb5a192d9faa
upgrade/Storage Card/System/Img/M1/setting/setting_timesetting_btn.bmp,55484,4677f98b99617e921c2213fbf5dd901d9c3e3d60742102c743f935cb0cd34474
upgrade/Storage Card/System/Img/M1/setting/setting_timesetting_down_btn.bmp,28276,28ac564dcc5757bf3f20d6b8e21f77e450c8bab0be768200defe56c67066e666
upgrade/Storage Card/System/Img/M1/setting/setting_timesetting_up_btn.bmp,28316,b82641dd8cf283ded09afe7b3a9e9699a0970f28e77f62731cc96f327b4d0805
upgrade/Storage Card/System/Img/M1/setting/sound_setting_btn.bmp,28416,f6641a10059778249ef9d425d3d1caec50aa93e4ff6cb3fac878dc88a06520b8
upgrade/Storage Card/System/Img/M1_INV/common/common_indi_aha_antenna_icon.bmp,2916,24b15b721f7a646d7219496cbc7dab2fea0757fdd48abb44d7836035a3708231
upgrade/Storage Card/System/Img/M1_INV/common/common_indi_aha_antenna_icon_dark.bmp,2880,c532988e2b470f28f93910b4a178da786b5fe885f0073e801df3eb8dc5e95581
upgrade/Storage Card/System/Img/M1_INV/common/common_indi_antenna_icon.bmp,4108,c2f19a03c1a3f895c7f796ac1733077fea0008d768101ba37b72acba3bad7180
upgrade/Storage Card/System/Img/M1_INV/common/common_indi_antenna_icon_dark.bmp,4108,62facac96f70cdebf9254efea948a30d1f73aa756e3abcf9a36120b02abf9856
upgrade/Storage Card/System/Img/M1_INV/common/common_indi_battery_icon.bmp,2844,507cf16b5144519b831ec75ec4a4df98bfa7ad6c0b933965b49d56c40d249ee6
upgrade/Storage Card/System/Img/M1_INV/common/common_indi_battery_icon_dark.bmp,2760,d61aae61b0d00992468ee7fedd501db59a6a4ae5dfeb30d625080a1dca206321
upgrade/Storage Card/System/Img/M1_INV/common/common_indi_clock_am_icon.bmp,572,edff1799d95f1fcc8c442877a1fad20e8c32890a01423be953a029725d02b522
upgrade/Storage Card/System/Img/M1_INV/common/common_indi_clock_am_icon_dark.bmp,1440,83077db156507e7a84906b731ae0cf3a89baa9260d6163440756375b4abf192f
upgrade/Storage Card/System/Img/M1_INV/common/common_indi_clock_number_img.bmp,6920,ccb65a317e30a841b7e34aedc4e7fbe8667d568fa435d4216c2c9cf60dc07766
upgrade/Storage Card/System/Img/M1_INV/common/common_indi_clock_number_img_dark.bmp,6816,4ff47dceb296678eccf8b585450d0a6ecd91d22718a85d69da09a0cb7744d2b0
upgrade/Storage Card/System/Img/M1_INV/common/common_indi_clock_pm_icon.bmp,560,a11ded0bd098ce0d7a40690ab1d2ca8e4a0a8e20902ac634dc386edaa037c8a3
upgrade/Storage Card/System/Img/M1_INV/common/common_indi_clock_pm_icon_dark.bmp,1440,055ca284c0e58accc4aa5fb29ca98d849fff26442485f94d54383cc92275cb70
upgrade/Storage Card/System/Img/M1_INV/common/common_indi_line.bmp,62968,76e52d5a9f0f9531c019896729c429518672bbf5a135d39a728e4c49f9695166
upgrade/Storage Card/System/Img/M1_INV/common/common_indi_semicolon_img.bmp,508,cfcaf7ead3128884478c15d2e7d0e8847c081c222aec55c2098b0950c468e552
upgrade/Storage Card/System/Img/M1_INV/common/common_indi_semicolon_img_dark.bmp,500,29b0003b7c1a3ef6f5d5799e2e665f6518d0bee3af46dc6e9e691291e7db035b
upgrade/Storage Card/System/Img/M1_INV/common/common_indi_set time_icon.bmp,872,597b3af675572984e024621b5ad934b6bcfb775ae8eb031d0d9d7eebef38b052
upgrade/Storage Card/System/Img/M1_INV/common/common_indi_set time_icon_dark.bmp,1608,cbadc88b60929a3298114ab937ce597d8d0e210a129647509410cdd16a7f87fc
upgrade/Storage Card/System/Img/M1_INV/common/common_indi_temp_c_icon.bmp,488,3e279b5934d43f6e186ad25e649c08c3b10006dab85cc0582d6aaef9e1ede33c
upgrade/Storage Card/System/Img/M1_INV/common/common_indi_temp_c_icon_dark.bmp,1380,c0bb0f03eba255b60103d766d0d1acaca2a6980d9aaa5df94e264b85818fde7a
upgrade/Storage Card/System/Img/M1_INV/common/common_indi_temp_f_icon.bmp,464,87e59035928e9ca51cf9b4dfffb51a742070217aa30f9b6ee3e1480a557b4faa
upgrade/Storage Card/System/Img/M1_INV/common/common_indi_temp_f_icon_dark.bmp,1380,d01f944946873672b57be76fbe75f3fe4e3046088e5e98ebb190fac471a3d157
upgrade/Storage Card/System/Img/M1_INV/common/common_indi_temp_number_img.bmp,3928,d392422366f2aa1328d801c34499750233c406cecf2693d0eab61a1442c0f079
upgrade/Storage Card/System/Img/M1_INV/common/common_indi_temp_number_img_dark.bmp,3876,6036621f832be0760fb383e80c9545eedba0d74fdeba053db2d762f3dde30ac6
upgrade/Storage Card/System/Img/M1_INV/common/common_pull_down_icon.bmp,760,0b6a520963d1fab5c9fccb5fa6b8e2df32732f4b993fc1b44323296469ec4578
upgrade/Storage Card/System/Img/M1_INV/common/common_pull_up_icon.bmp,724,5048c6674301e62c95573e5891de4ea82825f881d2e7b5f3d288c4eba69233df
upgrade/Storage Card/System/Img/M1_INV/common/eco_bg.bmp,384500,979df3ff5c84dbd23e790072f65df6761efe473638f3708c2c125d30fd0e0b70
upgrade/Storage Card/System/Img/M1_INV/common/etc_bg.bmp,384264,bb1d23ff1e359d951626f2fcfefb54bf9f5d33a3c34b3ee1dfc262a614102608
upgrade/Storage Card/System/Img/M1_INV/common/fmradio_bg.bmp,384500,0f14a1cf3d9215c3159d85d164b16c1aa6c56612ffd3a612cdb86c22730c3bcc
upgrade/Storage Card/System/Img/M1_INV/common/home_bg.bmp,384168,84bf22439126720abca562b699386334bbb2dfdc9f57d0502b907f0be3323f7f
upgrade/Storage Card/System/Img/M1_INV/common/media_bg.bmp,384628,0f6c8a163edf0d077e762395e712aaae63aa35a2beb540afeb7dfe4f503b98cd
upgrade/Storage Card/System/Img/M1_INV/common/phone_bg.bmp,384548,24382a967d1b2c4c8d2c51e787644c282ae8e8e1774cef4b9c48356b0ddbc353
upgrade/Storage Card/System/Img/M1_INV/common/setting_bg.bmp,384568,f27b4ea57ae308b3de32014a35cbcad06cceb32abc41e59891442cfe3446c0af
upgrade/Storage Card/System/Img/M1_INV/eco/eco_arrow_left_btn.bmp,70132,975e4c318da7280c57bace6b9450449b014c6a8db9d011066ae7067ca298c281
upgrade/Storage Card/System/Img/M1_INV/eco/eco_arrow_right_btn.bmp,70144,7a56d2d8a6a0a43efa658eb3e9cee3067ef1f05e9f7b7827ba0bf86b7432bf0d
upgrade/Storage Card/System/Img/M1_INV/eco/eco_coaching_acceleration_img.bmp,14212,0f5f65f2acd7b03f575d271ceb36f8f68356aed1c04d5b9dde5c682d1fc3aefb
upgrade/Storage Card/System/Img/M1_INV/eco/eco_coaching_anticipation_img.bmp,14212,7d0be4d414cdce978014bb66bee9afcfc7a0af1581eecc10881502067a4341ad
upgrade/Storage Card/System/Img/M1_INV/eco/eco_coaching_gearshift_img.bmp,14076,f94d317f4d772a15d837a5973ab6e81d80f34064c4da8993d40ecb7a6e909739
upgrade/Storage Card/System/Img/M1_INV/eco/eco_coaching_general_img.bmp,14228,a61c675e953849de33730898dc034fc375f6ad51898ec0b4b885fa1eb329bd48
upgrade/Storage Card/System/Img/M1_INV/eco/eco_coaching_star_icon.bmp,2292,5a58c4f1345d7d4b3081efa68ec27080c4de3c46f3a6567ed5e7054e484e2492
upgrade/Storage Card/System/Img/M1_INV/eco/eco_dot.bmp,152,70cb749c49a762743837ffb48a5e2964223bd2c325ecad2266409d1782e5dbeb
upgrade/Storage Card/System/Img/M1_INV/eco/eco_indi_ine.bmp,82168,efdf7db14f295bd6840eeecdfb8f9f1d271fc3008d0f6d38ec382a5a515919e0
upgrade/Storage Card/System/Img/M1_INV/eco/eco_pagenumber_icon.bmp,1420,eab31ad0ddb2170b66ab965dc8f29c0d02c3ee85c1d83ca1fed0defcc9e59909
upgrade/Storage Card/System/Img/M1_INV/eco/eco_parting_line.bmp,420,0fb804284853d3b5a7b1e7bb4203e1531cdc6ed7e0d4da6a1b8e484aeccf88a9
upgrade/Storage Card/System/Img/M1_INV/eco/eco_reset_btn.bmp,49220,c1f2646bf15b528cb06a4124166460c4ca232ca03fb2ead828af86b1939ac0ca
upgrade/Storage Card/System/Img/M1_INV/eco/eco_scoring_img.bmp,416920,785650a46ddf245cda9478c23299829a93aef511d690d4419d17bb99b58e6f9f
upgrade/Storage Card/System/Img/M1_INV/eco/eco_scoring_star_img.bmp,4184,61619e48ce26fe3f3dee5a1f0caced950ceccc2462697ff5aae3025e244965e6
upgrade/Storage Card/System/Img/M1_INV/eco/eco_softkey_3_1_btn.bmp,57200,125d1c5d1e9978c43f5f6344757ef0b49c742b0251dd200360d84a4e8b1b81ea
upgrade/Storage Card/System/Img/M1_INV/eco/eco_softkey_3_2_btn.bmp,57200,d3337e1093bc9f8df1fdb50e5a53176bee01f8bddaca4c605a901a806497234d
upgrade/Storage Card/System/Img/M1_INV/eco/eco_softkey_3_3_btn.bmp,56956,2cdf82f7d4036894d72e1acc3599e5044ddc90bb3d091fec2bb3a604bfb26641
upgrade/Storage Card/System/Img/M1_INV/eco/eco_softkey_home_btn.bmp,27312,3a725242630371905639d177b3e54458ae83c3dd091db2ca05a02fb99ae52b15
upgrade/Storage Card/System/Img/M1_INV/eco/eco_trip report_bracket_close.bmp,1016,a82da83c1054164d1727b645fb970163eb8dab2a34ce7407f59362f04c62c849
upgrade/Storage Card/System/Img/M1_INV/eco/eco_trip report_bracket_open.bmp,1016,75cc2cab5c7d85a9edd6aa5cbc83ef86838efa3cc62c158e8f3913febc44779d
upgrade/Storage Card/System/Img/M1_INV/eco/eco_trip report_car_img.bmp,4852,de203bc84c5a3e6ca4aa065e615b64a1c86e875f42b2a597e0ec8a248c00dd83
upgrade/Storage Card/System/Img/M1_INV/eco/eco_trip report_slash.bmp,1116,b042bd1b05845bb324359cbda953535fb92cebe2e79bb3294f61f6a925365ce4
upgrade/Storage Card/System/Img/M1_INV/eco/HAVC/eco_blower_icon.bmp,2584,6a21d3e171df9f538cd56fb09e5d2101c01da05390799bca4c0ba19a64528d99
upgrade/Storage Card/System/Img/M1_INV/eco/HAVC/eco_blower_statusbar.bmp,5564,7c716ad8adc8def11e11b54559b8e3a30ed1427270b5b1905c7f7b5d6066064e
upgrade/Storage Card/System/Img/M1_INV/eco/HAVC/eco_clearness_icon.bmp,2604,c233193fdfbbee331cdd97ac1e83c8da8d3e27e5496b1bcfe1af69f494281ed2
upgrade/Storage Card/System/Img/M1_INV/eco/HAVC/eco_defrost_icon.bmp,2536,2172d8907f166ce445876e324edd4181347aa42d3f6cf7142b2048ac3a04ea2a
upgrade/Storage Card/System/Img/M1_INV/eco/HAVC/eco_fiow_1_icon.bmp,2512,ec392307bbc4fbeff9c1b7a253262d23a5fea52a8fe0039f28e3d6dd4ff7d1c2
upgrade/Storage Card/System/Img/M1_INV/eco/HAVC/eco_fiow_2_icon.bmp,2524,5bd83a18dda4d11e2a66773f5e72e308e24cdf143b8a59abfdad3e6b47b3b94d
upgrade/Storage Card/System/Img/M1_INV/eco/HAVC/eco_fiow_3_icon.bmp,2552,0955d9a73ad9e788d99f72e92c061a547498cdadfb7deb2a6184cc1e0330a7fd
upgrade/Storage Card/System/Img/M1_INV/eco/HAVC/eco_fiow_4_icon.bmp,2632,1d83044cb9e6e6246a9629b71d311ba335eed929b7a822647d6cb31242d373e5
upgrade/Storage Card/System/Img/M1_INV/eco/HAVC/eco_fiow_5_icon.bmp,2628,558efd1834b08072dce157530153aaa9c93a4c8786ee55ffc64fb2291d228468
upgrade/Storage Card/System/Img/M1_INV/eco/HAVC/eco_fiow_6_icon.bmp,2656,0569ccc6089a7a83d7de6e49f376c741f1ce2e5fff7385f835f2ccb16e186fe7
upgrade/Storage Card/System/Img/M1_INV/eco/HAVC/eco_fiow_7_icon.bmp,2656,69ef176f428bb7cd59fe48c46dee9974055840b7c45fdaf78649e9bf756581eb
upgrade/Storage Card/System/Img/M1_INV/eco/HAVC/eco_recycling_icon.bmp,2572,ba1cb07dbc92e829d08961f3626036d84eed4749a4298c8dcf87bcc1be1625be
upgrade/Storage Card/System/Img/M1_INV/eco/HAVC/eco_temp_c_icon.bmp,1168,058cfbd695afadc03de6952497c68f018af07ae0db4b1fee1489f4a4d7521758
upgrade/Storage Card/System/Img/M1_INV/eco/HAVC/eco_temp_f_icon.bmp,1096,e5195ae685bc309c9b078d3df2022e87e9166bde6d0a744e7e1c4afce8f3697e
upgrade/Storage Card/System/Img/M1_INV/eco/HAVC/eco_temp_icon.bmp,2436,e2d999065f0825b4fa3afce5b7934bf6467cda6f1f37502c78cd02075d46df2f
upgrade/Storage Card/System/Img/M1_INV/etc/etc_authentication_key_ number_1.bmp,48324,028cb087efb715908386cf0d3cb6eb123c600f73c8c8c0f885e22958dd6cab23
upgrade/Storage Card/System/Img/M1_INV/etc/etc_authentication_key_ number_2.bmp,97092,5a5c317186d7ea5fc67b7a94884650f31aa91c036c18f67b8a3e118079fea13f
upgrade/Storage Card/System/Img/M1_INV/etc/etc_authentication_key_ number_3.bmp,48400,aad169eae25683fb87109a6e151625d13df8ded2b27d2a38ab494285eba4b6c2
upgrade/Storage Card/System/Img/M1_INV/etc/etc_authentication_key_ number_4.bmp,48408,d2b0c3aef94b3a0a36633cf79167fbf6315ef6b3a089834eddf5306209eb53be
upgrade/Storage Card/System/Img/M1_INV/etc/etc_authentication_key_ number_5.bmp,48396,b58c4293bf2f7043194fdc91fd117838414b68bc7b49009abbdd0413f58d0287
upgrade/Storage Card/System/Img/M1_INV/etc/etc_authentication_key_ number_6.bmp,48400,1a5926cd2820b4a4991c4fbdb05f3cfb8c86746e1d7d1320b948affd8ba7948b
upgrade/Storage Card/System/Img/M1_INV/etc/etc_authentication_key_ number_7.bmp,48404,2252d61cc3b2a686583a6ccf8237a0a5842eae2a784ca6b224c5d2c779b42eae
upgrade/Storage Card/System/Img/M1_INV/etc/etc_authentication_key_ number_8.bmp,48328,79065bfba7f86858f6c8cbb3846e353c058ef4ef4d8b8edda79d27fb7b2ea711
upgrade/Storage Card/System/Img/M1_INV/etc/etc_authentication_key_inputbox.bmp,6096,014dd8bd787fb2fd55e1ed53975fbdb44418268638c534bcb1de11dc79066117
upgrade/Storage Card/System/Img/M1_INV/etc/etc_call_icon.bmp,3512,0c110fdad241ca37a9c692cef26aeda0bb3ebe1f7db048ff1e56c96a391211bd
upgrade/Storage Card/System/Img/M1_INV/etc/etc_caution_softkey_1_btn.bmp,169436,6a5407f77706e2641460a1d22df8cf7f92750dc22d2d858da924ed562d7faf89
upgrade/Storage Card/System/Img/M1_INV/etc/etc_caution_softkey_back_btn.bmp,27432,2e8b29ee89d9c2f6ea7aa9f199d29af3d8522107fcdb22281602cba58d0d5bbd
upgrade/Storage Card/System/Img/M1_INV/etc/etc_caution_softkey_home_btn.bmp,27376,fa5bea8b15468833b3d7083497d3925b88940d65c8d33094ce3561f34f061cd6
upgrade/Storage Card/System/Img/M1_INV/etc/etc_clock_font.bmp,51492,2686e8d4abd61230b96d3ac90069be6f400f5442453a38b33fa19e71702c3f25
upgrade/Storage Card/System/Img/M1_INV/etc/etc_clock_font_ampm.bmp,26896,192554898ca442105732bef7c1e74582a30f8857c18981ef37ed645cd0263149
upgrade/Storage Card/System/Img/M1_INV/etc/etc_clock_font_colon.bmp,2504,85c98bbf2fcec37392b84fd52b619aedd06b78585748fc347195be1dd235e19c
upgrade/Storage Card/System/Img/M1_INV/etc/etc_navi_icon.bmp,3636,c1e6d2f89cf46cb60d0f17c3b32d1ddd996c1821e5619e3fc0f5d0a0b3ee018b
upgrade/Storage Card/System/Img/M1_INV/etc/etc_parting_line.bmp,420,0fb804284853d3b5a7b1e7bb4203e1531cdc6ed7e0d4da6a1b8e484aeccf88a9
upgrade/Storage Card/System/Img/M1_INV/etc/etc_ring_icon.bmp,3408,73dac6ea95a9ca5b316573cb8b7cffe441ff23ad5174d73598c6d059d4c06b3b
upgrade/Storage Card/System/Img/M1_INV/etc/etc_softkey_empty_btn.bmp,27184,77b672fffa65f0545311eab7da21e3d684926fdad572dbecf890d0ca4232ea27
upgrade/Storage Card/System/Img/M1_INV/etc/etc_ta_icon.bmp,3604,86141ad2bcb2dca5f0df1cc75425bb9f1a64a85a79d7c966da328ffb77f7f400
upgrade/Storage Card/System/Img/M1_INV/etc/etc_volume_bar.bmp,636,73c0468b8f4f89fe30529b2c558ac0b750a82c6d5f7ba8528013be2de72f86e4
upgrade/Storage Card/System/Img/M1_INV/etc/etc_volume_bg.bmp,37116,09e0a1643dc5f4e1ac5dd4b1a54364889b341ed996a3a50c48041ed528f5de3f
upgrade/Storage Card/System/Img/M1_INV/etc/etc_volume_icon.bmp,3324,20c27cb06b0e3f9827ae5380f2b84806da6ccc52431d2adaf719faa4d7f0d93e
upgrade/Storage Card/System/Img/M1_INV/fm radio/fmradio_contents_list_nowplay_icon.bmp,7624,db32eb41af9f036c5655f2eff581ead87504e8cb563b8361f8ce1aae37388fd5
upgrade/Storage Card/System/Img/M1_INV/fm radio/fmradio_control_1_ff_btn.bmp,42248,4ddfe272b935d19053c3f040cfdcd6e08f99583fabea5b7582c8032f5da5e0ea
upgrade/Storage Card/System/Img/M1_INV/fm radio/fmradio_control_1_rew_btn.bmp,42248,95a5e173bfa16dd7e04bb059b13840236f186e4ee2886ae860a6d28d30d67c39
upgrade/Storage Card/System/Img/M1_INV/fm radio/fmradio_control_2_ff_btn.bmp,61836,5bf191d4ba947a7d23f71b247a4e070ca469efe2bc80a0fdf5ce6e807caa3411
upgrade/Storage Card/System/Img/M1_INV/fm radio/fmradio_control_2_rew_btn.bmp,61836,851e5114aa6dcec1ac20a142ccce97c0571fbe890612bd8477338976b9cbf6d0
upgrade/Storage Card/System/Img/M1_INV/fm radio/fmradio_control_next_btn.bmp,42192,7d3b5ab8a0a1387820b5ccaec96a950d99dbb8e249bd7a51b53093039157af82
upgrade/Storage Card/System/Img/M1_INV/fm radio/fmradio_control_prev_btn.bmp,123560,c1329e9683e90c1ed561a49537b6aa3fa5328fc4a3fcd6b9396a435eb7df3be0
upgrade/Storage Card/System/Img/M1_INV/fm radio/fmradio_dot.bmp,136,45de0740532b640ca9e915bbbd713d06b736f7141a2ab0fc13be447492b0f2bb
upgrade/Storage Card/System/Img/M1_INV/fm radio/fmradio_epg_btn.bmp,43264,866a98fa8dd650ca0ccc1f58e6df05c4bb6499b1de322ae8e820f1121a92b439
upgrade/Storage Card/System/Img/M1_INV/fm radio/fmradio_fulldown_1_line.bmp,82168,89b0e3273048c9adf126735973c7c8db1e225d4ea11f50c37107d48ad76e3482
upgrade/Storage Card/System/Img/M1_INV/fm radio/fmradio_fulldown_2_line.bmp,81996,68ac576ce981fe40afeef8648b3f25128e8b5322b63c8e17b232c211166eb08b
upgrade/Storage Card/System/Img/M1_INV/fm radio/fmradio_fulldown_bottom_btn.bmp,53168,2c59677f6de2e8167893e0d4362b81ddf36d39224763ce6c7824b67780606f92
upgrade/Storage Card/System/Img/M1_INV/fm radio/fmradio_fulldown_middle_btn.bmp,37608,302a15d98a22b229005200a2ebbd73835eba8fbb2443b60cd08b67de2d151087
upgrade/Storage Card/System/Img/M1_INV/fm radio/fmradio_fulldown_top_btn.bmp,37608,302a15d98a22b229005200a2ebbd73835eba8fbb2443b60cd08b67de2d151087
upgrade/Storage Card/System/Img/M1_INV/fm radio/fmradio_indi_line.bmp,82208,525126c6460b571b997ee3c67dfdbe1ef71c69da0c62563f37ea7e55bd71aed6
upgrade/Storage Card/System/Img/M1_INV/fm radio/fmradio_list_line.bmp,147824,4e2c4a1b87b322b923f3b4be2d973a9c6315e2d6830885a023030bb7284379f0
upgrade/Storage Card/System/Img/M1_INV/fm radio/fmradio_list_press.bmp,191724,d590dfe0eef0060a7ea06317a98c9106465c2b088b24a928a0712a56c68983dc
upgrade/Storage Card/System/Img/M1_INV/fm radio/fmradio_pagenumber_icon.bmp,1408,7f4fe0bc7493ec06bce43ba0a67930057cf94b8d42c8fcd777d86249ebda54cf
upgrade/Storage Card/System/Img/M1_INV/fm radio/fmradio_parting_line.bmp,420,0fb804284853d3b5a7b1e7bb4203e1531cdc6ed7e0d4da6a1b8e484aeccf88a9
upgrade/Storage Card/System/Img/M1_INV/fm radio/fmradio_presest_number_bg.bmp,1788,cf884efab4db3d1b4bffae3b3f521099caa0e31332b7d5bf5d394d221a4bc6f1
upgrade/Storage Card/System/Img/M1_INV/fm radio/fmradio_preset_nowplay_icon.bmp,7624,db32eb41af9f036c5655f2eff581ead87504e8cb563b8361f8ce1aae37388fd5
upgrade/Storage Card/System/Img/M1_INV/fm radio/fmradio_presets_arrow_left_btn.bmp,74888,f7392f95ed002fad2937fc0338298ec700d49e3c590e835c9fcce112e7b221e6
upgrade/Storage Card/System/Img/M1_INV/fm radio/fmradio_presets_arrow_right_btn.bmp,74904,d9827df1584efa6dad875f33469c15de0939accb67b24b72467448ca258c09d9
upgrade/Storage Card/System/Img/M1_INV/fm radio/fmradio_presets_list_1_btn.bmp,115524,f0786e7782682621c9847d0a9e52a49f301f1266d793220f8cc10de8a7380071
upgrade/Storage Card/System/Img/M1_INV/fm radio/fmradio_presets_list_2_btn.bmp,115524,f0786e7782682621c9847d0a9e52a49f301f1266d793220f8cc10de8a7380071
upgrade/Storage Card/System/Img/M1_INV/fm radio/fmradio_presets_list_3_btn.bmp,115524,f0786e7782682621c9847d0a9e52a49f301f1266d793220f8cc10de8a7380071
upgrade/Storage Card/System/Img/M1_INV/fm radio/fmradio_presets_list_4_btn.bmp,115524,f0786e7782682621c9847d0a9e52a49f301f1266d793220f8cc10de8a7380071
upgrade/Storage Card/System/Img/M1_INV/fm radio/fmradio_scroll_down_btn.bmp,42448,ee6be22dc20b5c8303c96149ed8a61600eabc5a755b70a60f7d9ea3795ea76fc
upgrade/Storage Card/System/Img/M1_INV/fm radio/fmradio_scroll_up_btn.bmp,42428,fb12b5506fdcc0ff0fb7bb3415abe90c629d8f51dd680da613195cbc095dcfad
upgrade/Storage Card/System/Img/M1_INV/fm radio/fmradio_scrollnumber_bg.bmp,5092,17f189a569978196ede267a6f2a2a4ff952633e0f0bedaef36568c1b814a07f8
upgrade/Storage Card/System/Img/M1_INV/fm radio/fmradio_setting_1_left_btn.bmp,27840,97778fd5dca25b7bdd5cf8421c42225815c83bc7a8a47e17b3f6173b397bae7d
upgrade/Storage Card/System/Img/M1_INV/fm radio/fmradio_setting_1_right_btn.bmp,27756,745f36d283c1213695d084d401f87bc085e53a5330a06b5a653df662cd044773
upgrade/Storage Card/System/Img/M1_INV/fm radio/fmradio_setting_2_btn.bmp,54852,b635ac1d948112be78fec573632d7dbc9a0c004f0acf9b22279ee94c597be273
upgrade/Storage Card/System/Img/M1_INV/fm radio/fmradio_setting_announcement_btn.bmp,28220,1ab925f28f34797a205d7c903e0bc17c4753bc877779b8e25a975ce224638814
upgrade/Storage Card/System/Img/M1_INV/fm radio/fmradio_softkey_4_1_btn.bmp,43048,3f9ecce021b2862ff5fefbecb52cc7ab97ee13b7c0efae6b0aa51a02427883b6
upgrade/Storage Card/System/Img/M1_INV/fm radio/fmradio_softkey_4_2_btn.bmp,43048,3604de86c543a46a83b632bf1a11e3ba3c3117688177ff861eda740d350e8512
upgrade/Storage Card/System/Img/M1_INV/fm radio/fmradio_softkey_4_3_btn.bmp,43048,b9ae2ab59fd1d6efabf20ab3d184e60d21f9e0301a61170ceac7b152a2df9011
upgrade/Storage Card/System/Img/M1_INV/fm radio/fmradio_softkey_4_4_btn.bmp,43048,2b19f768b6d086b5349a7fe39017312e15711307133b0906944b2c597019f3eb
upgrade/Storage Card/System/Img/M1_INV/fm radio/fmradio_softkey_back_btn.bmp,27388,6af3a0ac3e13155e6f12ca7dd5001f661f5bd8822fae1c2a927f0e8c154d37ff
upgrade/Storage Card/System/Img/M1_INV/fm radio/fmradio_softkey_home_btn.bmp,27236,2f12d39c614241fba32798e67eef9b011575f119640b7bb62d073b6e79e17023
upgrade/Storage Card/System/Img/M1_INV/fm radio/fmradio_softkey_navi_btn.bmp,27428,cbcdfab4a95ae6023d7adc128a8d58170cc774f7f3672a1b84f588a7a6d71db1
upgrade/Storage Card/System/Img/M1_INV/home/common_indi_line.bmp,62968,7e16a814b2d4aa0066162313145c95a68d45ec795b84d096df9fa35f7aa0eb81
upgrade/Storage Card/System/Img/M1_INV/home/home_dark_btn.bmp,32608,9e8d5425e481cba07f629198ae9583bfe51f3898299dbd632e79a6360dab5aaa
upgrade/Storage Card/System/Img/M1_INV/home/home_dark_icon.bmp,7060,5e51d607bf14a76ec3a6a57b180dca77a66fca459a5fdc44f0268cc15d448281
upgrade/Storage Card/System/Img/M1_INV/home/home_driving eco_btn.bmp,116160,7bcf3a3cf30d7e220cca62a0b646fe670322eb6719f62d4e2d7582b259d079a8
upgrade/Storage Card/System/Img/M1_INV/home/home_map_btn.bmp,116160,bd74c219f44f1ef285fbd7e13ec795b1fa35bb9768d8f95b1592a55667efdde0
upgrade/Storage Card/System/Img/M1_INV/home/home_media_btn.bmp,116160,061e20631e351b24e1c8212afc4c25d53f7c1529c009cbc25857a542e835512d
upgrade/Storage Card/System/Img/M1_INV/home/home_navi_btn.bmp,116160,f6458450bb41ff87bc7331084f21fbe97252d01affd72c3c95171595c6fd4d00
upgrade/Storage Card/System/Img/M1_INV/home/home_phone_btn.bmp,116160,927738c20c65bbd117d0ebb94a249767787fe818c96f482d3da5c6c58c5a7f27
upgrade/Storage Card/System/Img/M1_INV/home/home_phone_second line_btn.bmp,116160,927738c20c65bbd117d0ebb94a249767787fe818c96f482d3da5c6c58c5a7f27
upgrade/Storage Card/System/Img/M1_INV/home/home_radio_btn.bmp,116160,04abf8ededa708fdd251c6e17b570dcc8de16500c5ca0f08e3e430d65153773c
upgrade/Storage Card/System/Img/M1_INV/home/home_set time_active_icon.bmp,5036,68488aef60bd6eb8af3b215ba825a3ebb2a60d94dd1847efba44adbe1b8c454e
upgrade/Storage Card/System/Img/M1_INV/home/home_set time_btn.bmp,54704,9e93b84bf386b2403c51887b7ae11e1ca815ba4668dec12b5ed4c81d671107bd
upgrade/Storage Card/System/Img/M1_INV/home/home_set time_inactive_icon.bmp,4908,aea97bdcc97beb676dd7e303400c33b1101a1d33757786408a5a07c2b13d3b53
upgrade/Storage Card/System/Img/M1_INV/home/home_setting_btn.bmp,116160,9d57372216601e6c2416ece8728676cc2a54076421823248d593ba0885be62d0
upgrade/Storage Card/System/Img/M1_INV/home/home_smartphone_btn.bmp,116160,5225e4e35db5c96885045bb6f6bca57c406731a3fec59be4eb57ef4b93ff1850
upgrade/Storage Card/System/Img/M1_INV/home/home_smartphone_second line_btn.bmp,116160,5225e4e35db5c96885045bb6f6bca57c406731a3fec59be4eb57ef4b93ff1850
upgrade/Storage Card/System/Img/M1_INV/media/media_aha_call_btn.bmp,26876,2f6162bf0478a84617be9d51b3cf23fa104d0e815a072b90f63932aa2b5104ea
upgrade/Storage Card/System/Img/M1_INV/media/media_aha_coffee_img.bmp,24788,fe396d3abacbe1dff2a2369bce64b5c8cba31c6e05376f6a77810fe121c284cb
upgrade/Storage Card/System/Img/M1_INV/media/media_aha_hotel_img.bmp,24844,c966c088c75a4d1ea7f77e85066daf5fd3a73eef78910d802150bd595503a09a
upgrade/Storage Card/System/Img/M1_INV/media/media_aha_hungry_img.bmp,24980,181ae36e0fa94eb44708fe46358120ff96c6760ca713c1ffda86bd17f756caa4
upgrade/Storage Card/System/Img/M1_INV/media/media_aha_music_img.bmp,24908,0b7cfc66fbef71a7d8ddf7c54e9fe1f4e94dd751c13d2e86cdf035e409ce9fcc
upgrade/Storage Card/System/Img/M1_INV/media/media_aha_navi_btn.bmp,26988,7d779eb2ff1a54d0327ee2ae4d9fc9fe967f2d34259bab129f6f094964821184
upgrade/Storage Card/System/Img/M1_INV/media/media_aha_play_deezer_img.bmp,24908,0b7cfc66fbef71a7d8ddf7c54e9fe1f4e94dd751c13d2e86cdf035e409ce9fcc
upgrade/Storage Card/System/Img/M1_INV/media/media_aha_play_hungry_img.bmp,25416,2f56e1f39137ead32141c7c9c990f79f0645f64cdf552ea67938a700d408da5a
upgrade/Storage Card/System/Img/M1_INV/media/media_aha_play_loading_bg.bmp,24480,2f11b039ea2e1bc414f8ce16d8909d80fb3423517c940a52a22983d84cf2842c
upgrade/Storage Card/System/Img/M1_INV/media/media_aha_play_loading_img.bmp,78520,263b076e31d87bc8c31bad0f2cee56a0d90730572c420253fd621959e0e4a6c0
upgrade/Storage Card/System/Img/M1_INV/media/media_aha_weather_img.bmp,24844,605eac713d24fc3bb917640281e7e9f371ed55205fe0af00937d02cab73886e0
upgrade/Storage Card/System/Img/M1_INV/media/media_album_case_noalbum_img.bmp,78824,8cf1d28bbabaa847c095526b6ec453206e15c32cd626af9d292fc83b8e89cfec
upgrade/Storage Card/System/Img/M1_INV/media/media_arrow_left_btn.bmp,74856,85de1033bc485d50fc69fe0b1fcc84fe9ea92808e5c7abb740cb2595fa409f6e
upgrade/Storage Card/System/Img/M1_INV/media/media_arrow_right_btn.bmp,74864,36f166304a2d64ccfae7ddfcfe49f067589345f9f4b8e3f86349a89b2b0ca5aa
upgrade/Storage Card/System/Img/M1_INV/media/media_bt_control_ff_btn.bmp,64160,f4a155a3bfbff744638e7af02efb32e470fbafc4609b23e41cdf10dfbc8c55ec
upgrade/Storage Card/System/Img/M1_INV/media/media_bt_control_play_pause_btn.bmp,62728,28ed9163a15738879ab56ad88adcb0fcb8373fe14ed54c21d3dcf796dd466068
upgrade/Storage Card/System/Img/M1_INV/media/media_bt_control_rew_btn.bmp,64160,6f58986b5b62895031419b68f0b2f7f14c93bf121898539b35675b1cd7abdb86
upgrade/Storage Card/System/Img/M1_INV/media/media_contents_list_folder_icon.bmp,7384,7bb2dab519028fa2f3a674567542c620c3d0a353da2496d1fe2c9dc87578a638
upgrade/Storage Card/System/Img/M1_INV/media/media_contents_list_play_icon.bmp,7820,8d809b5c67bf71cb38371b2b8400c89752183daeee14aeb61024c9ea5b951bd0
upgrade/Storage Card/System/Img/M1_INV/media/media_control_1_ff_btn.bmp,47180,765edeef1de0646c4a1152301f9125909a8ff0b54d1a8a64719501bdd04cfbfe
upgrade/Storage Card/System/Img/M1_INV/media/media_control_1_pause_btn.bmp,45852,556bad7a932983d67fd2a1edbfc6657fe353c1dc7ecaef83c941a89f29e6b90a
upgrade/Storage Card/System/Img/M1_INV/media/media_control_1_play_btn.bmp,46068,bd344897870eb23c22e06be283c826d5a8ec3cfeaa87c4d52b46c391b00bed1d
upgrade/Storage Card/System/Img/M1_INV/media/media_control_1_rew_btn.bmp,47228,d0dbc1760f149a3fbe1550020aa365233df42d535d0bb875794d8c6b5ebf8040
upgrade/Storage Card/System/Img/M1_INV/media/media_control_2_pause_btn.bmp,62624,58d2cb390e7abce126a6195901dafeddaf1a15834953b66992aa87c98317926e
upgrade/Storage Card/System/Img/M1_INV/media/media_control_2_play_btn.bmp,62852,47b2692e46beda6d071a55017ab8972d8277574826db6b6559f8edcb79836427
upgrade/Storage Card/System/Img/M1_INV/media/media_control_2_rew_btn.bmp,64160,96e13e93552e469d9bcf34b430635a3ff00223fdab4a04270e92175ac7c664d4
upgrade/Storage Card/System/Img/M1_INV/media/media_control_3_ff_btn.bmp,52540,77cbeb6dcb8b8f075b08570297fd5a8599508a579ce8aec3b949d42b4892750d
upgrade/Storage Card/System/Img/M1_INV/media/media_control_3_pause_btn.bmp,50980,4d3cd800414247432873b1be4ffa6cb77bebb9129e90f64ffe6e61970570fc0b
upgrade/Storage Card/System/Img/M1_INV/media/media_control_3_play_btn.bmp,51228,f6ac0cfb42f91a0c792426cdf67f3dc8803f978c7e6a4567b5500da434607baf
upgrade/Storage Card/System/Img/M1_INV/media/media_control_3_play_pause_btn.bmp,51180,33941f661b3697c2fe3275ab5ceaf6c3a36f686d3c682311963f276aed380736
upgrade/Storage Card/System/Img/M1_INV/media/media_control_3_rew_btn.bmp,52540,3d184721ed56b4204c4c3a1e66ee321bbd7bee1b2d89817fc835ce0d0f2ceb1a
upgrade/Storage Card/System/Img/M1_INV/media/media_device_connecting_ani.bmp,89304,9afe3095294a7fda0972ba580325427fc9bce2f33c19379b25701b00c6e22922
upgrade/Storage Card/System/Img/M1_INV/media/media_device_icon.bmp,10976,7df255dcbf67219f34434fd2c6e5b5adeac5e26b25fcd08b4a25b079f521daa2
upgrade/Storage Card/System/Img/M1_INV/media/media_dislike_empty_btn.bmp,26820,fe32b69e0112aa1ab4261ef396d3ff3ff4cc66cc8f98eba0e73393e497039029
upgrade/Storage Card/System/Img/M1_INV/media/media_dislike_icon_d.bmp,2848,3973ebc77740dfd7a9221d82282c8103d76ca919e6cee8788304a79a68504d75
upgrade/Storage Card/System/Img/M1_INV/media/media_dislike_icon_n.bmp,3104,8941c381337d7cfe81928c4ae9419fed68d145d5fa1b73ce061b62b7be0583b1
upgrade/Storage Card/System/Img/M1_INV/media/media_dislike_icon_p.bmp,2908,12e7efec367ad2df71892c277cca26c6426d37756590629b37321d1c6682b624
upgrade/Storage Card/System/Img/M1_INV/media/media_dot.bmp,144,b992118269fd8094eee91557b6e6ff315fffd7b40141807744ec7efa7796d28c
upgrade/Storage Card/System/Img/M1_INV/media/media_folder_name2_bg.bmp,38144,b760cecce3d823c84901b18175d30071f2effca506493e310237828a6ad1266c
upgrade/Storage Card/System/Img/M1_INV/media/media_folder_name_bg.bmp,50080,53cd87ea64205c07733e2b21ce9d0a165c32b1c002019c56967003576adfd3d2
upgrade/Storage Card/System/Img/M1_INV/media/media_fulldown_1_ine.bmp,82168,e8b4dcc31d397a845ac9deca99049fb622343731597a80fc711207257d10cd0f
upgrade/Storage Card/System/Img/M1_INV/media/media_fulldown_2_line.bmp,82044,30d5ae86890ab2035f709dfbe87ab59e83a18adc7717b4a1d1a5092267e3ace0
upgrade/Storage Card/System/Img/M1_INV/media/media_fulldown_bottom_btn.bmp,45808,3be2224bd4bbbb848ebcb6d76a206b2fc36f3d661033648da11aba5fc36a91e2
upgrade/Storage Card/System/Img/M1_INV/media/media_fulldown_middle_btn.bmp,39208,f07b932a5bd125efd1444f4ef200a74cf1e3fad08b121403a41fd9d94586c47d
upgrade/Storage Card/System/Img/M1_INV/media/media_fulldown_top_btn.bmp,39208,f07b932a5bd125efd1444f4ef200a74cf1e3fad08b121403a41fd9d94586c47d
upgrade/Storage Card/System/Img/M1_INV/media/media_like_empty_btn.bmp,26772,b42c146e9237410c85b724098e87c928c1915ba3ab424934ff6538267e198299
upgrade/Storage Card/System/Img/M1_INV/media/media_like_icon_d.bmp,2868,da50c334f9b49475abec02096d3538fa31ac882551c1c7581df995495ad3b8f6
upgrade/Storage Card/System/Img/M1_INV/media/media_like_icon_n.bmp,3096,82b092c8db36ac287cead374be2c7fd887856e9efdd4fd63eeca5ea9e94132f0
upgrade/Storage Card/System/Img/M1_INV/media/media_like_icon_p.bmp,3116,124ced2e1573195a53c0639277db8135cdb203f8b8a55177bce7ca176288b457
upgrade/Storage Card/System/Img/M1_INV/media/media_list_line.bmp,50236,aa968fa1d959af4225697eb613a0092bd51187924f216346f42a7cfbb8365f4a
upgrade/Storage Card/System/Img/M1_INV/media/media_list_press.bmp,191640,e87c95661c8457584d718c38a089c04b101e022e01b266584da9ecfc13f090b0
upgrade/Storage Card/System/Img/M1_INV/media/media_nearby_default_icon.bmp,7124,42402163467ecd19c07a18063b9682fbe6e07de8a166324c0bcbd361eb7fa70e
upgrade/Storage Card/System/Img/M1_INV/media/media_nearby_icon.bmp,40608,5dce1abe9db092d3fbbb332973b0dc6a7a8eadcefd691830afbd1c7b09fbd45b
upgrade/Storage Card/System/Img/M1_INV/media/media_nearby_list_1_btn.bmp,115536,d4c25c3e7e45093b15babeace24365c5154b94357a3fa8ad8d2b2383f2855a71
upgrade/Storage Card/System/Img/M1_INV/media/media_nearby_list_2_btn.bmp,115536,d4c25c3e7e45093b15babeace24365c5154b94357a3fa8ad8d2b2383f2855a71
upgrade/Storage Card/System/Img/M1_INV/media/media_nearby_list_3_btn.bmp,115536,d4c25c3e7e45093b15babeace24365c5154b94357a3fa8ad8d2b2383f2855a71
upgrade/Storage Card/System/Img/M1_INV/media/media_nearby_list_4_btn.bmp,115536,d4c25c3e7e45093b15babeace24365c5154b94357a3fa8ad8d2b2383f2855a71
upgrade/Storage Card/System/Img/M1_INV/media/media_pagenumber_icon.bmp,1432,d7d8928e626b23cd03983af91ab4a22e4703a0bae97e2a63046bd8306cd29a3b
upgrade/Storage Card/System/Img/M1_INV/media/media_parting_line.bmp,420,0fb804284853d3b5a7b1e7bb4203e1531cdc6ed7e0d4da6a1b8e484aeccf88a9
upgrade/Storage Card/System/Img/M1_INV/media/media_parting_line_like.bmp,420,ddf3c596c32c4555cb13a656b05f2d1497d4a3cfea33d2c9c067900df2122d03
upgrade/Storage Card/System/Img/M1_INV/media/media_parting_line_w82.bmp,416,81f767ec700ff7d570b09d4d34706e8251d78d4d8538b459d0ea2a96e3da066f
upgrade/Storage Card/System/Img/M1_INV/media/media_preset_default_icon.bmp,7448,90ef82ccb6330ef2e02353213daa097674c7f7871b4abc94a1947afca7b90ebb
upgrade/Storage Card/System/Img/M1_INV/media/media_preset_nowplay_icon.bmp,6052,46b4ef3cea9a546a659a3334937a229ffce237adfb3a7172cf75638361fbf096
upgrade/Storage Card/System/Img/M1_INV/media/media_progress_bar_bg_1.bmp,4496,f66280d2a83cc933fc4d306076d6669e7b59657de13753177dc077b7444d8b0f
upgrade/Storage Card/System/Img/M1_INV/media/media_progress_bar_bg_2.bmp,7340,4867474e1ea7d48da70c02094490b17b0cf10af7e2c951efc662499f198b588b
upgrade/Storage Card/System/Img/M1_INV/media/media_scroll_down_btn.bmp,42416,77bbd6ce580546f6d98b48f3a93bbaaf6d9c8aeacf9beab5d56ea57cbeef28f4
upgrade/Storage Card/System/Img/M1_INV/media/media_scroll_up_btn.bmp,42376,a5ba34835756f0dff3498f744bfdc3bd19d9595b079b468e086e60ba328068ba
upgrade/Storage Card/System/Img/M1_INV/media/media_scrollnumber_bg.bmp,5092,17f189a569978196ede267a6f2a2a4ff952633e0f0bedaef36568c1b814a07f8
upgrade/Storage Card/System/Img/M1_INV/media/media_setting_left_btn.bmp,27780,72f9668068cc37869e80bb5b934597fea949723ac61fbcfd1d2fb22a511be9ce
upgrade/Storage Card/System/Img/M1_INV/media/media_setting_middle_btn.bmp,27780,72f9668068cc37869e80bb5b934597fea949723ac61fbcfd1d2fb22a511be9ce
upgrade/Storage Card/System/Img/M1_INV/media/media_setting_right_btn.bmp,27780,72f9668068cc37869e80bb5b934597fea949723ac61fbcfd1d2fb22a511be9ce
upgrade/Storage Card/System/Img/M1_INV/media/media_softkey_3_1_btn.bmp,57200,f3fae85a143c2a3c724766a16e9bc932a962d04cbd5452db1cb8ffd2a06b07cc
upgrade/Storage Card/System/Img/M1_INV/media/media_softkey_3_2_btn.bmp,57200,08496e9ddf9c62da975d0e114e44346269600f77a8c30890e52560f18b266f11
upgrade/Storage Card/System/Img/M1_INV/media/media_softkey_3_3_btn.bmp,56956,c2cf3b653483e423343b4dc93a5f476afa540218c4210971b95dec0378cf6b28
upgrade/Storage Card/System/Img/M1_INV/media/media_softkey_4_1_btn.bmp,43048,e9c323562210e0ff8d84ca75dbbc2056802b0e6af3b37930ed17d7b1cad49faf
upgrade/Storage Card/System/Img/M1_INV/media/media_softkey_4_2_btn.bmp,43048,c4e40db9f253628cd3b3508aeed5595c78b81989e3736a0a2eb9d7020f3882b9
upgrade/Storage Card/System/Img/M1_INV/media/media_softkey_4_3_btn.bmp,43048,4efd8914bd82368ee7be4a924b2bab8d7c1c4c953e34f0454d7c793f7bb7f17e
upgrade/Storage Card/System/Img/M1_INV/media/media_softkey_4_4_btn.bmp,43048,ddefe57c957985f897387a3f79b082a286b82bcd2961c48356f88c51554dc70a
upgrade/Storage Card/System/Img/M1_INV/media/media_softkey_home_btn.bmp,27240,67e9c2b3b6fc2886fbaa80616c854ec423d71687184463a75509aa964b68d71b
upgrade/Storage Card/System/Img/M1_INV/media/media_softkey_navi_btn.bmp,27428,b2b8dfa6968d1867fe64ac950326fa8e10f6a61ad514dc4b4515a0d9ee9a81f7
upgrade/Storage Card/System/Img/M1_INV/media/media_thumbsdown_btn.bmp,26964,b51a9f0e09f7e8f9272b55fcd48a865ccedf368679d893988efaa5b066ee954f
upgrade/Storage Card/System/Img/M1_INV/media/media_thumbsup_btn.bmp,26940,123f0627a522ac44b249244270c386895898d9e8821c8f9bf4dbe00eca3e6a18
upgrade/Storage Card/System/Img/M1_INV/media/media_upfolder_btn.bmp,49156,0d5bc6a132fe6f2185a4e48ec311f2add8f6739fff4c69fc21d5ed383ae7d79c
upgrade/Storage Card/System/Img/M1_INV/Phone/contents_list_icon_incoming.bmp,7952,d4612cf89fe4c4d3744f3dc51cee0ab1072cdaff8394fae2b24e32a8cf53b88b
upgrade/Storage Card/System/Img/M1_INV/Phone/contents_list_icon_missed.bmp,7908,1ab27097bebbb464808e2ab53504b296aa857ed16e4927c67a6fca46fbf04dc8
upgrade/Storage Card/System/Img/M1_INV/Phone/contents_list_icon_outgoing.bmp,7808,c3827f0ce008b1b5217197b9d162e8546326c1d0f153cd585e32f9c50069bb0b
upgrade/Storage Card/System/Img/M1_INV/Phone/phone_call_time_area.bmp,48960,7d193e19133d6c3a769545a07abb7d1c64011159af43d28ffd9e82a0063eb124
upgrade/Storage Card/System/Img/M1_INV/Phone/phone_dial_back_btn.bmp,43112,8dd7cd34f759d25f19187b25248639765ea15412aff20bd71f7e6d499a33837d
upgrade/Storage Card/System/Img/M1_INV/Phone/phone_dial_btn_call.bmp,168068,b2b73a77243c5b2266ac0143dc041412b149a4e0de1a92a86bb09cce6e103448
upgrade/Storage Card/System/Img/M1_INV/Phone/phone_dial_num_0_btn.bmp,33048,8e8a844caef22027adf943b2e2460cd57746d310a93360544a634d7593909894
upgrade/Storage Card/System/Img/M1_INV/Phone/phone_dial_num_1_btn.bmp,32548,fe669d10591c2dc973b44fb57cf9e635afd15b58d172aadf76bd1812783f76f6
upgrade/Storage Card/System/Img/M1_INV/Phone/phone_dial_num_2_btn.bmp,32776,dd01f144ecd22f5ff9c92e1435c49d6e604e586322ac8b5219dbc750836514eb
upgrade/Storage Card/System/Img/M1_INV/Phone/phone_dial_num_3_btn.bmp,32788,3eadc102790de17ffe4207d481ec74fb35812f218b57213954879a4b41655950
upgrade/Storage Card/System/Img/M1_INV/Phone/phone_dial_num_4_btn.bmp,32748,f4c832b06b194a99cf005d3e090455bee41c860539d0a51ca0fef4d74d2c3d2e
upgrade/Storage Card/System/Img/M1_INV/Phone/phone_dial_num_5_btn.bmp,32804,2fccc0ba7ea9eca120218f9b3a6d47f32c31fc5b632018fbf6efc45c51cb5856
upgrade/Storage Card/System/Img/M1_INV/Phone/phone_dial_num_6_btn.bmp,32860,5d379785907380162f696b87233bcf8699922c61b3a33b03bf38a4723041a768
upgrade/Storage Card/System/Img/M1_INV/Phone/phone_dial_num_7_btn.bmp,32732,8c83770d88e70dde484e8f9b08855d08846c0b599403fdc89fa446e23265dcf9
upgrade/Storage Card/System/Img/M1_INV/Phone/phone_dial_num_8_btn.bmp,32932,8aad4e8eddc21070ac43e249b37502b873ca7e2195dc6909222b345e86bc6ebb
upgrade/Storage Card/System/Img/M1_INV/Phone/phone_dial_num_9_btn.bmp,33020,e809962f90069f63ca1bcbe4cdcb0d13ed5707a221c6fa587520bbdb85bfc730
upgrade/Storage Card/System/Img/M1_INV/Phone/phone_dial_num_sharp_btn.bmp,33048,82f6277e163fd71a3a84049c34bb045b2a2af081d1999226107c4f79b15e751a
upgrade/Storage Card/System/Img/M1_INV/Phone/phone_dial_num_star_btn.bmp,33016,e113325948e0f90226c99558a081797648c1371c64b0ebf1ef645e6b57a64579
upgrade/Storage Card/System/Img/M1_INV/Phone/phone_fulldown_1_line.bmp,82208,84ba18712c8090af9123d80577fc10f3d94bae3af80d5c961d3daeefa83939e1
upgrade/Storage Card/System/Img/M1_INV/Phone/phone_fulldown_2_line.bmp,82020,aa7039599c2b7dc0b7a7c13fc0557c27892168486e0212af11c6d50069a2e6db
upgrade/Storage Card/System/Img/M1_INV/Phone/phone_fulldown_bottom_btn.bmp,77216,68aa2f96c8e6eb4b02856186e492d74a0b97527fc40a9ef603f49439d1514db6
upgrade/Storage Card/System/Img/M1_INV/Phone/phone_fulldown_middle_btn.bmp,66084,464bb5439c6ad72436c89c67045f7a93d71e28f41a294ba61054ec5506ddf0a9
upgrade/Storage Card/System/Img/M1_INV/Phone/phone_fulldown_top_btn.bmp,66084,464bb5439c6ad72436c89c67045f7a93d71e28f41a294ba61054ec5506ddf0a9
upgrade/Storage Card/System/Img/M1_INV/Phone/phone_keyboard2_10_btn.bmp,27932,04bb0a641bd19cea0be0a2a2a029df9d77d8468c1bba2bc8dd0372efebd775ba
upgrade/Storage Card/System/Img/M1_INV/Phone/phone_keyboard2_11_btn.bmp,27928,982c4a7d763fbc22ae89096d9b1ddcc2f87c90c5721e7a932e8fc398a36b34ad
upgrade/Storage Card/System/Img/M1_INV/Phone/phone_keyboard2_12_btn.bmp,27892,6d695b61f0fefdba1bc05e4e518e3d09c2f9afb61e2d491384a921c11686b128
upgrade/Storage Card/System/Img/M1_INV/Phone/phone_keyboard2_13_btn.bmp,27616,6f78e054bb4cc190393a15109f7721ce75fc7ad8958b7359896cb671389385c2
upgrade/Storage Card/System/Img/M1_INV/Phone/phone_keyboard2_14_btn.bmp,27616,85ba595e63f9ba543a2d08c7301ef80214c2db3d571a2a6bd5f82a07f6e0333e
upgrade/Storage Card/System/Img/M1_INV/Phone/phone_keyboard2_15_btn.bmp,27676,4ef521abc9d641d25d1ebcbd67a25d83306b51c91f87282daba29efc85572e83
upgrade/Storage Card/System/Img/M1_INV/Phone/phone_keyboard2_16_btn.bmp,27712,1a9c69f868dc163b0f41c92639fbf9924f1cbb393a44bdc91676124bdea21724
upgrade/Storage Card/System/Img/M1_INV/Phone/phone_keyboard2_17_btn.bmp,27680,66edfe5f06d0be9c8f4b73c7e4375405ff21177f05c834ddf1a48e3433b0159c
upgrade/Storage Card/System/Img/M1_INV/Phone/phone_keyboard2_18_btn.bmp,27708,cfdb7b8ce3ba2887935e52550fa36d2ac315ba92352870dc78a800fc4701c302
upgrade/Storage Card/System/Img/M1_INV/Phone/phone_keyboard2_19_btn.bmp,27720,f5176d688890015b73645df73f58324ea4fe10db6c976e39e6f4aa9c0fca1081
upgrade/Storage Card/System/Img/M1_INV/Phone/phone_keyboard2_1_btn.bmp,27880,a2e0237c269dc8f42ed26e700eaf5c2876b11196de5d2a643e7c838ce8410609
upgrade/Storage Card/System/Img/M1_INV/Phone/phone_keyboard2_20_btn.bmp,27664,39df712e20a283004ed58aa08b64fc2267606abf962a9619951cccab5973ea8c
upgrade/Storage Card/System/Img/M1_INV/Phone/phone_keyboard2_2_btn.bmp,27864,45b673d1b2ec5bbf35a12cb86b0ef85f4c64403e875afeba5becc4e60e8d35d9
upgrade/Storage Card/System/Img/M1_INV/Phone/phone_keyboard2_3_btn.bmp,27532,d357c85765b88806b337b812b3027501632a423b71354a01bcabe3628f5bd67c
upgrade/Storage Card/System/Img/M1_INV/Phone/phone_keyboard2_4_btn.bmp,27880,ee9ee35d731f5a8e9cf20ba002203f48c3b9eac45460de1da1baab4b356cb14f
upgrade/Storage Card/System/Img/M1_INV/Phone/phone_keyboard2_5_btn.bmp,27920,1f5ba7a7f985005e90553730666aafb6a17fbd3e704c6f8beae1e58d17abb8f4
upgrade/Storage Card/System/Img/M1_INV/Phone/phone_keyboard2_6_btn.bmp,27948,c7c52ea5ebe16c9f2a4393473917cfa00965016c8dd4efd09f283e2aeaf58dc8
upgrade/Storage Card/System/Img/M1_INV/Phone/phone_keyboard2_7_btn.bmp,27948,3158f35ea8c6a03a4130e678a75f94b6d8b7fb44a82d424cae00a5cb58caeb3c
upgrade/Storage Card/System/Img/M1_INV/Phone/phone_keyboard2_8_btn.bmp,27920,54cbb0a5724d12197d5a5ab506510601da0d33a71f1adafb7085a5e571226896
upgrade/Storage Card/System/Img/M1_INV/Phone/phone_keyboard2_9_btn.bmp,27936,3a585ad071cea9b975d2d390cc0e7e4c037ac3f7d91f32ef3f8ca8e406d01035
upgrade/Storage Card/System/Img/M1_INV/Phone/phone_keyboard3_10_btn.bmp,23440,e4572862adc74f624c11b9fa01aa04bd74d8e8e523cf55fbc893c09061491485
upgrade/Storage Card/System/Img/M1_INV/Phone/phone_keyboard3_11_btn.bmp,23440,136117a0cfa2e4cb1ffe12c88e5076cd0d95671b516f8a66bc5af022c86ea760
upgrade/Storage Card/System/Img/M1_INV/Phone/phone_keyboard3_12_btn.bmp,23456,34bfc6602f03d5e0bb54f14a74031a4e0fdd38760e18c1d22c7d333ed6044127
upgrade/Storage Card/System/Img/M1_INV/Phone/phone_keyboard3_13_btn.bmp,23424,b0097732cdb713319dc3a0199a6f2bc4e2a741e402228fdc93dca575ade04040
upgrade/Storage Card/System/Img/M1_INV/Phone/phone_keyboard3_14_btn.bmp,23420,3d23d4531e7b7db2993e5a7965ece6e15ee7e5f08b111283fc22b7d490b97568
upgrade/Storage Card/System/Img/M1_INV/Phone/phone_keyboard3_15_btn.bmp,23160,5d6dfcecc1015765906336280ddccff324dd436eb7a3d3f5c47a61b7873ff03d
upgrade/Storage Card/System/Img/M1_INV/Phone/phone_keyboard3_16_btn.bmp,22808,178c80bb7f937aee48468fcfe5be8e4f410a430c6f0a7c9c2545db025d565674
upgrade/Storage Card/System/Img/M1_INV/Phone/phone_keyboard3_17_btn.bmp,23108,d70918f3b0d3001b089904b0bef1655330320a6b39c5d588c78cb799deeaf383
upgrade/Storage Card/System/Img/M1_INV/Phone/phone_keyboard3_18_btn.bmp,23144,d3106f5e6e66ddc78bea57e832fdd74d65782301a8301fafc0121769b5c95d28
upgrade/Storage Card/System/Img/M1_INV/Phone/phone_keyboard3_19_btn.bmp,23152,06ac838a40d875b512199779d6605ee49ea74e368fda702d83a865aa8c2d1c21
upgrade/Storage Card/System/Img/M1_INV/Phone/phone_keyboard3_1_btn.bmp,23120,5ee525a63ebfa2ef12e77df2e9644259585bcc999148d1fcae52050fc178d4e6
upgrade/Storage Card/System/Img/M1_INV/Phone/phone_keyboard3_20_btn.bmp,23124,6dcbb07be9c409ba8472e154ca9fe99582fe8d0801cf99ebf5435424d001e193
upgrade/Storage Card/System/Img/M1_INV/Phone/phone_keyboard3_21_btn.bmp,23148,f19cbc1e61dff30e5204638b9164c458ca7f57f104c0e732932a909c4b05162f
upgrade/Storage Card/System/Img/M1_INV/Phone/phone_keyboard3_23_btn.bmp,23144,2895ef146da320d3e955da5ee8c2c0901f0a8612dd2f6ffab7cce72f4a7476a4
upgrade/Storage Card/System/Img/M1_INV/Phone/phone_keyboard3_24_btn.bmp,23144,2895ef146da320d3e955da5ee8c2c0901f0a8612dd2f6ffab7cce72f4a7476a4
upgrade/Storage Card/System/Img/M1_INV/Phone/phone_keyboard3_2_btn.bmp,23356,5540db431f513dba20c45004949d467c6d7b13ebb347611989f4197621e31eb3
upgrade/Storage Card/System/Img/M1_INV/Phone/phone_keyboard3_3_btn.bmp,23108,d30bb5b21ac33469b769e665a3dd4184807eaf740cbec50283363ff8bb07fb6c
upgrade/Storage Card/System/Img/M1_INV/Phone/phone_keyboard3_4_btn.bmp,23212,096c7aa4cba4c938bff158f1706845250fc7b4ee33f642bb7fc900cfccc23302
upgrade/Storage Card/System/Img/M1_INV/Phone/phone_keyboard3_5_btn.bmp,23364,8cad05d05e263b7ee6676e3440c4b5479f7d5f3b8e98358b5503364001baca85
upgrade/Storage Card/System/Img/M1_INV/Phone/phone_keyboard3_6_btn.bmp,23124,e733d4117f40c8fbe6517e9331c1f5ea9712791efabc7af9b5deb2ad15770b51
upgrade/Storage Card/System/Img/M1_INV/Phone/phone_keyboard3_7_btn.bmp,23180,2907956fdd998f85452ff0b8af21a4f43436426c69cdc3ec93ac8a1f1f1783d5
upgrade/Storage Card/System/Img/M1_INV/Phone/phone_keyboard3_8_btn.bmp,23412,f8c86da53894ad77c77618850faea1bae5d4816dd8273290675cd417643492e2
upgrade/Storage Card/System/Img/M1_INV/Phone/phone_keyboard3_9_btn.bmp,23452,01f53f958f17ece7bc03bf85f8125a16708653243b7ce50fa23314a7ef612e00
upgrade/Storage Card/System/Img/M1_INV/Phone/phone_keyboard_10_btn.bmp,27936,726a60807851ee18a62d1fd416ba01e31ebe5b09a625cf5882de1e9dc2831d0a
upgrade/Storage Card/System/Img/M1_INV/Phone/phone_keyboard_11_btn.bmp,27932,ed91e274bd3984357229524f5f787f25dd62711a19ebdb76ef389747ff107689
upgrade/Storage Card/System/Img/M1_INV/Phone/phone_keyboard_12_btn.bmp,27904,8e1c6269babb8504458d99ef21ba5b8432944b3c7f95143708c8a24502ac1c42
upgrade/Storage Card/System/Img/M1_INV/Phone/phone_keyboard_13_btn.bmp,27556,874c39393f8c763f3523bced0eb5d3869090d4a4a768522d4c3e3a7fddff61b0
upgrade/Storage Card/System/Img/M1_INV/Phone/phone_keyboard_14_btn.bmp,27616,6f78e054bb4cc190393a15109f7721ce75fc7ad8958b7359896cb671389385c2
upgrade/Storage Card/System/Img/M1_INV/Phone/phone_keyboard_15_btn.bmp,27616,85ba595e63f9ba543a2d08c7301ef80214c2db3d571a2a6bd5f82a07f6e0333e
upgrade/Storage Card/System/Img/M1_INV/Phone/phone_keyboard_16_btn.bmp,27676,4ef521abc9d641d25d1ebcbd67a25d83306b51c91f87282daba29efc85572e83
upgrade/Storage Card/System/Img/M1_INV/Phone/phone_keyboard_17_btn.bmp,27712,1a9c69f868dc163b0f41c92639fbf9924f1cbb393a44bdc91676124bdea21724
upgrade/Storage Card/System/Img/M1_INV/Phone/phone_keyboard_18_btn.bmp,27680,66edfe5f06d0be9c8f4b73c7e4375405ff21177f05c834ddf1a48e3433b0159c
upgrade/Storage Card/System/Img/M1_INV/Phone/phone_keyboard_19_btn.bmp,27708,cfdb7b8ce3ba2887935e52550fa36d2ac315ba92352870dc78a800fc4701c302
upgrade/Storage Card/System/Img/M1_INV/Phone/phone_keyboard_1_btn.bmp,27880,a2e0237c269dc8f42ed26e700eaf5c2876b11196de5d2a643e7c838ce8410609
upgrade/Storage Card/System/Img/M1_INV/Phone/phone_keyboard_20_btn.bmp,54652,1c6b33c1e122cfff933e11d5145be63e8ed12df9897f1262a65af7a2b3d65e23
upgrade/Storage Card/System/Img/M1_INV/Phone/phone_keyboard_2_btn.bmp,27864,45b673d1b2ec5bbf35a12cb86b0ef85f4c64403e875afeba5becc4e60e8d35d9
upgrade/Storage Card/System/Img/M1_INV/Phone/phone_keyboard_3_btn.bmp,27532,d357c85765b88806b337b812b3027501632a423b71354a01bcabe3628f5bd67c
upgrade/Storage Card/System/Img/M1_INV/Phone/phone_keyboard_4_btn.bmp,27900,f9b1fd241840276cf2dc7cbfe1a4468599a74f954fb8ea7b83a4c101dbe0caad
upgrade/Storage Card/System/Img/M1_INV/Phone/phone_keyboard_5_btn.bmp,27908,b08eec46e213f835ead686cc51b76d750f40b6d39efd03cf71f1af9cf6c21ba1
upgrade/Storage Card/System/Img/M1_INV/Phone/phone_keyboard_6_btn.bmp,27932,20f0f426b1f1b37522bde12fa6aa7eefac2944c05c3c76df42c241d4b6539091
upgrade/Storage Card/System/Img/M1_INV/Phone/phone_keyboard_7_btn.bmp,27936,b975220e4b640e49c0434df0be0ed3c9351b8896de260a7283302294ff16865d
upgrade/Storage Card/System/Img/M1_INV/Phone/phone_keyboard_8_btn.bmp,27952,28d75bb60f10c445d5636a3ad039d431e80ef7b90442b4f77083c4c7abdc04c2
upgrade/Storage Card/System/Img/M1_INV/Phone/phone_keyboard_9_btn.bmp,27956,274163c61147e4331927ea46d8ebc903b1d7aae39465dfa3bd7d5096f0507157
upgrade/Storage Card/System/Img/M1_INV/Phone/phone_keyboard_list_press.bmp,172360,9211c957c2d79e5db227b697af42ad344bc5c735b23e36cc2f0df74f70a9bd31
upgrade/Storage Card/System/Img/M1_INV/Phone/phone_keyboard_minipopup2_bg.bmp,7836,ab7e166ae780f9c98136a3042380b38651a17eaa176032388e6f1c2478eef3e5
upgrade/Storage Card/System/Img/M1_INV/Phone/phone_keyboard_minipopup_bg.bmp,9452,50fabcbd3b61982e36561f6ed7d25456d032b4143736a22ab5e2ca0f225afe7a
upgrade/Storage Card/System/Img/M1_INV/Phone/phone_keyboard_search_back_btn.bmp,54540,6649840202bcb7c662ee331bab614691dc69aac51e77092bccfe75f5113eb0cd
upgrade/Storage Card/System/Img/M1_INV/Phone/phone_keyboard_search_results_btn.bmp,218244,0a292f229016df810e731f8fd1059f34a473bdadfe6033c40a91993f7d13d2fc
upgrade/Storage Card/System/Img/M1_INV/Phone/phone_keyboard_search_results_list_down_btn.bmp,109792,756155188856fc47030d4a8a1e0aac8e79e660253c5329c4f16ad59f59976a65
upgrade/Storage Card/System/Img/M1_INV/Phone/phone_keyboard_search_type_bg.bmp,54268,7cd166af702602ffe709ff4dddf318f9fc0ead827a20b20c72f4f881f49479c1
upgrade/Storage Card/System/Img/M1_INV/Phone/phone_keyboard_softkey_1_btn.bmp,169396,be678d37f47533130a4d870c7354880c7e8abb0d6fb8c4bc31dee1c1012fc287
upgrade/Storage Card/System/Img/M1_INV/Phone/phone_keyboard_space1_btn.bmp,54264,0e287e6fcb4930602994e68c3949ee109ba7c45f45876ee8fb4e0607aa126a4c
upgrade/Storage Card/System/Img/M1_INV/Phone/phone_keyboard_space2_btn.bmp,161988,415bd494466174c5c43b4f7c4c4833300b2e1e126dc25eb3be777d251c788195
upgrade/Storage Card/System/Img/M1_INV/Phone/phone_keyboard_space3_btn.bmp,67880,f838f90f5ee8b3e08c13ded92172a862ccf577f149561e83342958d1f5fe31e2
upgrade/Storage Card/System/Img/M1_INV/Phone/phone_keyboard_space4_btn.bmp,108188,7815acfef078ec390c2ff730e22fd0ca9d53d6668731a0dafaee63aa0546ae2e
upgrade/Storage Card/System/Img/M1_INV/Phone/phone_keyboard_space5_btn.bmp,54264,0e287e6fcb4930602994e68c3949ee109ba7c45f45876ee8fb4e0607aa126a4c
upgrade/Storage Card/System/Img/M1_INV/Phone/phone_keyboard_space6_btn.bmp,22868,2213106bd0d702994c2f7573d884b99fc0c7a97da482765c71b07697869cc920
upgrade/Storage Card/System/Img/M1_INV/Phone/phone_list_home.bmp,6520,bbcfedc2c1d508b1da2f8d502b60ab8f50bab075f07ea7487b83473e4bd30f67
upgrade/Storage Card/System/Img/M1_INV/Phone/phone_list_line.bmp,147792,a60dbc98d5b1db291cecf75f40bfb5165f70b2cf8cbcf8448534c366e3183900
upgrade/Storage Card/System/Img/M1_INV/Phone/Phone_list_mobile.bmp,6184,0ec5f63b485f06faf2c536c8398fe4481de7349c5049c2a1493f7b721823e772
upgrade/Storage Card/System/Img/M1_INV/Phone/phone_list_office.bmp,6184,2ab3e2eb3402cae8814d457a870aa4f8167dbc138a6b7359f1ef1a88e89c3bfa
upgrade/Storage Card/System/Img/M1_INV/Phone/phone_list_other.bmp,6616,02dd53870fd19fa11485506bb4327fd6ab31c20e8c9554e700e03f7f47af55ce
upgrade/Storage Card/System/Img/M1_INV/Phone/phone_list_press.bmp,191784,e1597c09c26de505bab80a34c2d28f111949c1926cd5e757f8df15689f9cf3e9
upgrade/Storage Card/System/Img/M1_INV/Phone/phone_parting_line.bmp,420,0fb804284853d3b5a7b1e7bb4203e1531cdc6ed7e0d4da6a1b8e484aeccf88a9
upgrade/Storage Card/System/Img/M1_INV/Phone/phone_scroll_down_btn.bmp,42600,1f7de221f788e6df0deb9927e27e7bcb79b387006a6164a492e73aaaaa7ef168
upgrade/Storage Card/System/Img/M1_INV/Phone/phone_scroll_up_btn.bmp,42588,b23fd7ee367cd060ac3806eec74f00f35443c27682df98e1ff5b19f5aacec9ac
upgrade/Storage Card/System/Img/M1_INV/Phone/phone_scrollnumber_bg.bmp,5092,17f189a569978196ede267a6f2a2a4ff952633e0f0bedaef36568c1b814a07f8
upgrade/Storage Card/System/Img/M1_INV/Phone/phone_smartphone_siri_btn.bmp,113968,44a7aa8a2de2541554a78bb1df9f80c8db9211719ceb64571f33b7c1f589c0ce
upgrade/Storage Card/System/Img/M1_INV/Phone/phone_softkey_1_btn.bmp,169448,c1c5f513e423bc144611dce24b5fed38c7effaa828d55a648818295d1ca6f3c6
upgrade/Storage Card/System/Img/M1_INV/Phone/phone_softkey_all_btn.bmp,43048,85b2a0f6374f8904f53105e649bad2b03627166fbb889e891abd88089105dc04
upgrade/Storage Card/System/Img/M1_INV/Phone/phone_softkey_back_btn.bmp,27432,0992e1d26467d5ac773ea8266ee539f364d69a41aae1f7ddb3a3fe7a6736b19c
upgrade/Storage Card/System/Img/M1_INV/Phone/phone_softkey_carspeaker_btn.bmp,43048,308b5b6248b1359f2ebada6b3f4afec19bf0150f6cd1733b060b2beffe834798
upgrade/Storage Card/System/Img/M1_INV/Phone/phone_softkey_carspeaker_dacia_btn.bmp,43044,a361776c049f4e35235c530f627cd454de710caac31757050b209eb18ebdbe6b
upgrade/Storage Card/System/Img/M1_INV/Phone/phone_softkey_carspeaker_nobrand_btn.bmp,43044,6057959775ac36866f5c61fe6670a6edb07478f82734312be73a35dee651ecef
upgrade/Storage Card/System/Img/M1_INV/Phone/phone_softkey_carspeaker_renault_btn.bmp,43048,5ebc2ec97100abfcdc9768ef0235df0845196eb9b8226d7b14ec5fee073ebe15
upgrade/Storage Card/System/Img/M1_INV/Phone/phone_softkey_home_btn.bmp,27396,6309a870611e5021581b7a9c07746c1131acb097a71ea78b7157e2ce12412546
upgrade/Storage Card/System/Img/M1_INV/Phone/phone_softkey_incoming_btn.bmp,43048,3c6469845247a9a51f017be8dc84a43b3c2a103e2dfd265c77e739d9113d88b3
upgrade/Storage Card/System/Img/M1_INV/Phone/phone_softkey_micoff_btn.bmp,43048,4070782df9030ba2aa9141a7e396843e2abeedb1c381b56d8b1f641de1e48999
upgrade/Storage Card/System/Img/M1_INV/Phone/phone_softkey_micon_btn.bmp,43048,2ad1049afed504312d6882db56dc455120097bb069ca6ac4fd065f1225fe11fe
upgrade/Storage Card/System/Img/M1_INV/Phone/phone_softkey_missed_btn.bmp,43048,9c01821632d35ad73d6b370c4b9674be644ec31b8ed43ef8b0ba44c2ca77d465
upgrade/Storage Card/System/Img/M1_INV/Phone/phone_softkey_missed_num_bg.bmp,5460,63c966aec3ac75d7aabe947937647c966f1034f9244f85add08d553d27760f40
upgrade/Storage Card/System/Img/M1_INV/Phone/phone_softkey_navi_btn.bmp,27428,6920adae6a5026d9a840aceb58566f0752706bc495240cb7eb8ba88fb0526dcc
upgrade/Storage Card/System/Img/M1_INV/Phone/phone_softkey_outgoing_btn.bmp,43048,09e9ce4abfdf9bca37369984c5d9c5d05ec4ddf9f4b7ce2ce91722de87029ad4
upgrade/Storage Card/System/Img/M1_INV/Phone/phone_softkey_phonespeaker_btn.bmp,43048,8d0dffbb129d16414d3615421181605c9652c58b808c706906706f67e23b2024
upgrade/Storage Card/System/Img/M1_INV/Phone/phonebook_list_line.bmp,89344,edace81c26c3af5f5f671de7f7bd90ef6e47d5f91d28c019f8ab2cd89384a3df
upgrade/Storage Card/System/Img/M1_INV/Phone/phonebook_list_scroll_down_btn.bmp,33224,ea1be5bb8e3673e34fc82f39f916b8ace4c66cccc6914a6aa1682e52878fa286
upgrade/Storage Card/System/Img/M1_INV/Phone/phonebook_list_scroll_up_btn.bmp,33264,b91c7c654ba943c95e2c412986e9a7dc06b21519bea4762ffcd7ca7cfc2f2c53
upgrade/Storage Card/System/Img/M1_INV/popup/popup_confirm2_btn.bmp,56012,65c2e16943432a568b0aac55ed655dc1ad73d11366e4521814e15d27a5358bab
upgrade/Storage Card/System/Img/M1_INV/popup/popup_confirm_btn.bmp,63936,cf9e6fdc17eb7e5b77c8d623bc83d3ebb5801065bf62239065c6e1c32cb346ef
upgrade/Storage Card/System/Img/M1_INV/popup/popup_list2_bg.bmp,49800,12a85435b01603bfacd40b3903b9aaa5b141bffc619d583fda883b579b02183f
upgrade/Storage Card/System/Img/M1_INV/popup/popup_list2_btn.bmp,155384,ce4eef5fcb01a66f1144f3452f3b3a00b3be3422a16e720686ccdfb19aff606c
upgrade/Storage Card/System/Img/M1_INV/popup/popup_list3_bg.bmp,179468,4164e64260c72b5e12912b64d7e3a4369284ce3b46b9a5af08095a1570f50e71
upgrade/Storage Card/System/Img/M1_INV/popup/popup_list4_bg.bmp,231056,ea9f1c62d5ada41aa93c084d7d620c1047e9671d4a21fceeb378fbc310eb69bd
upgrade/Storage Card/System/Img/M1_INV/popup/popup_list_bg.bmp,231060,3d8932600aa96214209c529dfcbdd439759331dd4220436f5f0c9e82dc8c2e20
upgrade/Storage Card/System/Img/M1_INV/popup/Popup_list_home.bmp,6904,48ea3f033f5bdaecf685efa93ebf3740fd75ce588ee2e2ebc691e17ca7a1ec6b
upgrade/Storage Card/System/Img/M1_INV/popup/Popup_list_mobile.bmp,6676,1b32db9f12ab16f21b9944b61b88fe7c10253038b0b73bc38754a6fc3e2b0137
upgrade/Storage Card/System/Img/M1_INV/popup/Popup_list_office.bmp,6644,b91562bc040d0d717c2482761a958525837294975a5a3b3166514a2d3f1ad52d
upgrade/Storage Card/System/Img/M1_INV/popup/popup_list_other.bmp,6972,fef134f403a3edb5ca4903f8c8eaf242e4326975147335e8d1ba1711d9d209c7
upgrade/Storage Card/System/Img/M1_INV/popup/popup_list_press.bmp,143664,32bc8603f5d68452f99c503f3a8d3233760b6046fa46d1cced3236b831e7d9d4
upgrade/Storage Card/System/Img/M1_INV/popup/Popup_list_scroll2_down.bmp,38840,1c00d99113cc25c130bd0fdcc22be4a55f3fa84d4696d58d12820aafe55848c6
upgrade/Storage Card/System/Img/M1_INV/popup/Popup_list_scroll2_up.bmp,38884,cb8cc5ff13f69bbcfbc1ff8b82434a4cd3f9c78f885426db2dba326a4cd4f454
upgrade/Storage Card/System/Img/M1_INV/popup/Popup_list_scroll_down.bmp,29900,9dce7d4e4299b2f89fe65f78919637000338f4b1b55f69f14a7cc4dd0e30619e
upgrade/Storage Card/System/Img/M1_INV/popup/Popup_list_scroll_up.bmp,29932,5bc2f1c5413d34260ffdc1498d5fe320afc78affd967427214be100f2d0114d9
upgrade/Storage Card/System/Img/M1_INV/popup/popup_update_gage.bmp,1460,a3ee1e7b861ed95b7f1d7cca58eb2f73c429aecac1afaf97f0467f7b945c5480
upgrade/Storage Card/System/Img/M1_INV/rvc/camera_brightness_icon.bmp,1876,b8706fed7e32bef0da3415d23bf29c62523ae0679fea36962da6f6f18a5f4ae5
upgrade/Storage Card/System/Img/M1_INV/rvc/camera_btn_bg.bmp,96064,c7eb9c4637e43b0d85f60a6cd7014caa2db01c305de789cc0264aef839418791
upgrade/Storage Card/System/Img/M1_INV/rvc/camera_contrast_icon.bmp,1464,1eb400821e398eab4edef4568a29aa3e6aae3b03164031d2950d506a7d4c13b1
upgrade/Storage Card/System/Img/M1_INV/rvc/camera_display_bar.bmp,564,22deadf1a3e8587eda9c2823647a5ecd9d23ffc868ae6fd8d1818d2a9648f230
upgrade/Storage Card/System/Img/M1_INV/rvc/camera_dot.bmp,160,3b66d5b0d48913faeeb2e8fdd196a5e1b405b41cc2406304338b18146aeb084a
upgrade/Storage Card/System/Img/M1_INV/rvc/camera_guideline.bmp,152036,c3186c79f368165a7d61b676b305fd82a5ab803c7eae1af8322a86a46522d2c2
upgrade/Storage Card/System/Img/M1_INV/rvc/camera_icon.bmp,1372,2bc4e3f6a7610f58387b614d835758f4eb52a91d703730dd89fe80c9480421b7
upgrade/Storage Card/System/Img/M1_INV/rvc/camera_left_btn.bmp,25964,60d5acc0491df00dea98ee2d5362ac8db21b53b61968a318472d6c288f065295
upgrade/Storage Card/System/Img/M1_INV/rvc/camera_minus_btn.bmp,24420,6609b3d0dfa858191556cbc691b05d44fbc85a88bb0d9b8865050b0e64c10cea
upgrade/Storage Card/System/Img/M1_INV/rvc/camera_plus_btn.bmp,24604,9c8dbb28d645ad527cac61e8ebfdfb512f3c738d1b8f61a573ffb926848c7a75
upgrade/Storage Card/System/Img/M1_INV/rvc/camera_right_btn.bmp,25408,17a48288242398137e0b5d7a65e29868e6debf36ab7a9b34bcc90e82a51b5633
upgrade/Storage Card/System/Img/M1_INV/rvc/camera_text_bg.bmp,36304,1242f6e8437d19698b5e64fe6b12e1587b6e97a3d330f45e48037fb0cabee3f4
upgrade/Storage Card/System/Img/M1_INV/rvc/setting_line.bmp,780,4d1f0ef9d03aaf8973da5f12f4e0bbfae7865c01137481af94f76e26a7afd91d
upgrade/Storage Card/System/Img/M1_INV/setting/res_caution_icon.bmp,1928,65b966c118c2a646bc93599fa7332852c43d7cce780bc077fa9517880242d576
upgrade/Storage Card/System/Img/M1_INV/setting/res_setting_2_btn.bmp,55016,b0b9becf5b7f2d0be2462baf91e13671952e3535e406724cc1ffaeb470c5b9ae
upgrade/Storage Card/System/Img/M1_INV/setting/res_timeset_down_btn.bmp,43948,080e3f3b4fb408cf2262746c6c06258e71ad8196f502d42390afd23831c791e2
upgrade/Storage Card/System/Img/M1_INV/setting/res_timeset_up_btn.bmp,43900,0c47140e7d62b956c82291338dc81d8a2e5f826424c295341a3fc1c0fed95c8d
upgrade/Storage Card/System/Img/M1_INV/setting/setting_1_left_btn.bmp,27884,c522ed7657bade91222cf2dd01f445cb489e550fdf8e72faa9e268091860c8a8
upgrade/Storage Card/System/Img/M1_INV/setting/setting_1_middle_btn.bmp,27884,c522ed7657bade91222cf2dd01f445cb489e550fdf8e72faa9e268091860c8a8
upgrade/Storage Card/System/Img/M1_INV/setting/setting_1_right_btn.bmp,27884,c522ed7657bade91222cf2dd01f445cb489e550fdf8e72faa9e268091860c8a8
upgrade/Storage Card/System/Img/M1_INV/setting/setting_2_left_btn.bmp,19312,f1116a0b35727d46648209b56f4f0767fa8621a0ff4b6b277c2b89635308d298
upgrade/Storage Card/System/Img/M1_INV/setting/setting_2_middle_btn.bmp,19312,f1116a0b35727d46648209b56f4f0767fa8621a0ff4b6b277c2b89635308d298
upgrade/Storage Card/System/Img/M1_INV/setting/setting_2_right_btn.bmp,19312,f1116a0b35727d46648209b56f4f0767fa8621a0ff4b6b277c2b89635308d298
upgrade/Storage Card/System/Img/M1_INV/setting/setting_changekey_ number_1.bmp,48496,6ff9392655a3b43319b77845df2da705e5730a394e8f3a49570f99ebb5cf5ed6
upgrade/Storage Card/System/Img/M1_INV/setting/setting_changekey_ number_2.bmp,97440,e259ec1c8f4ed429db1bda733153123b4694dd526cfef689b7895bd872347111
upgrade/Storage Card/System/Img/M1_INV/setting/setting_changekey_ number_3.bmp,48620,472febdc7a40f889c203a133845a3d90954e93ebf568638d96fa124e87712ab9
upgrade/Storage Card/System/Img/M1_INV/setting/setting_changekey_ number_4.bmp,48660,6f915025b1abf8f877498ce872474c77d83bbab52e480d1a0a7a54c4b3e2780a
upgrade/Storage Card/System/Img/M1_INV/setting/setting_changekey_ number_5.bmp,48648,0f891ce688510247a193c11f33b395579a2203c759380373929be782ab6fcf00
upgrade/Storage Card/System/Img/M1_INV/setting/setting_changekey_ number_6.bmp,48632,c3c794c8f67173a4ce27e0fb9fe2b4c39efc6b47c520d39cf6b53bf2acf1bc67
upgrade/Storage Card/System/Img/M1_INV/setting/setting_changekey_ number_7.bmp,48672,cd9ed512c0366f4ccae0e6db26b4a45f04c1eece2c193b5b056b490586993946
upgrade/Storage Card/System/Img/M1_INV/setting/setting_changekey_ number_8.bmp,48520,c8492642c0aaa2886630949b9fe303cf7a3a760c799b9a459ca5be4bd4316364
upgrade/Storage Card/System/Img/M1_INV/setting/setting_checkbox.bmp,7576,deba82bef0679e67c1923dd87b84a8ad87e599637248680e2913915eebb54c8e
upgrade/Storage Card/System/Img/M1_INV/setting/setting_delete_btn.bmp,28196,2ea36926b506ce18f134da369ecf83b7f8e2938917bdded88968b20c2eedd1b4
upgrade/Storage Card/System/Img/M1_INV/setting/setting_direction_center_btn.bmp,16984,234e034f6b8a2b800220aed07f1545c6fa4bfdc5ceb91d564bd97b86f3e532f3
upgrade/Storage Card/System/Img/M1_INV/setting/setting_direction_center_image.bmp,42756,df20670fd80c699dcf96b912d1bae9dfc1754a127359cb0a51cfcba5d128e6e5
upgrade/Storage Card/System/Img/M1_INV/setting/setting_direction_down_btn.bmp,16764,44142dfcb06a61f6c41a3583ce2a466499cc897677582885f156cbac5ee526c4
upgrade/Storage Card/System/Img/M1_INV/setting/setting_direction_image.bmp,82652,aba2d8e86977c236b1d328054d70aefb4204e977a6ff1b64562f12ae28149974
upgrade/Storage Card/System/Img/M1_INV/setting/setting_direction_left_btn.bmp,16768,cf0619710eeeaff739619e154030c5c848e6ed50bc8f7d55858453ae6bace85b
upgrade/Storage Card/System/Img/M1_INV/setting/setting_direction_point.bmp,1336,8e31cc062672c53894009f7eabc2ca7839ffd8f75e58cb6d5cea71e39cd9a9bd
upgrade/Storage Card/System/Img/M1_INV/setting/setting_direction_right_btn.bmp,16764,09be06de2dc547c04f1ea96c7cabdbb663328ffbdc8c73b0d81ed42abd28acda
upgrade/Storage Card/System/Img/M1_INV/setting/setting_direction_up_btn.bmp,16768,22db7070abe065da9eddd2faa6dc85a8e5f3a1c88603a231b8b9244b8ad5f6a2
upgrade/Storage Card/System/Img/M1_INV/setting/setting_dot.bmp,152,fccbc4499fd27b8f105cc2ef6a86b73e533a12f50df7549e8dd09594f50436a5
upgrade/Storage Card/System/Img/M1_INV/setting/setting_indi_line.bmp,82168,efdf7db14f295bd6840eeecdfb8f9f1d271fc3008d0f6d38ec382a5a515919e0
upgrade/Storage Card/System/Img/M1_INV/setting/setting_list_icon_mobile.bmp,5432,35b7a03d28b49e62e737b6687a696a5657e8a3f660f7fb53e9aa4a05d8195bc6
upgrade/Storage Card/System/Img/M1_INV/setting/setting_list_icon_music.bmp,5816,6e5ff71e50b98905b3a3e21918db9b3760d4b1abc2a69c1f2a53856813cdfa7b
upgrade/Storage Card/System/Img/M1_INV/setting/setting_list_icon_smartphone.bmp,7460,caf019751de1e2f05869bd77d699c36cca6b567623d9b303cc9e80f896ac104e
upgrade/Storage Card/System/Img/M1_INV/setting/setting_list_line.bmp,147836,0453b72eb219ccb55e0542f3a365d33df8baccb6aee433ca3c26dece60d60816
upgrade/Storage Card/System/Img/M1_INV/setting/setting_list_press.bmp,191764,fdd180b76beef95ef66378daef059b4fc4306d9d48b6963e7605dc289ec1abca
upgrade/Storage Card/System/Img/M1_INV/setting/setting_list_siri_icon.bmp,5032,22fcbec8795e0be7d87e7a4ff9ad73a8c2683d7f8234021ce2f305eade5ebdc3
upgrade/Storage Card/System/Img/M1_INV/setting/setting_osl_info_btn.bmp,26372,78eb13ceeb60d8abe116679b1044f0cf94ae3b701b7829a7389fc9f500cba954
upgrade/Storage Card/System/Img/M1_INV/setting/setting_parting_line.bmp,420,0fb804284853d3b5a7b1e7bb4203e1531cdc6ed7e0d4da6a1b8e484aeccf88a9
upgrade/Storage Card/System/Img/M1_INV/setting/setting_scroll_down_btn.bmp,42564,426a5bee58212b31cb2c9800dc7807f1ab4cfe52ce004dbc996927c28e20f9fb
upgrade/Storage Card/System/Img/M1_INV/setting/setting_scroll_up_btn.bmp,42592,2e243aa7914c7f3dfeb9db119d0e3b687fd7ca1c6d0b214d36bc0725911fe195
upgrade/Storage Card/System/Img/M1_INV/setting/setting_scrollnumber_bg.bmp,5092,17f189a569978196ede267a6f2a2a4ff952633e0f0bedaef36568c1b814a07f8
upgrade/Storage Card/System/Img/M1_INV/setting/setting_softkey_1_btn.bmp,169336,6942cc84ef4990a61f34c550043c8efdd6cae8b617dabd425b465e6bc3ef5ee5
upgrade/Storage Card/System/Img/M1_INV/setting/setting_softkey_4_1_btn.bmp,43048,65f2c61acd4ba67304c84b072ed21bf0bbee7a3240604e67da41387b5793717a
upgrade/Storage Card/System/Img/M1_INV/setting/setting_softkey_4_2_btn.bmp,43040,cea20ee42cbd686ad4efd33e77658ed5900fe83d69abaac62adb2cf0408e590d
upgrade/Storage Card/System/Img/M1_INV/setting/setting_softkey_4_3_btn.bmp,43048,cbbd1d7675ac1dee498eae4669537af2e82b730c4565ca0bd2a41c1a7d3019ee
upgrade/Storage Card/System/Img/M1_INV/setting/setting_softkey_4_4_btn.bmp,43048,8ed9548a040a390562de1c7f9b2e0a43cab056a843f501438c79d4d097a863c1
upgrade/Storage Card/System/Img/M1_INV/setting/setting_softkey_back_btn.bmp,27432,f90715b8d8f645717b7f1f2a133b261540d3d5d900f5f196827c25c3ce68ed68
upgrade/Storage Card/System/Img/M1_INV/setting/setting_softkey_home_btn.bmp,27368,79bd09bae64705f7e588d4b8a862621ebce12403d8c4046ee1ed831f1c20c55a
upgrade/Storage Card/System/Img/M1_INV/setting/setting_softkey_navi_btn.bmp,27428,7694c9066ae53f04dfe3520bb21ac3fcc3b2aaa24cb25fbf018fdaaca913fd94
upgrade/Storage Card/System/Img/M1_INV/setting/setting_sound_audio_icon.bmp,3652,441f4db8dd36e7126a2e909bef9a1bc8f705be1ff53460251a578ce824c90e7a
upgrade/Storage Card/System/Img/M1_INV/setting/setting_sound_bar_bg.bmp,15304,721e1614ec8e5bd35cd45c998398d5f4b0a62783f97eef98ac94a5f39c95914e
upgrade/Storage Card/System/Img/M1_INV/setting/setting_sound_bar_f.bmp,1300,0a52482b3ee23bc84c4525977c56e3c9852ca96cd8595a2860569c8ed82b6ac9
upgrade/Storage Card/System/Img/M1_INV/setting/setting_sound_minus_btn.bmp,26492,11458e58827644c77d3630f1f6e4a21e84d9a8d3f9734c91d120c103049d930d
upgrade/Storage Card/System/Img/M1_INV/setting/setting_sound_navi_icon.bmp,3744,ae714aa704ff3085d474f841658e75cfc9275d726ea06a98191569f0dd8ba9b7
upgrade/Storage Card/System/Img/M1_INV/setting/setting_sound_plus_btn.bmp,26480,89b0f567a4a5aa1724960214e79f0cbe217bcc197ef9f12c3c868be6b4f0435f
upgrade/Storage Card/System/Img/M1_INV/setting/setting_sound_ring_icon.bmp,3488,23440be3f384fa9ae791a1cd4e8a55c6d11acc78aaedf386973a20ef431c662d
upgrade/Storage Card/System/Img/M1_INV/setting/setting_sound_ta_icon.bmp,3736,12189abf2fb06d6cae291343d4a2940ccb5ee34d543d0d6b940b9f58d10eb370
upgrade/Storage Card/System/Img/M1_INV/setting/setting_sound_tel_icon.bmp,3688,74684a484ff055ccbf06ebc3c91a8d0e343d91297345a874d947594dd2e96597
upgrade/Storage Card/System/Img/M1_INV/setting/setting_spvr_help1_dacia_img.bmp,62608,b94ac529e3a3dd68d7dfba1ab859b000939ee056858071ec1fc029981ffab82e
upgrade/Storage Card/System/Img/M1_INV/setting/setting_spvr_help1_nobrand_img.bmp,63112,6b96a27fd6a042c415da68d244053da4e847bd988dc4f2f45a64abad4607f6bb
upgrade/Storage Card/System/Img/M1_INV/setting/setting_spvr_help1_renault_img.bmp,63120,705eb9e7aeca97fa9573320fed7a9a31d4b14df4573ba819fd7d3e03ff390c6e
upgrade/Storage Card/System/Img/M1_INV/setting/setting_spvr_help2_1_img.bmp,63076,72272a6e0c80c83eba62cb9d3e34ee3bbd9f1219e069e5a4cfb518793f238744
upgrade/Storage Card/System/Img/M1_INV/setting/setting_spvr_help2_2_img.bmp,62976,1bd842df8e83dfb8f0393e1dbe9b3367c5d0957bc8b1af3cbebd3502aa570989
upgrade/Storage Card/System/Img/M1_INV/setting/setting_spvr_help3_img.bmp,62980,0c2b44b68ef1944ba91c4ac0b6259f81b276f2d903713b2d594332e5dd97cf23
upgrade/Storage Card/System/Img/M1_INV/setting/setting_spvr_help4_img.bmp,62940,5550c8773a8d0ae77098d1f0acae7c8f866a7d8d42abc08b44d7b9117765d237
upgrade/Storage Card/System/Img/M1_INV/setting/setting_spvr_help5_img.bmp,62600,c8a6d8c8b3ed8e06a5f8ba2547c19be815b32afb764c534bf0909a381ac52eb7
upgrade/Storage Card/System/Img/M1_INV/setting/setting_spvr_siri_help_icon.bmp,2016,e6ed04b96791e94fa9b3dfa2abfbcb44f940ca611764f41a126324a557a8a1fa
upgrade/Storage Card/System/Img/M1_INV/setting/setting_surround_bar_bg.bmp,10584,c5fe3d9ea1ce93d5d4adccb6748750f9d1b3dd961b4dac110d0dde31b7f85da8
upgrade/Storage Card/System/Img/M1_INV/setting/setting_surround_bar_f.bmp,1024,9b2831366e287af02caf87cde39d19b18d976ab76a73f7ed57f9bbf3ae1fa356
upgrade/Storage Card/System/Img/M1_INV/setting/setting_surround_center_btn.bmp,17212,b42924a9fc18bb4885b076f6461f10f1ef5a3efd90ff181ed37738ad4d1256de
upgrade/Storage Card/System/Img/M1_INV/setting/setting_surround_left_btn.bmp,17480,a6a3c1dc65c7f8a705f0698254d2dedef7916d17cd7c570f21f9231d86de9e57
upgrade/Storage Card/System/Img/M1_INV/setting/setting_surround_right_btn.bmp,17460,7a7e8f09dbafd7ff6be9e4fba6e70c2b08949f0e4f659ad894d122b56847797c
upgrade/Storage Card/System/Img/M1_INV/setting/setting_tem_c_btn.bmp,28268,debb0295a22d1b85cedbc85ff35a41c7753dbff99a30e6a3cbb2ddd528d81ecd
upgrade/Storage Card/System/Img/M1_INV/setting/setting_tem_f_btn.bmp,28136,999ae34a5d3a4aea35f46e5a4f33a4c91cda849f22c2dd606d1904294f085ed9
upgrade/Storage Card/System/Img/M1_INV/setting/setting_timesetting_2_left_btn.bmp,33232,5b90f74f5d5dfe835ef7766be25a56bff01f07b72b4f3625504c6e41d4ebd5e0
upgrade/Storage Card/System/Img/M1_INV/setting/setting_timesetting_2_right_btn.bmp,33232,5b90f74f5d5dfe835ef7766be25a56bff01f07b72b4f3625504c6e41d4ebd5e0
upgrade/Storage Card/System/Img/M1_INV/setting/setting_timesetting_btn.bmp,55460,f69077f9a62038ff9628ba30fc7a7644d2d13ed97cd45dd95a74b8ff8f7f7750
upgrade/Storage Card/System/Img/M1_INV/setting/setting_timesetting_down_btn.bmp,28312,6b98dc3f59af12f01e63a1d5c1bbc704043731521f3b4a0015bb0da758e1b78e
upgrade/Storage Card/System/Img/M1_INV/setting/setting_timesetting_up_btn.bmp,28224,f39fbd330931572af271fc0eaaeae784adff6e740b1006beb8e8145ff11a47c2
upgrade/Storage Card/System/Img/M1_INV/setting/sound_setting_btn.bmp,28340,e25671e8b3bc89a230312051d72c9abf70d2cb4999666a869d84bee4cae15da4
upgrade/Storage Card/System/Img/RVC/B98/0.png,49715,a647f9349b9243e62faf493c5d357ffda81c8214aa60dc0ea5acf66d2b1a562e
upgrade/Storage Card/System/Img/RVC/B98/1.png,49686,2ac437bb7763d33e2fc11850801ff35b304335d5dc483a2b06ecb60880aa89ca
upgrade/Storage Card/System/Img/RVC/B98/10.png,49537,04402eaca4149943117deaffaf89e6ca3569a4c80730d862d685d7e3023db077
upgrade/Storage Card/System/Img/RVC/B98/11.png,49710,7132bff4850b1b98bcf7ecf847a961c29b1f40ccaef248e78a38ee2bc6ff1852
upgrade/Storage Card/System/Img/RVC/B98/12.png,49298,349cf15efe357e237e2839931e2eef276988418ed46026bcdf3aed06b09fb39d
upgrade/Storage Card/System/Img/RVC/B98/13.png,49421,0b6364b64580325064da8ecfc3d79036e799b48544523d5bd8a8b44546940a81
upgrade/Storage Card/System/Img/RVC/B98/14.png,49362,754e16e6b200a436df7fb6e617b4cc815ff5ec124d7bfaa184b0dd4000bfa885
upgrade/Storage Card/System/Img/RVC/B98/15.png,49435,8022cc5546eeaa08d354b37f4014694c4c0b21cee396f9d0c1a7fc8a3ddb565f
upgrade/Storage Card/System/Img/RVC/B98/16.png,49523,f5c82aa1f77fa7206a8f007ce11955a6590b04e6d0ee5d4758c284aa0e3f03d7
upgrade/Storage Card/System/Img/RVC/B98/17.png,49355,3e1e31a049360edde988ca7b913e5b075e0db416bc92a7fbb0ba9702385d169e
upgrade/Storage Card/System/Img/RVC/B98/18.png,49676,9e5744d55bfeedccba9255d2dc9af65440d7daafa648dca9854e357c8b90f6e6
upgrade/Storage Card/System/Img/RVC/B98/19.png,49520,d1b2b69fca4ced6244563c989b09440e1065b0e8aad13345d5b977830a2ea8e7
upgrade/Storage Card/System/Img/RVC/B98/2.png,49648,e11130a3c89823af7d33939a4845503b12e1cb0221e7e229c60cadbfbe52b9f5
upgrade/Storage Card/System/Img/RVC/B98/20.png,49560,0f5b8c0d3ec88cbc282de9322b0f5fd9d177e056f9e5d26cad6b89fb45ad3378
upgrade/Storage Card/System/Img/RVC/B98/21.png,49591,ab84309f2f559a3ea4628121ebacf0211c4c7796fc264e1bf6fa87c1292a850b
upgrade/Storage Card/System/Img/RVC/B98/22.png,49736,5db6cc1f8b3a554b1ab0732ba1bbf5b74e159b8216560ba833e305e679dd0931
upgrade/Storage Card/System/Img/RVC/B98/23.png,50056,24c26568c1ef6d7e48d3954431703d85988b7d2e3cdb837a19a96ab463ea0f4a
upgrade/Storage Card/System/Img/RVC/B98/24.png,49590,dbf393e47f10bb94905cd373ffc2fe3f2ddee44bcfe9e5d57838e264718ec52d
upgrade/Storage Card/System/Img/RVC/B98/25.png,49750,be1ce9db0ce57aa969c236cda09fe9fa75592aab349e1de68e44f43e5fe94d23
upgrade/Storage Card/System/Img/RVC/B98/26.png,49823,80aa906c0a3d862bfccd5c5e8827f8ce6fbdf054ecd3b205867d54c349f03b09
upgrade/Storage Card/System/Img/RVC/B98/27.png,49909,e9041f87e4627a280b9ba559453d093858c2707a27be08565f34850bbeb759f8
upgrade/Storage Card/System/Img/RVC/B98/28.png,49745,92d2bbdde6a32df71d8201227604653d61faf4c61d31ef5776678ca4bce9aa21
upgrade/Storage Card/System/Img/RVC/B98/29.png,50033,80443c66a657d22f4f009a172bcdd38a0d0f139d10eab8a8f503b0dc1b41ddab
upgrade/Storage Card/System/Img/RVC/B98/3.png,49728,1973dcf949b144f269cb8fea3782ca426627ec69b775a59590f1467b3fdd333d
upgrade/Storage Card/System/Img/RVC/B98/30.png,49972,07a54eafaa040ccee7534bdd6f020f5f64983223db8da3c834032fe406e6b895
upgrade/Storage Card/System/Img/RVC/B98/31.png,49946,ea4aca89a385d62fcd10e049443f23e664a3249e52e78ebe79b264781cfc2dcd
upgrade/Storage Card/System/Img/RVC/B98/32.png,49872,fb6026d72d2b0a2688cce04359e9abf373001b8f4fca0dcca4ac26d1af9d6aa9
upgrade/Storage Card/System/Img/RVC/B98/33.png,49961,f175e27aebbcc896709b6050c04e18eda8c15952c3ce40d51d5b19ba5ba78540
upgrade/Storage Card/System/Img/RVC/B98/34.png,49871,bd11d42ab78ca9818edba6c704baaf4e8b433d9bbf502b434c8eae5c033bec00
upgrade/Storage Card/System/Img/RVC/B98/35.png,49844,216a1c8d20ce24a4a87bbec1ddf6a7b623e21bca2f39d4f3a9c107bd14335645
upgrade/Storage Card/System/Img/RVC/B98/36.png,49679,0b0bad5c25171bfe7a5f777fbe761904ebe535947c5b461f3d9a09400ee86ad5
upgrade/Storage Card/System/Img/RVC/B98/37.png,49580,278d1360d2fad1e79fe3aa202afb60ebb95915763ee049f3fbe4e04787e80beb
upgrade/Storage Card/System/Img/RVC/B98/38.png,49554,383719100ec5870f69d5ec67523f63efa0dedf915e4b0140112afe066ae07f6f
upgrade/Storage Card/System/Img/RVC/B98/39.png,49573,a517fc6e49754a77d44880659cd66f06f8a63132d9b8a5dabb41c18ee5a52b06
upgrade/Storage Card/System/Img/RVC/B98/4.png,49613,e69c2ccbe19f5daa01d243babddb59d6a20bc78e24994a71eb5c4fe7367f5b73
upgrade/Storage Card/System/Img/RVC/B98/40.png,49505,214e87f0cb4b8a983f5281d58e2caeb1849fdd33b370a36e9cff90f2a4deaa93
upgrade/Storage Card/System/Img/RVC/B98/41.png,49335,2c151794e5dd99bc55d501017bb81cb5a994198e09ed721e579ffc9da04912c6
upgrade/Storage Card/System/Img/RVC/B98/42.png,49145,b219207cb2833b6290dda4bd5c1f1f183a93bd4b78f7dcb8f03f62d8cbaef80f
upgrade/Storage Card/System/Img/RVC/B98/43.png,49047,74247f3f4df4beef5dc059ed8e88571680ef47db6eba4488adc4e20a35ea528e
upgrade/Storage Card/System/Img/RVC/B98/44.png,48853,4eec7d3f3347b8c8746e57c9d8f4ec0964006dda9f42c5ad8bb48b7250a890a8
upgrade/Storage Card/System/Img/RVC/B98/45.png,47315,cca1b638a02b8a306373d97fb1658247197707e1c92235d1116377dcae3250d7
upgrade/Storage Card/System/Img/RVC/B98/46.png,48974,b093bbc9e7a3289224778a279200873eb8b85dd51572f61e55bda051a66facfe
upgrade/Storage Card/System/Img/RVC/B98/47.png,49117,eaf4eb9b85ab4ac92d6a51faf5388e566aa92a776070d90f6e104915e45a0fd2
upgrade/Storage Card/System/Img/RVC/B98/48.png,49326,868adac49fc7e378631bdf854c7deb37e77f825854be9d01829b9277304cf8af
upgrade/Storage Card/System/Img/RVC/B98/49.png,49371,71c5fe19288916239a288ca08b519c2c136d630267019f4acb209c2ef1ec373c
upgrade/Storage Card/System/Img/RVC/B98/5.png,49712,006ad8cef4413da62f0a8caba99a73a19fbb013589c1813e25e5300b094ebae1
upgrade/Storage Card/System/Img/RVC/B98/50.png,49496,496ea4e60d7a3e3f4877552caef289083c9c9e3f14cd5563a0b6e73e82db6a41
upgrade/Storage Card/System/Img/RVC/B98/51.png,49516,0a4889ac98b1ecb38260e38ab5819dc3192555d1231d9707b2405f5df0d0a822
upgrade/Storage Card/System/Img/RVC/B98/52.png,49545,e02f7f3164c47e9f5cb3b1dc0529fbcf5b5e279ca1083b9923e0738b987d93dd
upgrade/Storage Card/System/Img/RVC/B98/53.png,49668,36dfa73e23a7a713cd7afc01ba8a12cdbde9d1627f2b2f90a1b1055b84f5f2b9
upgrade/Storage Card/System/Img/RVC/B98/54.png,49702,fd98cab4efa6028b2fdae5f97cd86726fa2407fefc10a18276aa5ddd8536ac09
upgrade/Storage Card/System/Img/RVC/B98/55.png,49730,09e60352a8e32b7eda1336bb53384f5d5d6ae0595b2b41a118d6622064a48d97
upgrade/Storage Card/System/Img/RVC/B98/56.png,49749,447c2399836dfc9d84c37225cc0fab04b8a8f29f3ec19b44e57829b50767631d
upgrade/Storage Card/System/Img/RVC/B98/57.png,49794,8ed6c760638613141ec03d7e0dd4cca79c732948eeba75c4bcf8c8702b4a79fc
upgrade/Storage Card/System/Img/RVC/B98/58.png,49874,0dd51cac0574e349dc5b1c92cacea184dd95d4c670f4d0b9d5d8407b9376d260
upgrade/Storage Card/System/Img/RVC/B98/59.png,49727,116097d1e635cb1055bf03cca5213f070c58d2fdd256a2211d6a936f097f3f58
upgrade/Storage Card/System/Img/RVC/B98/6.png,49591,3942089bc7aef4b945ff2d20a61dc70461a490fe585e803fa7988f9571b2dd78
upgrade/Storage Card/System/Img/RVC/B98/60.png,49760,22f93081b8f8e703f97eacc9b47db46d1a9ae21e84f6fb690a25740525dd5fdb
upgrade/Storage Card/System/Img/RVC/B98/61.png,49695,bb0dca6e2ea4914bcece7db2c39bde449735af85e872fad0c5edede8950c66fa
upgrade/Storage Card/System/Img/RVC/B98/62.png,49577,9dafcd12329432c51ba0eff772f83a1a8941276e0bbec53c0c88577fc5bb6206
upgrade/Storage Card/System/Img/RVC/B98/63.png,49441,2447eea4419e294bd518fed66139977e3f2f40b190a36602649a624fce958a1e
upgrade/Storage Card/System/Img/RVC/B98/64.png,49448,cfd2f58c27d6d98aed5a5f9042d0cf37d2667dd34790cd2b294a70458e738657
upgrade/Storage Card/System/Img/RVC/B98/65.png,49398,5201b0727a756980bcb2f19762a5d14b31493c99ffb449780a783e0ab5c39cd5
upgrade/Storage Card/System/Img/RVC/B98/66.png,49515,98d1d1b9f78ce868d41ec6d182fdf4954839d842616365f0b64de0c012b99130
upgrade/Storage Card/System/Img/RVC/B98/67.png,49339,57bdcdeff5882dfa6fc3118281b6204cb57210aab65be06071617c01368abc87
upgrade/Storage Card/System/Img/RVC/B98/68.png,49359,fa25c0f096cec61b6acf9a12345b2431a5727a4feab8a1095fe3818d2ff7665b
upgrade/Storage Card/System/Img/RVC/B98/69.png,49242,64c3599da8e176660ad113dcf3bd7c9d7929d9c48cf7ff1889b16634417524bc
upgrade/Storage Card/System/Img/RVC/B98/7.png,49505,b0ad2d60e786d75338974c216404fecdd0c45ec3a1552975d67c1f134b4770ad
upgrade/Storage Card/System/Img/RVC/B98/70.png,49384,114c0d299be6638a9a3e2b4dead280a9b6a00c3c654fd7bf650e054705e6c56f
upgrade/Storage Card/System/Img/RVC/B98/71.png,49276,12550d9ec456d49c59618d4bb47ec3f6158dcba636e74d3e8b30940496da723c
upgrade/Storage Card/System/Img/RVC/B98/72.png,49298,dddac6c3f33822eda9d849aa03d152f8fb0b0140060b21059a9de877d55e554f
upgrade/Storage Card/System/Img/RVC/B98/73.png,49444,9ae886b321252ca15a100b7809b17f1ebeff67147c9c68eb82f3d2ce885f8804
upgrade/Storage Card/System/Img/RVC/B98/74.png,49410,3057a9b59d55042e37464c7469e5ed7689c1bf52fa6236fac3f564a4fc07bdb3
upgrade/Storage Card/System/Img/RVC/B98/75.png,49469,54446066a7dc7ff36761ef48d6995c50c981bb238e207a3d1342dfc2585f6e17
upgrade/Storage Card/System/Img/RVC/B98/76.png,49595,db519772eb8e99c6f43b11cc5cc31fd7d638cccf80b3d0cdf15c7c0cf7e0a460
upgrade/Storage Card/System/Img/RVC/B98/77.png,49636,9c361f1df8e4304c50897ccbef4694b1370ae974d7b69f98ca6aadf2054839be
upgrade/Storage Card/System/Img/RVC/B98/78.png,49831,226e9e529f9d105bbb5fcb91d224af8de4a0867c2fcad1080a2d3cde83f1a3ac
upgrade/Storage Card/System/Img/RVC/B98/79.png,49895,5495189f687df5c42f2604880bd163af7c3765983da8dc5e02ae9799269f7cad
upgrade/Storage Card/System/Img/RVC/B98/8.png,49622,9c8c38b1ea18145197c981da9d127b7714b1c725f5aef44cd1ecc9cd8829fc09
upgrade/Storage Card/System/Img/RVC/B98/80.png,50067,2d8c3d48d827b8846eaed37dfb4b21b20b1ca281d44b52e0495ed98fc82af9f8
upgrade/Storage Card/System/Img/RVC/B98/81.png,49958,60695f655f9424e082df8bcc6109e65b06a3c5b00420ae28ad928d64ee71a885
upgrade/Storage Card/System/Img/RVC/B98/82.png,50049,4a598ccbb26384e0eb35a361f2dcd1ad8d692cbe691c8327ba363220fb2bcc72
upgrade/Storage Card/System/Img/RVC/B98/83.png,50023,26364868146117f778931c5845557dad7ab09fbb067fc8766e24fe970403699b
upgrade/Storage Card/System/Img/RVC/B98/84.png,50345,a672beb6cbe98e4b95983dcd4767641f99faf6f4c15fc48b35e0248f76f0b21c
upgrade/Storage Card/System/Img/RVC/B98/85.png,50526,c1027487b03e4d2506131421861d4dfadddf575bf8e65f78af84cc726a2500b4
upgrade/Storage Card/System/Img/RVC/B98/86.png,50830,24544cae35959f14b3f7bb70d0ec7173d67bf9db5a4c3d90751bcfef7e8aff4f
upgrade/Storage Card/System/Img/RVC/B98/87.png,50904,8f5c7497b2d0f8e5290d6d0fddb841718f00ff4b633af1f8a1dfd1a6b55ed021
upgrade/Storage Card/System/Img/RVC/B98/88.png,51072,fede23f8bdaea4fcb815b43932b5c6c66b40fda10c99324c552253fc9b1ab69e
upgrade/Storage Card/System/Img/RVC/B98/89.png,51180,15d00fdf7d451d2e0c639ae70276caae9cc796bd87917ab63d1ba30e1d134c5f
upgrade/Storage Card/System/Img/RVC/B98/9.png,49669,7f5283471c1632bddf3e1f5d5763dcc77b4be8423342e56037d3832e6252f3a9
upgrade/Storage Card/System/Img/RVC/B98/90.png,51510,5ed1238caa082db8a73207952ade4a434e084c2876bce88dcb84fe5bb20f3778
upgrade/Storage Card/System/Img/RVC/default.bmp,409028,6331b6ea61576b0438b928cbc19f13c127374dafb5ec21045aea0bb2a797857f
upgrade/Storage Card/System/Img/RVC/edge check.PNG,4455,09feb8606426ccbde0681673789e734a4156c1933ceb931f0ee4e1f25b4f6274
upgrade/Storage Card/System/Img/RVC/J87/0.png,43863,88a98aa09de1978b727dbb25b40c5c42318391ec0ef4a2cdb8db1d8a64042ac3
upgrade/Storage Card/System/Img/RVC/J87/1.png,43781,bcb9979172ca234973f1f64c21ce619d9ad09d4e586ccc47a706fd25b9688485
upgrade/Storage Card/System/Img/RVC/J87/10.png,43538,4467194b97b083cee08af78186033fd882dee69f0a611eb612ed96a81750d842
upgrade/Storage Card/System/Img/RVC/J87/11.png,43619,80b992985655e88b7b4d0ef21bfb2b03a4fd6875d5c82a1835f2435dbc811692
upgrade/Storage Card/System/Img/RVC/J87/12.png,43647,a8d9efb04bf9fff175d4f29957b5dc51fc3eb498bbf6cc16689421fe612494cb
upgrade/Storage Card/System/Img/RVC/J87/13.png,43660,4c57e06f808577b7d7b19610a49f73851b91922b02c82bc1a26b14684ba962a9
upgrade/Storage Card/System/Img/RVC/J87/14.png,43840,fd59e43e07701ec4a25d4c6a529a27ab81343e3990aa357e834b8479283d032d
upgrade/Storage Card/System/Img/RVC/J87/15.png,43832,8da5cda097af15dbf1b95068b226ee056ab1941006eea7aa9d31baa74e447be7
upgrade/Storage Card/System/Img/RVC/J87/16.png,43809,ad80c9edcb22447d637f7cdf24147c43215746c4542c6895b85214f903a351f0
upgrade/Storage Card/System/Img/RVC/J87/17.png,43968,2fabd37a73f9bc2b68b1682e57cfef6aba2a304dbeb77aa07c27d57356c482ff
upgrade/Storage Card/System/Img/RVC/J87/18.png,43934,e3f51f937b1951d10d41e1a79682236d3cedb01ed5020f4c5d4220dfb57c4e71
upgrade/Storage Card/System/Img/RVC/J87/19.png,44036,126674af7e6be1df1811e5dfabe0169197e1b8258911767120fda9f45d24a5d6
upgrade/Storage Card/System/Img/RVC/J87/2.png,43638,d53930d2a05ef1c97f02a6a289296e570d7f5cd5da5e5a6af47e1bd6c1eed956
upgrade/Storage Card/System/Img/RVC/J87/20.png,43919,29200440ffd126a646b2efd0e0754e192e50b20f4b65d527d5ee409c122c66a5
upgrade/Storage Card/System/Img/RVC/J87/21.png,43940,08280dd206afad483fca8c9cb11a69da262da745eba98a4415e3a5d62aee9d76
upgrade/Storage Card/System/Img/RVC/J87/22.png,44041,27ddf8a5f94318d0d3dd50f1309d6f36f305a178f2c08f95f4568d96b2128b62
upgrade/Storage Card/System/Img/RVC/J87/23.png,43947,8d5493ad66c41d8f433edce7d598206a969ce2d30692712199d093cafbc98584
upgrade/Storage Card/System/Img/RVC/J87/24.png,43920,22d61ec41acf55cf73eb9e762fcaf318729005331d50a56c61c7ecf8a3270bc4
upgrade/Storage Card/System/Img/RVC/J87/25.png,43941,53d56955ef3c0f5f4cb1244c879b92b2535b278aaa91456d1cda98da63716ab0
upgrade/Storage Card/System/Img/RVC/J87/26.png,43899,65b01e1b40e7bd57393a70486f8ef1332a56c355523c72340b4bc588674e0f85
upgrade/Storage Card/System/Img/RVC/J87/27.png,43810,d09b4b7321b08b3612b37f4b17ccc79ca07e110702c165bcf0e07c68843dc961
upgrade/Storage Card/System/Img/RVC/J87/28.png,43877,e091962e2537cb3fc33e9556c9b2a36a1c81ccc5abc90538a2dadc8f00baedc2
upgrade/Storage Card/System/Img/RVC/J87/29.png,43594,c56f7d0f95b6336f6700db3fd22a425ddb5eaf2714edb06dbe359bd7a15558c0
upgrade/Storage Card/System/Img/RVC/J87/3.png,43638,f6fce4d2a4854f72971049d89ac41abb7d497868930b2c5f7588d1b7d2e6fa83
upgrade/Storage Card/System/Img/RVC/J87/30.png,43468,1d48a31aabac42c9849b96d82de1cd6872bfd8e6645e850198ba58d7b167d85a
upgrade/Storage Card/System/Img/RVC/J87/31.png,43157,46e5379ac1917d66f22323742616a4e4bb4881435ef1959930caa2ac947ac3bc
upgrade/Storage Card/System/Img/RVC/J87/32.png,43177,8ae5fb6cf1274b56a12a0d7cf7ab44842502b6ed2673cc1c33bd5f0451ad5c69
upgrade/Storage Card/System/Img/RVC/J87/33.png,43056,ae80d12e3167e05cc55a4af8bf50b430652f0e53d6ddf0eb117a3824e66bff64
upgrade/Storage Card/System/Img/RVC/J87/34.png,42916,062e9bcf13146d27283f6f48c5ded2fd2059fb525e8a4c1689a87c08b234808a
upgrade/Storage Card/System/Img/RVC/J87/35.png,42622,6cccf9bc7d6a16e99471c16e4999ef62788017a8d67012a658749bd17eb7ea56
upgrade/Storage Card/System/Img/RVC/J87/36.png,42311,b3cd309d7673a3006505228d07cfe0338f1fe0ce39476c8d0012bcf759d276d5
upgrade/Storage Card/System/Img/RVC/J87/37.png,41994,87b189d8154a8d35e2361d4626d598e46b78033fc9714c41442193d342f2a6c9
upgrade/Storage Card/System/Img/RVC/J87/38.png,41952,4d790909628564f0d1ff5f282235879b8946109a590158c75b83548a6a3c8449
upgrade/Storage Card/System/Img/RVC/J87/39.png,41452,c74b70a77018eabfac5bed28cafecde56b8e7f6bec05df74725fcca5bc31a7a6
upgrade/Storage Card/System/Img/RVC/J87/4.png,43569,2a5f47fdbc8164263992ba4a2ba3c29a46121d708b46d3c756636d378eaf0c63
upgrade/Storage Card/System/Img/RVC/J87/40.png,41107,a662d25d86ae2ecdaaba82e64f5722757d8754fefeaeca8ccdf1b4504f369f8c
upgrade/Storage Card/System/Img/RVC/J87/41.png,40598,d014de4cc12a701d73145b54248751044e3b884b804e944917f266f10cf79601
upgrade/Storage Card/System/Img/RVC/J87/42.png,40015,f5eee2528f1002ba5b0feb45395de7709e6988183d19ccd9f9b47a19b95d0f2f
upgrade/Storage Card/System/Img/RVC/J87/43.png,39543,6cd481c790367ce21b946c5385b91d86bce13d038bcb0b664b61988dc76275f2
upgrade/Storage Card/System/Img/RVC/J87/44.png,38596,a2435bd86ea1d45328790c7cab504da3ab151d49347a572edd0fe68a90efe443
upgrade/Storage Card/System/Img/RVC/J87/45.png,37116,e0d27ab7a2047ea46463fdd9ea0d57184412c72a2b207b6d57b20cde45884cc9
upgrade/Storage Card/System/Img/RVC/J87/46.png,38853,9e8f6fac8274b5fb59e0d9c7a5b088fdaa7905dc2a1559336cade8cd5bea8ca8
upgrade/Storage Card/System/Img/RVC/J87/47.png,39593,f4bd36061f2dfae3e766299947aa24f1cff4d5b16ffc662bc34fbe02949f7949
upgrade/Storage Card/System/Img/RVC/J87/48.png,40209,5af5b8388a35e2519939c9b8ae3e6bc2649b0331138153be8a00798d572cc72e
upgrade/Storage Card/System/Img/RVC/J87/49.png,41009,006eb7207c66e94f51d495c336e6dc114b5d1ad7512cddc72a068e53150d2bb4
upgrade/Storage Card/System/Img/RVC/J87/5.png,43636,081fcab4a19c0439d2b82538d52e24f8ecc21b0c002b83dd3c177dbabe9dab93
upgrade/Storage Card/System/Img/RVC/J87/50.png,41414,3bb4ce86d189ce8d68259f292b177005c33cdc6ec84bdf7f8526f88da1a5af34
upgrade/Storage Card/System/Img/RVC/J87/51.png,41965,4cda2a1e2f9cb2d78241f6a96c637a7d3ccb061d1f8fcb5d7653f7d618ebb2e2
upgrade/Storage Card/System/Img/RVC/J87/52.png,42397,b7356ace39719197e7c7db1fe730573962e64501385eedadae14345506c18c92
upgrade/Storage Card/System/Img/RVC/J87/53.png,42784,2531d388f4157f6a2fb021f07a09ae5f3526941f7296f0ccd45438fcd1cdb2f6
upgrade/Storage Card/System/Img/RVC/J87/54.png,42929,e5d162422604df9cb3af6a6552074cc8516ed535b4fe1d42f409a69fb164d2f1
upgrade/Storage Card/System/Img/RVC/J87/55.png,43431,733a51977d354c34f5e7d1ec3b699743d8f25912f2003507066e584491a6b4cd
upgrade/Storage Card/System/Img/RVC/J87/56.png,43753,01e2842ed2a174897f2bdef2310b451ec6ccac57708371741e0bceed82ebffc4
upgrade/Storage Card/System/Img/RVC/J87/57.png,44008,cf2fa43c10f21018ba4d695d1ff3fa955418325993d52a80a31c64aa6ff934a5
upgrade/Storage Card/System/Img/RVC/J87/58.png,44107,013b21a0a9095b0e30e049bec27240daaadf1ccbaf4965472aaa848a3483e692
upgrade/Storage Card/System/Img/RVC/J87/59.png,44136,00d0784b6f99c5d98ffa5485aa3e6a98b24535ea10345da0f57376e672cb1382
upgrade/Storage Card/System/Img/RVC/J87/6.png,43533,f6d71e1501790ca2e8492b9c98c0ff71f1c9c525aad509e974d9a00ffaccb8cf
upgrade/Storage Card/System/Img/RVC/J87/60.png,44453,5e4b522e64547119c37381c6776346509a2447e3e958b141ab11336c6de91b53
upgrade/Storage Card/System/Img/RVC/J87/61.png,44548,eaf5efbfeed8a27d4b44dc8227d5268efdac3ab9a0b8c107da6f3fc68c99aaf8
upgrade/Storage Card/System/Img/RVC/J87/62.png,44761,05bd1de2abe32f346072de2871f4479f57a39628d1d7bb2a59d1a998a6474a62
upgrade/Storage Card/System/Img/RVC/J87/63.png,44710,3cf32003ee4360d3bc4734638a810f3f1bc9fa1c3ceff00283b70a9a17daee2b
upgrade/Storage Card/System/Img/RVC/J87/64.png,44867,eee2d23c190d926046da0202a5fd7359ee52bb17747a6ad4058cc01f59e17cea
upgrade/Storage Card/System/Img/RVC/J87/65.png,44915,51b2531ed587214d1287d74f69c66cb548a6b80d83e109eeb92d5c9ad08e1707
upgrade/Storage Card/System/Img/RVC/J87/66.png,44858,3cc8128bc7d9d71fbdb091105bfcd4cf27ea52bc58e00c5c202bcd790d83bb77
upgrade/Storage Card/System/Img/RVC/J87/67.png,44718,787e91c4f192f0c0e116e850a3ae60300e465e4533b29e1caceb23e9b7fb8d25
upgrade/Storage Card/System/Img/RVC/J87/68.png,44874,78281c1bbf670f3a5165fe1a81af85e1219fba575a40a38bcdf85b996d7ba636
upgrade/Storage Card/System/Img/RVC/J87/69.png,44898,64ef33f99edf46339ebbaab9190786b461993ae84426fea8bcf75f71dcb5b533
upgrade/Storage Card/System/Img/RVC/J87/7.png,43611,757cc37394d5a8ddd743bbb8e7a5e5696f898dfea0eb6d19c0f2b33ba6082644
upgrade/Storage Card/System/Img/RVC/J87/70.png,44961,660d4bcdad453305f67a83eee95ce3b946e814d64098e49492cb881ead8bb1b4
upgrade/Storage Card/System/Img/RVC/J87/71.png,44986,88ce96ff71a28b6b6eb4aeaee4b1cd018819f7d830b0cf82c69239009dde050e
upgrade/Storage Card/System/Img/RVC/J87/72.png,45017,4c8c18f7b3f2ce918065e88b8810f9c71d110af3ee1db68a1f39982bda9fb6fb
upgrade/Storage Card/System/Img/RVC/J87/73.png,44931,6aba498c5a21e8861d45a4fddd625f44f1ac0ba1a925a01f0163d3aeb90736ad
upgrade/Storage Card/System/Img/RVC/J87/74.png,44752,deb043c8d654a47b1eb6f5c4f57808553f6de8c49ffa7c0273de437cc0807b32
upgrade/Storage Card/System/Img/RVC/J87/75.png,44886,b13863967345a7ff1e8e360fef46a4a8e8e2d81ccb9a3208c10f6c6fea9ec02c
upgrade/Storage Card/System/Img/RVC/J87/76.png,44663,b2bf79236537937da8177d561dbdf33d141386d01735d82419eeb9de63d3738d
upgrade/Storage Card/System/Img/RVC/J87/77.png,44481,476bcdcface4bd61fc540c07611ad28d440b58d2bd4591608a534a22e5bb07f5
upgrade/Storage Card/System/Img/RVC/J87/78.png,44524,d7482a66cf1223de985b3876c5d29d69702324f3ae42bbf2959a7a3a7ab2e57a
upgrade/Storage Card/System/Img/RVC/J87/79.png,44280,e6c97c5c42aac3066159038eddb75d2d451e9ae0997b3cceb4c0de96d5d79b1a
upgrade/Storage Card/System/Img/RVC/J87/8.png,43579,685ad778e6553679468b93763746d8f9bab6e92ac01c34220bd44084390d0ee6
upgrade/Storage Card/System/Img/RVC/J87/80.png,44521,016f23b90541c183375b263eeb0db34f4a8f14cc1c8eed1545d648c9c2c31cec
upgrade/Storage Card/System/Img/RVC/J87/81.png,44512,43bd9568b869d6c11997c039fba1fb5495906fd0439f67ad4a58a8d573b5fdf3
upgrade/Storage Card/System/Img/RVC/J87/82.png,44392,64ea4f486d2a3ca38cc04dcc7d7b195b886ef2bf19823ce593b1d9e341c3c931
upgrade/Storage Card/System/Img/RVC/J87/83.png,44525,c6d282413fd26c3bfe17ba10c3cb0070a85cadd9497d6ce1bf236bb15723dd2e
upgrade/Storage Card/System/Img/RVC/J87/84.png,44498,9f54fbce17c950cece707ce4f17d731e8c4888f83e86d0bd5026dc07ba990a57
upgrade/Storage Card/System/Img/RVC/J87/85.png,44532,8c48e1b63a87320c96f683e5262643dcc44d9ffcc6a022347d12ee50309712eb
upgrade/Storage Card/System/Img/RVC/J87/86.png,44453,8f1c18be009f6f765db61cd8c89fd25148f42157f02accae986775573b6efff2
upgrade/Storage Card/System/Img/RVC/J87/87.png,44501,e93857b08a91112b5ce1cbaa0406987884dad2873d1672467cfc82603a5a7e27
upgrade/Storage Card/System/Img/RVC/J87/88.png,44507,48f4f2ad398fc0afbe3c1f2b67f114e4a361606c5dc74446a80edd17c9107d2c
upgrade/Storage Card/System/Img/RVC/J87/89.png,44501,831ecd6692406d8ee2a660edf18b06c3362cfa6447588fda2cebc5afd11525f5
upgrade/Storage Card/System/Img/RVC/J87/9.png,43583,cefad84c257e0659f681ad96266295d5e8fea1bbd689575ef2f621409da8a542
upgrade/Storage Card/System/Img/RVC/J87/90.png,44513,b591d457f7e230178f7a6614a756a54cf264e1302d5f1939291770b87073bcda
upgrade/Storage Card/System/Img/RVC/J92/0.png,35814,3a794aae1fde77197ebe91d009508c6f903583cf3e37f1e87d0de67c1ef25846
upgrade/Storage Card/System/Img/RVC/J92/1.png,36084,840c8d43a75646100448642682830bbc4f4d20dd5b61c75fb669c2eb13e37a65
upgrade/Storage Card/System/Img/RVC/J92/10.png,35213,9160fc1089a4f44bfc4898eafc0bc1a6c2f7ecb7cf30012c0d6726dd37298687
upgrade/Storage Card/System/Img/RVC/J92/11.png,35195,d8316d50bdbfdc1c11f86dff95d256bca0ee1eb87f539e91e3daef84f51cd379
upgrade/Storage Card/System/Img/RVC/J92/12.png,35229,d66e926ec0b08dfdee255611931097c36443a37cdaeea5b1705479c331f8f1bc
upgrade/Storage Card/System/Img/RVC/J92/13.png,34916,9dad022d15019f4c93c4dfe2c698be137725b6262f6c45a8aead449bd5692810
upgrade/Storage Card/System/Img/RVC/J92/14.png,35257,04d20b28779666c8b7376d120bf5175e3c2cfecb5bd7cb65a6dbe0e324cee40e
upgrade/Storage Card/System/Img/RVC/J92/15.png,35256,6e6cdf14979d15910d697e4426d0f0e07f0425f51e765e986c48342144a883e0
upgrade/Storage Card/System/Img/RVC/J92/16.png,35243,c04453778c97dfddae42c50ec03e2c9fb20ddac7c519f48bb37db8469019548b
upgrade/Storage Card/System/Img/RVC/J92/17.png,35186,30867b39718504c966fb7d399e406f05fd0e9d6147df9ccf85bb6166d9e6455c
upgrade/Storage Card/System/Img/RVC/J92/18.png,35229,0ffdef34b429260a9abdc239d57366ef5b7d6aac479e35ef67fbbd35be7f1d82
upgrade/Storage Card/System/Img/RVC/J92/19.png,35258,b7c6e4b34d68f113f4bb744d7e22d8be3845fadd06e980e127d581a340458dfc
upgrade/Storage Card/System/Img/RVC/J92/2.png,35963,1182925b7c2b96f470256b41da2ad4bf67169dbcd616ea96780286f2bdef7f2a
upgrade/Storage Card/System/Img/RVC/J92/20.png,35264,82770a125ac92cd434aabeed1206240f8e7b2e09e35bebe3628ad1f65b1d74f7
upgrade/Storage Card/System/Img/RVC/J92/21.png,35307,e4200dea87d5a9873b29a2487d3217c362239a7016c5edf8b809af1a37b2ac4a
upgrade/Storage Card/System/Img/RVC/J92/22.png,35340,e889cab02382d91b5eb447549ff84da6cc1cc022ac6d02ef7d1dcd153a2609b8
upgrade/Storage Card/System/Img/RVC/J92/23.png,35203,73f38c4b002d990a0885c8266a74058ae7837ac0ac9ee97a519b798a319b7cf1
upgrade/Storage Card/System/Img/RVC/J92/24.png,35287,e17169c91e76b52199a50b6587465bae6bd047ab838c8194501c497176b24ecc
upgrade/Storage Card/System/Img/RVC/J92/25.png,35227,b1bdc7a80365838197848490259e13d8dd5fb692db16f240ec7175dfb4279f1c
upgrade/Storage Card/System/Img/RVC/J92/26.png,35214,3ad44780b43f92e60f986b7c16ff078ff72b987dde7c3db116749dd5562418b4
upgrade/Storage Card/System/Img/RVC/J92/27.png,35330,038c01165282c18344af46ff1a4841b7c6144683c2da5470bccc492ebd1e5e44
upgrade/Storage Card/System/Img/RVC/J92/28.png,35322,858b9b19e1a85f5d130a6d0b2f969c0c3900afa4e9ec726ff5ce51d9c3b4cb36
upgrade/Storage Card/System/Img/RVC/J92/29.png,35110,b85359e630bcb2979da3f779cbec997f075d639ecb2d85f627fd4b3919e0ac23
upgrade/Storage Card/System/Img/RVC/J92/3.png,35768,047c9910591a6e7fd4805d26a8002004f3c52f2622842407d35e8dac82d74e23
upgrade/Storage Card/System/Img/RVC/J92/30.png,35198,b22e12dbf587a6567f40d59e6a05652b686f5f2c0ca7089f62d5ca2111a31208
upgrade/Storage Card/System/Img/RVC/J92/31.png,34922,9932ca701bd5822b767b9d18c1097847f42579f6d5bf7c3992ff412aa7406a42
upgrade/Storage Card/System/Img/RVC/J92/32.png,34936,467c0ac02a8af6b81b85d6cdd4ba72ae7f242a197553fa436bb84ed9e6e47768
upgrade/Storage Card/System/Img/RVC/J92/33.png,34749,c6aa41a25b102239fe23351d5c333154522bf4203273f3b54babccc5ca895d7b
upgrade/Storage Card/System/Img/RVC/J92/34.png,34638,3e9b201d0275039cd2fdaba04be0aae45b11dec5057f74d9e045e822e3ed2079
upgrade/Storage Card/System/Img/RVC/J92/35.png,34392,d25db786ef62d1739f83f5e7fb0c08e60148ddca41a30b01a420afaa73d55304
upgrade/Storage Card/System/Img/RVC/J92/36.png,34191,afe05f0f307ca2251f2ff1f73042903d959bd4f217b2eda13359c6bfafe93098
upgrade/Storage Card/System/Img/RVC/J92/37.png,33923,9204e0803e4c7f8d840848be3a28da081e7ea20a9c3d7ba51b571358a8583cd4
upgrade/Storage Card/System/Img/RVC/J92/38.png,33739,ad17c166e2fcf213d38e970c959ffb24645d74982b525b6428f8258c2a63a043
upgrade/Storage Card/System/Img/RVC/J92/39.png,33457,717375d23445d4a5208a2b4656f0e53a5da7f65fc213707ad94d5714c6e4ba13
upgrade/Storage Card/System/Img/RVC/J92/4.png,35664,a86837643b292cabe8b5f420b14c5dfe2639d1c4513c843cc0373dc4efc62f6d
upgrade/Storage Card/System/Img/RVC/J92/40.png,33166,2e3541b17c2e2e34659bdafc286e9e56c8f75db8c9a58acd4f77b34f00a082b9
upgrade/Storage Card/System/Img/RVC/J92/41.png,33041,791a7d21c09e221630baeeed11de7b1db42250a0caaa7f37935da956b8832f14
upgrade/Storage Card/System/Img/RVC/J92/42.png,32644,5bb3c52cb01f7539aeed79e015657f81a28c3dfa1dc8ea80f51f00b71cee8ffc
upgrade/Storage Card/System/Img/RVC/J92/43.png,32295,2685bc17dbd367a987fc720dbb975c13be170a8372d45cd100476b79e46ec1e6
upgrade/Storage Card/System/Img/RVC/J92/44.png,31876,89f56f4de3b0197b8ed9b13cff3c5307f9b5858f0ee385c62930a2ac73e4aaf8
upgrade/Storage Card/System/Img/RVC/J92/45.png,30152,733bc5b898c15cfbf331c75c9dadcca983686d06fcc86f1978f35c497adbbe33
upgrade/Storage Card/System/Img/RVC/J92/46.png,31880,99bb473c4cdfc845847c6ed6b484cde7943a2b43bf681c014a1fba4ebcd77bb2
upgrade/Storage Card/System/Img/RVC/J92/47.png,32549,e37b94e8702596baf9b4f7614547c8338df1b83dd7a86ede76e4cc5110d07a9e
upgrade/Storage Card/System/Img/RVC/J92/48.png,32950,0dd9585e02bf62e08b9e2a10895e5f279df2f876c8e5c88b4b3ce093b376a57f
upgrade/Storage Card/System/Img/RVC/J92/49.png,33398,48b70f6f24f4feb0d0777b22650232ba5dca93aec3513178e69efce5fcd08169
upgrade/Storage Card/System/Img/RVC/J92/5.png,35645,c3fadeeeb4838a4d62113149d8c70b91a1fba027765e58a36da639888c90b4a8
upgrade/Storage Card/System/Img/RVC/J92/50.png,33667,98527d2c425cab3264eb1db6ea8ffabd85270183c10aa0e22455857430bf68bc
upgrade/Storage Card/System/Img/RVC/J92/51.png,33980,f0db0f283e07689c3c59e589ae908ec6b4bdf2644ad8edbc82209642c8c80729
upgrade/Storage Card/System/Img/RVC/J92/52.png,34317,31082afe8a35d4f7aa2da8ba03b8c52fa9919432411aa2a3bdf1c14bf6efb09a
upgrade/Storage Card/System/Img/RVC/J92/53.png,34671,97c2824ff48b9e0c2a91baf6dcf4c74102db380039704f736122c5184133a433
upgrade/Storage Card/System/Img/RVC/J92/54.png,34866,fe27ccc3e429b666ed871a5522b49e1373e15b98d57996364b63e5dc5704621f
upgrade/Storage Card/System/Img/RVC/J92/55.png,34938,3348cdf8777e21060739b89ff5c0ba4456751d18dd67c6166ef8dadf873f1423
upgrade/Storage Card/System/Img/RVC/J92/56.png,35147,340f513615d5fa0f36cfb35bf2809ff7a5b79821935a4298872c4af460297b9d
upgrade/Storage Card/System/Img/RVC/J92/57.png,35543,d2b0976c59305135e0b04ffdf8f900525aa79ab761196b530811df4907c00729
upgrade/Storage Card/System/Img/RVC/J92/58.png,35773,2d5b1490637dfa6a3d16fe233acca1e41b1fe7fa033f99ccbdac0b8be36a6e35
upgrade/Storage Card/System/Img/RVC/J92/59.png,35579,2384b4c323ded16cff02ba87915a45495172aab909e5aca881cc4f1af0685d65
upgrade/Storage Card/System/Img/RVC/J92/6.png,35509,389708bed700a80edecdc5769e5d4ac0268aeb08a24dab715903d1e972b30da0
upgrade/Storage Card/System/Img/RVC/J92/60.png,36005,878d7493a3c05db3b0959d88cc7cfc474607068550cbf2a3f8b1d10cc052941f
upgrade/Storage Card/System/Img/RVC/J92/61.png,36051,4a24c56065aa028b7a5ba6a4e05c9a6c17ba6411706603339d5c0365ecc3e01b
upgrade/Storage Card/System/Img/RVC/J92/62.png,35955,4aaa5dc3a09eaeed0b071ac75af4dff46b9bcd650da843feb151dac02fdd4878
upgrade/Storage Card/System/Img/RVC/J92/63.png,36060,c31ad3ff05a8c0a135ca1335a903ef00233acaea76eace617bdf65b8b0c9558c
upgrade/Storage Card/System/Img/RVC/J92/64.png,36171,65229bbc53871f2acae38127c4b550551e5c3be2bc1dce3d300aebac97519f4d
upgrade/Storage Card/System/Img/RVC/J92/65.png,36242,ca0e97d8063fb92f818753a8f8a3e8fcbfd35e7ce6bf6290a42544ba801e5d90
upgrade/Storage Card/System/Img/RVC/J92/66.png,36528,c2c057d45862ac52f7866913f733f293d3d19e5f6d2996ea604cfc9186941d6f
upgrade/Storage Card/System/Img/RVC/J92/67.png,36472,0e9d87b1b6a2adc1adc9a8174388c7ff9e3490cbd27d77d095fd49acb47c077c
upgrade/Storage Card/System/Img/RVC/J92/68.png,36550,01425d8c5de07fdff113ffb165632cbfc0393315c03a9c2118a7e728f305a392
upgrade/Storage Card/System/Img/RVC/J92/69.png,36643,56fcdcee8ea4a3039abc2790493ee966eebc32336c14da7bd36d1013644ea5c3
upgrade/Storage Card/System/Img/RVC/J92/7.png,35445,2a3a52f43eb8b14675ad9a5336d7f8ca92ec5f4671b095a41e1ddea30aaacdca
upgrade/Storage Card/System/Img/RVC/J92/70.png,36669,68e594d7fc5af04c14bbfed17b50b3e8c783b29bae921bba80eb2d6f0dd83bc6
upgrade/Storage Card/System/Img/RVC/J92/71.png,36720,f93778bd8891a8efa3a206db003617306e1fdb15f80a1aa2de6ba8223b67c298
upgrade/Storage Card/System/Img/RVC/J92/72.png,36739,7b03853b2dcaeff8333c2b385a57f615838ae0995700c0a82693e35436bf95c9
upgrade/Storage Card/System/Img/RVC/J92/73.png,36801,4f9d289226311c11f6868ae14737085b3173a3bdd08467160398e771657e217e
upgrade/Storage Card/System/Img/RVC/J92/74.png,36729,8002640aa89c6ae056c4dd42376b8ae0ef1c49fd2a8ae8e8fd59019f86c3c250
upgrade/Storage Card/System/Img/RVC/J92/75.png,36773,691b4333eb4ac0cc52ccd84ac53cfc72c1c48a3e6df657b2348a894fda5ffbd8
upgrade/Storage Card/System/Img/RVC/J92/76.png,36763,67a1ec9da48e43e97866466ec651e86d33e138fdf0f6233d73ceedc0f2b5326a
upgrade/Storage Card/System/Img/RVC/J92/77.png,36382,1fd65689e9965e0da97f58b8efffc429b8bb017c1729ea9a263ddf0d9213c9b3
upgrade/Storage Card/System/Img/RVC/J92/78.png,36713,799570e613d7a5ff0196f079b4f1983ac59bd3d773b9de0c1d8089532c247b13
upgrade/Storage Card/System/Img/RVC/J92/79.png,36573,c3e68f71afd7c5172bc9421f8c2667d782c532a77eae84d7612590a1486a7829
upgrade/Storage Card/System/Img/RVC/J92/8.png,35464,65a26f74f6e9741c50b54913e2baeb481e20eb8bf4c1c8988445104206122cbe
upgrade/Storage Card/System/Img/RVC/J92/80.png,36667,b3916d9cb3da9bc4a551e73f6a63581906a1a45f1c0cc87da5ae7298551e94ad
upgrade/Storage Card/System/Img/RVC/J92/81.png,36613,6ea2528d6bf559130db69da902c7bfd47ccf85ccc5a18e3932042c217ae29c3e
upgrade/Storage Card/System/Img/RVC/J92/82.png,36567,e035a05a55f623240e4d267ca17e5ccb1c0a498070d5037aa1510ce2c40d8764
upgrade/Storage Card/System/Img/RVC/J92/83.png,36609,500c9b65e805f7c51205c7c5c582fcdc3f1041069a7a0dd516ce77653bf33cf0
upgrade/Storage Card/System/Img/RVC/J92/84.png,36708,3baeaf4236f998654541fc91feab93b50ea6902c6e7c2f5f073f9b23ca8352e0
upgrade/Storage Card/System/Img/RVC/J92/85.png,36756,1b0a0e7d7ba50c152c36e732c78082c689a047869e2c05efbfc98a55813646c6
upgrade/Storage Card/System/Img/RVC/J92/86.png,36697,2bbd9aa515421d7b2b6fc16f9757061a9c32ce5a63068bc24457fe96704a990c
upgrade/Storage Card/System/Img/RVC/J92/87.png,36815,628b399c689729d57f3d372cd52c17baa685fed082ee56afc91ca6c638368890
upgrade/Storage Card/System/Img/RVC/J92/88.png,36777,420ef05400c1f8cd1ef5e58579f769bbaf41142cd316c0e45ecdbddcb2855a33
upgrade/Storage Card/System/Img/RVC/J92/89.png,36742,e72acabe24a81838cfbcc3498259913a99ef9b6150e13eefbf8761df94751e3b
upgrade/Storage Card/System/Img/RVC/J92/9.png,35289,1399cfeb0fbe56198ef6a2f0ecbac9f56e255826cbcdc475c4f88f1b97c2001e
upgrade/Storage Card/System/Img/RVC/J92/90.png,36589,991266cdf1911ce39fd5e39c03fec55f2de4251903b0789a1769228d7e5ece7a
upgrade/Storage Card/System/Img/RVC/K98/0.png,46628,7c66ee7920add2643ed651385ab9b28d721bf495489673d8432a692325c500c3
upgrade/Storage Card/System/Img/RVC/K98/1.png,47181,8b2e1654c76845486169b8c628004c6473965e0676ccc16ecc76901a82cd7cf9
upgrade/Storage Card/System/Img/RVC/K98/10.png,46242,f06c88ffed1906677b5be4ca7d2e71ef761fbc70463e871e8130c8700103cf7e
upgrade/Storage Card/System/Img/RVC/K98/11.png,46111,399e6cabc62e9d89e882ef90b254512b0558ff05923f65c710ffddd9d215c16f
upgrade/Storage Card/System/Img/RVC/K98/12.png,46179,9b64ff60102d7300d5064e5da3243fbaf7c090387766886839fb19e8354986fd
upgrade/Storage Card/System/Img/RVC/K98/13.png,46077,56c3a929f698af7f8a3db108e1e88340af1f1cb2087e06f0e928c28271a16f13
upgrade/Storage Card/System/Img/RVC/K98/14.png,46271,706e4d4c21ddfda3490e587e6e715024014dacf4f3cf0287a6e710469303ac78
upgrade/Storage Card/System/Img/RVC/K98/15.png,46366,6f614121c8c6da1d09faba330b7fc6fafc015b56fd74bc442a86165db96c38d2
upgrade/Storage Card/System/Img/RVC/K98/16.png,46297,76e939a712b68d2e91ffb8f7fd26e7643daae86e89b33649dc8ffd52619e3866
upgrade/Storage Card/System/Img/RVC/K98/17.png,46340,8744584dd216982020642de686f22ac5728881a98666b79d8f5574c90926522d
upgrade/Storage Card/System/Img/RVC/K98/18.png,46322,a38fed856182df4191b3dff7e4f4a31e0a6ad7ab2e038f355aefc2484c10bb91
upgrade/Storage Card/System/Img/RVC/K98/19.png,46326,5a59ee9863126323a2038e2f3cded019c6f82d05e39e0564e41e2da8393b86e4
upgrade/Storage Card/System/Img/RVC/K98/2.png,46609,1d3c6fb4a3c26a0c2d895277f00247fbe94fed384d34ff6d7537801d3c0db4a4
upgrade/Storage Card/System/Img/RVC/K98/20.png,46385,523bb442fe6a914ce833bbccee2e1aa0f7f53897bf95387c01aeeea27cac9413
upgrade/Storage Card/System/Img/RVC/K98/21.png,46244,d9d91da1135463baeba162f3cec17e77115331208493cf115e4b4f7f89785b71
upgrade/Storage Card/System/Img/RVC/K98/22.png,46265,907e2b7254c0e8e0cb5be9d95c5654191af89c65c145cf9d525d73e74614123d
upgrade/Storage Card/System/Img/RVC/K98/23.png,46206,8e156c672f6a21cfc6569b86c9b8f8160db781cb9f2f4c24980cc50cbfbd49b6
upgrade/Storage Card/System/Img/RVC/K98/24.png,46226,d3b1b1556f52a92de83c88d8f73f8674fcb74b18bf332c92dd8923338761d22f
upgrade/Storage Card/System/Img/RVC/K98/25.png,46266,470f55f202a2dd4aea41e5e2544cad1df0a5f3f973eacfa9edfc17ff186b22fa
upgrade/Storage Card/System/Img/RVC/K98/26.png,46090,8b8bb9c79e69406fcfa751acd6b9e2387e8b1a268dda804b5e5398f1cb24a3e6
upgrade/Storage Card/System/Img/RVC/K98/27.png,46044,276cd93ef124e0be1a58884f8367812c408b1a8ac87aa814e111ab6fa8168955
upgrade/Storage Card/System/Img/RVC/K98/28.png,45879,15718d1f97e92bbd90dfc786ee8624508059e42aadff31be24f85915fa4dd48f
upgrade/Storage Card/System/Img/RVC/K98/29.png,45671,2367c6e801552781303e53361a402b350d46540437dd207a8f551c277a36f045
upgrade/Storage Card/System/Img/RVC/K98/3.png,46474,22d9ad0dd4a68e368a51cc58c6e912d7e0f3cb4e3354f6043041d4a546a66f2d
upgrade/Storage Card/System/Img/RVC/K98/30.png,45569,814c2080c5d0d5c261d928f93cc4a0cb5b743631c624922076207b9bb51d98bf
upgrade/Storage Card/System/Img/RVC/K98/31.png,45154,cb96e96f6617a47bb0166e0a7ed1802bfe590bacd5d11807d4ed6d3ca1782dc7
upgrade/Storage Card/System/Img/RVC/K98/32.png,45087,0c33ac908b4440cb111c93b0d3a643973e3f74ea70e4e04249f4be309c4aa8e0
upgrade/Storage Card/System/Img/RVC/K98/33.png,44882,d7710c71dfe1dff4b4d0ec9e974688bbbb9ee49eac8ac9224a5f6e9d90adb67b
upgrade/Storage Card/System/Img/RVC/K98/34.png,44656,c1e9d0f00723618275f17945c9f682b346b5f506c21e3de165b6b732b6dd8655
upgrade/Storage Card/System/Img/RVC/K98/35.png,44547,9e98947b2a7270437c416613e04df116ddcdc594baba5d1d017dac8cea621a07
upgrade/Storage Card/System/Img/RVC/K98/36.png,44363,a018b8ea194a1e676d517b2d24554c651fb823cfeb65a42f29c006487f2d03ae
upgrade/Storage Card/System/Img/RVC/K98/37.png,44165,d5e8dad08663a725bf56baf1127307cb2c19ca32e0a5a5f57883300d0122eb39
upgrade/Storage Card/System/Img/RVC/K98/38.png,43853,681db55d466e7ead7eafa8208727affc055c71e8a2ac775c05e0c8a25cd3c07d
upgrade/Storage Card/System/Img/RVC/K98/39.png,43488,1b638c9a6fc4f0f722012245645b1c93d4b1915288973ceae7e1f017ed00733c
upgrade/Storage Card/System/Img/RVC/K98/4.png,46460,aeac173ccf2093f58e7315f80ac7623d1e68e8effcfa3536d71951935baa5356
upgrade/Storage Card/System/Img/RVC/K98/40.png,42970,b3c170d224f09cc02bf1eac2cd1e0fc3e44b296273c75878303e839aff6a7360
upgrade/Storage Card/System/Img/RVC/K98/41.png,42538,4c5f4edbcd41c989d06fec7a82b931cc867db42d095794397cc4c5179e180840
upgrade/Storage Card/System/Img/RVC/K98/42.png,41767,71678d18ebd7c37436a8b6e7ea42e2980ac094e14322c9f66c478d55e0713e8b
upgrade/Storage Card/System/Img/RVC/K98/43.png,41141,d5779d57e0d4705083be9d8d51dd102e75d0098e61840e799719864e99f7a690
upgrade/Storage Card/System/Img/RVC/K98/44.png,40209,127ee65ab8b4301448d3fca295e7b67e3c192a521b9946179cda038e7a5f125a
upgrade/Storage Card/System/Img/RVC/K98/45.png,38734,dcc26387a6f8d23a62040fefc182ea01dbbfa91ef755aa72cd168859ae8e1a97
upgrade/Storage Card/System/Img/RVC/K98/46.png,40218,ac682c0b7b64d9a83681c6ccaedd1658a40d915e8c0d92ca805df5f352f836c8
upgrade/Storage Card/System/Img/RVC/K98/47.png,41282,fb2a7b63d0ea80ec393a2860341c956dff37cf624ca54572e3bcd4b724477da3
upgrade/Storage Card/System/Img/RVC/K98/48.png,42270,542a194cb87557d613af0d1531e47c33d69c32b4f4098a62336cce92707d71b0
upgrade/Storage Card/System/Img/RVC/K98/49.png,42876,dbf2a01af8d0360e1a032400fa7f611cb6f39b8b7e3768aedf7a15f542a0bdd7
upgrade/Storage Card/System/Img/RVC/K98/5.png,46280,57eaeacd348aab86b6794ac2cb8c49ccdc656838ae468d5a2f94fc1b1aa057d1
upgrade/Storage Card/System/Img/RVC/K98/50.png,43495,705d0c8407fc59df0f3e9eb81ff6c513792a1b7299368e0b60557b847c4d17e5
upgrade/Storage Card/System/Img/RVC/K98/51.png,44022,b2aaddc25071c9fec08088af872b94524e93f51fb25cb842a72a7d3f89883bc3
upgrade/Storage Card/System/Img/RVC/K98/52.png,44396,2616fc40dcf2597735f56ec5bafc0bc39fb774dc8301254fc5c721ea1b097e12
upgrade/Storage Card/System/Img/RVC/K98/53.png,44782,fc56de19155d6dddac23f89eba45534db70b95b573725a5a88bfbc5d3f670fbb
upgrade/Storage Card/System/Img/RVC/K98/54.png,45067,000198f0fa0605beaa3b43f344dc517ad572eda843eeb92402608a8618076e25
upgrade/Storage Card/System/Img/RVC/K98/55.png,45267,26c16a24cc40ccc04bd6e7d9391fda1e328e5132b5e87efe3a5e3f3690ce1f9f
upgrade/Storage Card/System/Img/RVC/K98/56.png,45585,2cc486f505f99af86b1a17f46155c00c6e261b7c0cbfe85df2127bbd6fefaf5c
upgrade/Storage Card/System/Img/RVC/K98/57.png,45867,2c09f6089332a9876e8b854db808c2618a6b04b539b9dcf09dc73a08f4a01398
upgrade/Storage Card/System/Img/RVC/K98/58.png,46305,5e292ad36b7413593409193cdc005d451843f4c64254ddf314b59925ba601d31
upgrade/Storage Card/System/Img/RVC/K98/59.png,46226,6085b08219130eda709ea03c2319b89f70a7269afc57fe4f4c4c857bdda473ee
upgrade/Storage Card/System/Img/RVC/K98/6.png,46510,8cfe52419c7de75fc5e48fa3540ad0b124fb95b0c2a75a7144d22923387b6197
upgrade/Storage Card/System/Img/RVC/K98/60.png,46653,bb3f807924480596995f11b7d80b7f830e3ae389e64de75bb1d24dc95dd1de42
upgrade/Storage Card/System/Img/RVC/K98/61.png,47090,23b4933a851a3afd2823c4ebc4cc98ceaedc092c2a3c83e434b138ac7ce95af0
upgrade/Storage Card/System/Img/RVC/K98/62.png,47302,dfa4fd72eb8870035eec15d11c9ca76ea889cc399a626a303b1eda16641f9757
upgrade/Storage Card/System/Img/RVC/K98/63.png,47293,fae0b49e964eb51bb5c3aa3ff2de4240a6402b028c85ad4fca16a36d5cb41595
upgrade/Storage Card/System/Img/RVC/K98/64.png,47316,9cc24e34d2ca9df986c2eb9f54f1fdf2e6925fabdd1d0b053c7ac2e685edccc9
upgrade/Storage Card/System/Img/RVC/K98/65.png,47264,f1e3bdfdf28731455a211373ec790cd96f0e6bccc0979676a7cb3a59f0fac88a
upgrade/Storage Card/System/Img/RVC/K98/66.png,47157,ba3a6e80d338912a317c17eebe9f7b2db6db926719967a9f61c83c78c09576c1
upgrade/Storage Card/System/Img/RVC/K98/67.png,47159,e6d7e3893701ea847d48fcb3193ad757742c8b60d3b3f52428003696d9e1fdbf
upgrade/Storage Card/System/Img/RVC/K98/68.png,47256,ef11ad63f0250ddff8e2ff8a84af244a816881d407d56faa0ed99cd1e412908f
upgrade/Storage Card/System/Img/RVC/K98/69.png,47276,4ac5b91690f6376016c6725838decbf9edd5264e299b41e0f420ac5d4647b0d3
upgrade/Storage Card/System/Img/RVC/K98/7.png,46346,becf4fa6fb22166cb7673c38e67d7b085ea41cb268811c2a841b29cee120b4fa
upgrade/Storage Card/System/Img/RVC/K98/70.png,47207,82dbd89a7d6d541322c9cadf15dd0ec5cc52eb009a7a8701a2c864f4c6cc86b7
upgrade/Storage Card/System/Img/RVC/K98/71.png,47027,817388e94f93bfc883cf8b458b44b8927bfdede4c96d882959f1fd3a41b41c0f
upgrade/Storage Card/System/Img/RVC/K98/72.png,46894,79ee03b2503be873d48330a38798a7b93593b8ee4e0bd7940780ba13d39ab117
upgrade/Storage Card/System/Img/RVC/K98/73.png,46880,5df1b391e2dbf0f3a2ece4b131fe685aca6762f57a5ee354c4e399d193d1861e
upgrade/Storage Card/System/Img/RVC/K98/74.png,46751,58544881d84adc03503315f02a9eb6539c0d67dab7e87ab13e225c932c87c8cd
upgrade/Storage Card/System/Img/RVC/K98/75.png,46708,5837f2345ddb7d8539b971af0d343aa3a8e5cdbed22b6548f39428704d860a2f
upgrade/Storage Card/System/Img/RVC/K98/76.png,46541,d8b7920654c3fe24755c36fc0f0420cfe96cfb157c7e1538dccbdbd881da24e6
upgrade/Storage Card/System/Img/RVC/K98/77.png,46359,3e65b3f64be935c79d23a7be021858f18191b1aa1b4d62c8949604a8891bc7d8
upgrade/Storage Card/System/Img/RVC/K98/78.png,46417,44937481813ec96c2cf37c5f0855feb63f8d13a4e941b71429638be22e44c2c2
upgrade/Storage Card/System/Img/RVC/K98/79.png,46473,9eaca0368fa91a653cd3b9ff1dda3def85b7cf7b4fc7c8992c1e46eaa74e522d
upgrade/Storage Card/System/Img/RVC/K98/8.png,46199,0dd8123a9946a6a9ae952108db3bd616fac82a9556a2f119103fbe5f71df4e59
upgrade/Storage Card/System/Img/RVC/K98/80.png,46403,a983b4e1440aad52dd11ebc9338bfcd7adb439d248e0f551f507decdee82f3c9
upgrade/Storage Card/System/Img/RVC/K98/81.png,46488,3cf87a8d70ec93460e2da055f6e70546394bccd8ba8390a755b690aecdd5bd14
upgrade/Storage Card/System/Img/RVC/K98/82.png,46365,34fb8bb45198f72ae15f93a264c61391f288331a98e3d5abfdc2fac9c8ea23d4
upgrade/Storage Card/System/Img/RVC/K98/83.png,46411,84416a0966f8d3125078f3f799da77f33f9ea09a8c8187d4da57c0a069e7d846
upgrade/Storage Card/System/Img/RVC/K98/84.png,46582,ab5e0b7e78b2a263a4f28087d7d7da4566d786bddc7e30fde6e21f4fe159788b
upgrade/Storage Card/System/Img/RVC/K98/85.png,46631,ceb8793c4ac925e7ab95786f7dee3efa2b5b8710ff20a01e80d4afdca486423a
upgrade/Storage Card/System/Img/RVC/K98/86.png,46688,68873e38fa69e70e0eb35e447ef7cbf06c355aefd06db3d66eee4aa73c156e26
upgrade/Storage Card/System/Img/RVC/K98/87.png,46740,53159ccc3f8f26bbc1978ba8da78ea6281cc047fcf660c6d4647889d6d2a1c6c
upgrade/Storage Card/System/Img/RVC/K98/88.png,46966,8e59274dc88c9e6fba9515e6b0561169bbb62c819230278f2cfc45b1ffe3eb3d
upgrade/Storage Card/System/Img/RVC/K98/89.png,47002,4a4edd2d4fec7f8dccd4254448ef6a8a4fba24168ddaa1f20736dadb26830f3d
upgrade/Storage Card/System/Img/RVC/K98/9.png,46210,a42a280998d68dbb5c73ea9390063b882d9f9851ef870c89d18981c064655b42
upgrade/Storage Card/System/Img/RVC/K98/90.png,46944,7df84f191978ec5605616ffc621713ff760c45315aae48ec7e40c354a764b0e0
upgrade/Storage Card/System/MgrDAB.exe,477184,375e9ff4da532c5e4090e3beaad28c894772bc1a6fb6f5174fb1afee1bde4e27
upgrade/Storage Card/System/MgrIpod.exe,151040,2b4665529cfcc7ec696f53ff3ac6fb8f14fd63412722130a912d369ce68009f0
upgrade/Storage Card/System/MgrUSB.exe,146944,bb435bc428664845a21ffe7bce7a813db06b7e7f92408d297dbbeade94507cd2
upgrade/Storage Card/System/MicomManager.exe,379392,c56e8e08600cd69a656ec487779d3dbb0cea672ae2c5cb2da685b9217e6f8824
upgrade/Storage Card/System/psnlist.dbf,23120,0d76873d870b9712e879bbafd50db5f2e9fffbc782313883b94be6f860fa8de6
upgrade/Storage Card/System/QtCore4.dll,2827776,19cb84491efadded635fcb59f8ae865c0605ceb515b82842c6fe10b4b59c5644
upgrade/Storage Card/System/radparam.bin,1024,ad56b08cb35d3659040e6248753aaa820e86d1df56129921c4b7d813c84cd878
upgrade/Storage Card/System/RVC.dll,57856,739d9b69ff960ac8d9a194e3f7d1d15fa3be13b8b0df9375be838093bd9dc0df
upgrade/Storage Card/System/RVD.dll,5632,dc01f8489ec603d5ac371d740e7b2f1e1d11289f3c543e7a6d356a844977027e
upgrade/Storage Card/System/Snd/Ring.pcm,66152,a007556f998b28822738dd6e542cfdc1365b389b155609b575c877bfa69bad3f
upgrade/Storage Card/System/sse_int.dll,469504,2c2ab52070a5488aad66c81b37a4f4472274679d4e5a13650db7458aef7d8ec8
upgrade/Storage Card/System/UpgradeManager.exe,164352,4d6ffa36bc0e42945ba1ebce79de48d82030894e0e1f9c9e05165d3c33735f87
upgrade/Storage Card/System/Version_Info.txt,8,50f1f5717beb4610fac83d5916d33229dc8861609a6fd3ba7278469ca05ce86c
