path,size,sha256
upgrade/Storage Card/System/AppMain.exe,1010176,d91eb9c412f974e38b308677689d02c1f1ac108ecade9ec0224025892c7431d7
upgrade/Storage Card/System/arkamys_default.dat,1834,a52a25b0fcd5d525d420eea11fd6703503ea1cd3ede821efe8d3aee90297485c
upgrade/Storage Card/System/Blue.exe,1424384,f7c6c3e2d1dec40ef3151b7cf7a4e1fac908bb0f3c07aecca4e4b98e0bbf9754
upgrade/Storage Card/System/cMgrLog.exe,36352,32a0827494e7fc8ca9357076b5ef242e96a3159a8ad3e8e67099752c25343a2a
upgrade/Storage Card/System/CmnDll.dll,30720,bebce32c57d623707aed2e0ed7265a6fef6f4ff06f91b92abe6cd23155b6584f
upgrade/Storage Card/System/CodeChecker.exe,76800,d9bc00cbaba397636bfac0b1b06e4bc0f1e808defd3a7cf77869db777e1a5ad5
upgrade/Storage Card/System/data/LangDllAra.dll,19968,44d6e3b0cc11d3f423d86bd34aff9e4ccd2292c39e8fbf407b2b7b6b630fdb53
upgrade/Storage Card/System/data/LangDllBul.dll,22016,f6d9669fb2449bc9e0941e1abd1daf248f5c9a11b2ca82d2fa42e3127f3b13ec
upgrade/Storage Card/System/data/LangDllCro.dll,20992,b3739a7a4890c6d1ee4761c975a00219b13f4c6d71fb19278bffddb8a22dbc86
upgrade/Storage Card/System/data/LangDllCze.dll,20480,0c93ebb688a780397119b84ddb173590038449abd7c7d65709d8f9df7b11a598
upgrade/Storage Card/System/data/LangDllDan.dll,20992,e561554bf970dcf5492c159a302c9a757364c242ecd27dbf5bce84eb7b86c390
upgrade/Storage Card/System/data/LangDllDut.dll,20992,4c9b9ab9b610cf54eefc7ce62e28940e9ed1031cd481cfdbdcdfc47821aad011
upgrade/Storage Card/System/data/LangDllEng.dll,20480,78321eb459f05bd5b5c28484f3b6488ad59914983d0b284d5c1131ebef1519d3
upgrade/Storage Card/System/data/LangDllFin.dll,20480,476234c1b21117b4ff180517131c414207fc1cf182995917b1d36fa59759692d
upgrade/Storage Card/System/data/LangDllFre.dll,22016,4afb2ccdf8e1528cb7a848b67ad610415715ca179a6587f7eeb10ba0e3fad0aa
upgrade/Storage Card/System/data/LangDllGer.dll,21504,11c1ab51b2a9da66937c7fdef93759104d2bef3407d0e3e1c30dc2fcb0fd07ad
upgrade/Storage Card/System/data/LangDllGre.dll,21504,e7713f8770dacc137c07fe8a76522be3359df9866d2511eaf555d44bfe6fdaf8
upgrade/Storage Card/System/data/LangDllHeb.dll,17920,77bbeb26088ceb693fecf022fe31e47617a661e6bcf0809a81c8cbc53726df92
upgrade/Storage Card/System/data/LangDllHun.dll,21504,dae9aa507ec27829f020bba61d5672f4bd843917a1ffe4e3d58fde088560cf19
upgrade/Storage Card/System/data/LangDllIta.dll,22016,ec0957f8b563145988d28232c15d897e870536ad473707824c3b401165b090ee
upgrade/Storage Card/System/data/LangDllJap.dll,14848,f6d8a7268d58f8e3e2c797e7925017d67e78d0973e2a2a7e582ec193ff438519
upgrade/Storage Card/System/data/LangDllNor.dll,20480,524dee729096d528f56512a32e682881d4aadd30edb838609e65f428789a54d8
upgrade/Storage Card/System/data/LangDllPol.dll,20992,795710667af669b8d82fda40c567654fe449ba780a32d7df3c488bffc943c5ca
upgrade/Storage Card/System/data/LangDllPor.dll,21504,2bc37f02aea88140d229757a8d9ba831cd22bf61210d367110ee0f7a0766976a
upgrade/Storage Card/System/data/LangDllPTBR.dll,20992,bbac47af7e27f06926bbb460f2b0360a4b648df7443c9db135bc6be93c15c41d
upgrade/Storage Card/System/data/LangDllRom.dll,22016,679eddeb397e362a0e12afbc465c70ae1373639b58299a7ce4b1d9f8d839e149
upgrade/Storage Card/System/data/LangDllRus.dll,20992,0cbd2b7fcdbb1d45b993dcaf537ac5124442ddad4b96c6fcd69c72a733d50d23
upgrade/Storage Card/System/data/LangDllSer.dll,20992,55f8480134d80c58e5e4a4052f66612dd05122ec49e42702a17f4a90ac9141c2
upgrade/Storage Card/System/data/LangDllSlo.dll,21504,c468da1b0a32150e50c87b03acffc2d2348f9251b4d0b5d544732b3d2f494f3c
upgrade/Storage Card/System/data/LangDllSloven.dll,21504,95d369d9b6782f200b453490e5b42c0ed20f0caa5219cc7cec34909e6768d462
upgrade/Storage Card/System/data/LangDllSpa.dll,21504,b724828ca5d698f47b0971ff96abd05ab83f2e2ab9e9b6b22ca5d346138703ba
upgrade/Storage Card/System/data/LangDllSwe.dll,20480,9fbbba1ea465ad98d29026208d738038667b7fb3229c719d287f2e4b570c0120
upgrade/Storage Card/System/data/LangDllTur.dll,20480,7c35e32a9949dbf4da613427cf3094cce93d49edd84d1ad0ee6c5ae05030b25e
upgrade/Storage Card/System/data/LangDllUka.dll,21504,e09893bc495ea2a0d8cc4fe681d787abe768adcac962ab3a06b9a24f5bc0b40e
upgrade/Storage Card/System/data/LatinSortData.txt,8083,7c797d003e9876b4ea1e53e29ef5e558615c6fde1a966bb52aaf671071fd98af
upgrade/Storage Card/System/data/TAReplaceData1.txt,1457,dce1f6cab87f8c9ebe4831d4615a589c18cade82cf720d649045d8f13b1269b0
upgrade/Storage Card/System/data/TAReplaceData2.txt,1490,f8eee001ade9e8f2082813412b2e2e21d2f79d5e0886fc6779af35425946353b
upgrade/Storage Card/System/EchoCanceller.dll,35840,a2caa7ed9be615e485b861938529743e680b61998bbd930ffd9a3e005b47df67
upgrade/Storage Card/System/font/msgothic.ttc,8279028,29e9be2ee1ddf2e3e0e3e2a7cff00352ba558bfedf8efd71de0bb928b95f3322
upgrade/Storage Card/System/Img/M0/common_bmp/caution_bg.bmp,384092,0ca6e9592165fa421c7385938bd35e2a31b7f05330b9d457e8ffd8e92a269e2d
upgrade/Storage Card/System/Img/M0/common_bmp/common_indi_antenna.bmp,3796,7ca3e0a2f1446fddede964b04319820279faf25218e0d4bc4ef31ad36afdbbfe
upgrade/Storage Card/System/Img/M0/common_bmp/common_indi_battery.bmp,3088,288cb47e04d0cfcfb6a52dd0104f48d217e8efec1bacc7ad8e12565b7aa20eae
upgrade/Storage Card/System/Img/M0/common_bmp/common_softkey1_btn.bmp,193364,ab4e11972c61608a0f828587db848de926827756eb32baa492b9778907fb8fd2
upgrade/Storage Card/System/Img/M0/common_bmp/common_softkey2_btn.bmp,96668,dfd00e121649543dd50249a35e6efdc1ba60428cf133b44fa17591669b2c79df
upgrade/Storage Card/System/Img/M0/common_bmp/common_softkey3_btn.bmp,64436,1f39675ce74ae004f91af4a90d069812e02096ed0bbbafb2fafa9479bd2e315e
upgrade/Storage Card/System/Img/M0/common_bmp/common_softkey4_btn.bmp,48320,7cecfd7f845479e84b3664a729f98007daf03177d9c2d05b7460287896139a0a
upgrade/Storage Card/System/Img/M0/common_bmp/common_softkey5_btn.bmp,38840,55b2cf6b67b27ed0fa22b38fb96de4de1ff3e763285f13131a4efbe3e3cc8ef3
upgrade/Storage Card/System/Img/M0/common_bmp/common_softkey_back_btn.bmp,52256,d13ae90b8189cba58207e78a07414607e450e11b19f6ce5f9aa4e631caf91105
upgrade/Storage Card/System/Img/M0/common_bmp/common_softkey_dial_btn.bmp,57800,5e86908a134dce19508cc2c411d18ea529cb994926decdaaa29095c22a1a6a47
upgrade/Storage Card/System/Img/M0/common_bmp/common_softkey_empty_btn.bmp,50992,c46ec2305ff3ac9c0331ae3e84959f84be672fa50dfc979696a45de06c7c1b52
upgrade/Storage Card/System/Img/M0/common_bmp/common_softkey_home_btn.bmp,52260,80193a0fb834f6415d6f4a1ff37a595ff7edf907ff93ce78e07589d76dbb3262
upgrade/Storage Card/System/Img/M0/common_bmp/common_softkey_icon_car.bmp,15088,90ea73f6aefcafd9a232eafcf00e9e696f98d400d9b527ef89915754a91f63ac
upgrade/Storage Card/System/Img/M0/common_bmp/common_softkey_icon_phone.bmp,12416,4d39fef6b8f81fa95687154b414a615e0e406efc6dbb22e032cfe6288e012fc2
upgrade/Storage Card/System/Img/M0/common_bmp/common_softkey_icon_speaker.bmp,7784,4bec2fb1629ed85e6ac42720410c101604f6566fa687950ae69f50a05f8660e6
upgrade/Storage Card/System/Img/M0/common_bmp/common_softkey_micoff_btn.bmp,38996,cb02046cd523cf585218d3d46d810bb8cc7469f41d1dc9709865d0cf7071bdaa
upgrade/Storage Card/System/Img/M0/common_bmp/common_softkey_micon_btn.bmp,38992,d1afc4c742d15faff024951ac239de8db95693511474b4b9f432b75ad06c9a45
upgrade/Storage Card/System/Img/M0/common_bmp/common_softkey_navi_btn.bmp,52272,5a06e35997f39137d69f51cb9f2195668205b9e62af6d841bfbf7ece19363361
upgrade/Storage Card/System/Img/M0/common_bmp/contents_bg.bmp,384336,afa13280e5d078af036c1ffecc4107f878099ca27a8bdf3da835622d3e460ca4
upgrade/Storage Card/System/Img/M0/common_bmp/eco_coaching_bg.bmp,384336,afa13280e5d078af036c1ffecc4107f878099ca27a8bdf3da835622d3e460ca4
upgrade/Storage Card/System/Img/M0/common_bmp/fmradio_bg.bmp,384196,c29fa5f4bc17723b9fe26515bd81d09997c85c4def76f6cf71eb6b93499bbda7
upgrade/Storage Card/System/Img/M0/common_bmp/fmradio_bg2.bmp,384196,248d7018f4e92fd2ee9b06dd189fccba95f255cb07a52d77cf1b76b68ff0111c
upgrade/Storage Card/System/Img/M0/common_bmp/homemenu_bg.bmp,384128,b684a543941c21d756fde3c9e41baa24a0084553cd27e3339285929818fb0890
upgrade/Storage Card/System/Img/M0/common_bmp/homemenu_temperature_c_icon.bmp,1196,8c42646fa08ea4058cd0fa1bc0fb68badde4d35409625d079b32b11e59db858f
upgrade/Storage Card/System/Img/M0/common_bmp/homemenu_temperature_f_icon.bmp,1108,a4c13dd03d918eff8fd01a5db6f4921fdb195747bfc5b9558f6fdabeab4076f3
upgrade/Storage Card/System/Img/M0/common_bmp/media_bg.bmp,384336,afa13280e5d078af036c1ffecc4107f878099ca27a8bdf3da835622d3e460ca4
upgrade/Storage Card/System/Img/M0/common_bmp/media_bg2(device connection).bmp,384336,afa13280e5d078af036c1ffecc4107f878099ca27a8bdf3da835622d3e460ca4
upgrade/Storage Card/System/Img/M0/common_bmp/phone_cursor.bmp,160,9ed14577dd354e75902ad3c1d89887a53624f0d8799f220cfe85d64b43108910
upgrade/Storage Card/System/Img/M0/common_bmp/phone_dial_bg.bmp,384372,68b481267880b18f5c391c42d9de8639b47cd4b07b9beebae322026f4e7ba0eb
upgrade/Storage Card/System/Img/M0/common_bmp/phone_dial_bg2.bmp,384336,afa13280e5d078af036c1ffecc4107f878099ca27a8bdf3da835622d3e460ca4
upgrade/Storage Card/System/Img/M0/common_bmp/phone_dial_bg3(key board).bmp,384128,b684a543941c21d756fde3c9e41baa24a0084553cd27e3339285929818fb0890
upgrade/Storage Card/System/Img/M0/common_bmp/phone_dial_eco_bg.bmp,384372,68b481267880b18f5c391c42d9de8639b47cd4b07b9beebae322026f4e7ba0eb
upgrade/Storage Card/System/Img/M0/common_bmp/phone_dial_eco_bg2.bmp,384336,afa13280e5d078af036c1ffecc4107f878099ca27a8bdf3da835622d3e460ca4
upgrade/Storage Card/System/Img/M0/common_bmp/phone_dial_eco_bg3(key board).bmp,384128,b684a543941c21d756fde3c9e41baa24a0084553cd27e3339285929818fb0890
upgrade/Storage Card/System/Img/M0/common_bmp/popup_bg.bmp,385078,bd7035f32df511efb9dc79f603a87d8699f211ad2d30e1720df55ad3269ef251
upgrade/Storage Card/System/Img/M0/common_bmp/setting_bg.bmp,384336,afa13280e5d078af036c1ffecc4107f878099ca27a8bdf3da835622d3e460ca4
upgrade/Storage Card/System/Img/M0/ecodrive_bmp/codrive_coaching_arrow_left_btn.bmp,45960,c30a1ee7c01531dfaad27526e9434309129ecdaf422a88649e0c3c679179a43a
upgrade/Storage Card/System/Img/M0/ecodrive_bmp/codrive_coaching_arrow_right_btn.bmp,45960,bb3f9ff99cb8ae16166be9b7ad07ac73b481e4a7a0f054146671a9689d804cc1
upgrade/Storage Card/System/Img/M0/ecodrive_bmp/Common_status_n_btn.bmp,820,989e9adc6970d3fa5d4b38caeac568392a705526f46788ca75690a51f1a5e888
upgrade/Storage Card/System/Img/M0/ecodrive_bmp/Common_status_s_btn.bmp,3670,b0af4b28d9f806a68595fda6ef0c50f47fc6346ffa15e86aa8864fd2a7573101
upgrade/Storage Card/System/Img/M0/ecodrive_bmp/ecodrive_clime_bg.bmp,32644,881592c3bf2f1d34832ca70ce9ba1cb8cf41b21967bc50a0839dde7d738a7709
upgrade/Storage Card/System/Img/M0/ecodrive_bmp/ecodrive_coaching_starempty_icon.bmp,4518,5b0a9ba7dac0afa61bc00c9654430b03c312092d13ade51d9adce6889c2bdfc8
upgrade/Storage Card/System/Img/M0/ecodrive_bmp/ecodrive_coaching_starfull_icon.bmp,4518,5b0a9ba7dac0afa61bc00c9654430b03c312092d13ade51d9adce6889c2bdfc8
upgrade/Storage Card/System/Img/M0/ecodrive_bmp/ecodrive_coaching_status_bg.bmp,102060,b1c64f1f5ffb56b1c412db75a525f103c92eb170145aa85e33d29ef0d7a83019
upgrade/Storage Card/System/Img/M0/ecodrive_bmp/ecodrive_eco warning_icon.bmp,3168,1e3e280c20e90142632d03983628e14a54f513449e4a9bd7dbfb7f2e86d03cb9
upgrade/Storage Card/System/Img/M0/ecodrive_bmp/ecodrive_green_icon.bmp,3064,c184ff895ab4eee16763ea0493826ce1b8a1088789d23be2ecc2f3778c6193a2
upgrade/Storage Card/System/Img/M0/ecodrive_bmp/ecodrive_list_line.bmp,904,df17b1dcb7a918c99e5c1c68caf910aa95bb775369d6efbae8932af6e5114d83
upgrade/Storage Card/System/Img/M0/ecodrive_bmp/ecodrive_score_bar.bmp,1004,e1b321b79be96d14d3b9d1a3eda564be57564f9ce51eb83f98ce86b51ec9915c
upgrade/Storage Card/System/Img/M0/ecodrive_bmp/ecodrive_score_bar_bg.bmp,20372,cb249120d5c3011ed4f389e08188cccc97cceec9a20a26086e0dc3c6559252d5
upgrade/Storage Card/System/Img/M0/ecodrive_bmp/ecodrive_tripreport_bg.bmp,384444,e5033b6f3acaf4a0c3b82b67fc450509f8ab8a744b548da6a93aebfa2f1be477
upgrade/Storage Card/System/Img/M0/ecodrive_bmp/ecodrive_tripreport_leap_10_icon.bmp,8136,e24e35a0e92ed8f2da412fe373702eb8aa84a7ef656465e78a52921fcf2ab077
upgrade/Storage Card/System/Img/M0/ecodrive_bmp/ecodrive_tripreport_leap_1_icon.bmp,7740,740f1266ee4a3e2f7357e839bbebc61771b0a726baac4444c98925c459a51525
upgrade/Storage Card/System/Img/M0/ecodrive_bmp/ecodrive_tripreport_leap_2_icon.bmp,7848,734a661efa7ab99f9a30809f4734e6204b21674b81bf6532184b8ac30c574e1e
upgrade/Storage Card/System/Img/M0/ecodrive_bmp/ecodrive_tripreport_leap_3_icon.bmp,7944,eae5d87cde78ab71c88a931c02e9d16613ae4d19adc94d2813a4b68774e9b239
upgrade/Storage Card/System/Img/M0/ecodrive_bmp/ecodrive_tripreport_leap_4_icon.bmp,7964,2ed6ade47ee06d776dd35ae3d719ea46e11449970956b76611d53703d4bbac46
upgrade/Storage Card/System/Img/M0/ecodrive_bmp/ecodrive_tripreport_leap_5_icon.bmp,8068,4dbd5e0c1ee84e4c84cb1aa5c14bf4c13a2c65f9bf7b8e44542bb0a534da3edb
upgrade/Storage Card/System/Img/M0/ecodrive_bmp/ecodrive_tripreport_leap_6_icon.bmp,8132,c4f9612dddb6a19cb846eee15ae566cdb959c2272491ea6aba6e44114588e6b4
upgrade/Storage Card/System/Img/M0/ecodrive_bmp/ecodrive_tripreport_leap_7_icon.bmp,8136,c391a89af8eab0f188f1f18c2aeb4505d5e76f3a40f4e809f47a4e4e9eda99ca
upgrade/Storage Card/System/Img/M0/ecodrive_bmp/ecodrive_tripreport_leap_8_icon.bmp,8136,8d18bdb6ac74a4288f056219b0d5072d750ec09d12361c8f6e2640831815a6e3
upgrade/Storage Card/System/Img/M0/ecodrive_bmp/ecodrive_tripreport_leap_9_icon.bmp,8136,c33d7d299eae5f3157c0e2a8594811341dec1791799d3a4a7b059ab539e03c4d
upgrade/Storage Card/System/Img/M0/ecodrive_bmp/ecodrive_tripreport_leap_icon.bmp,71638,846f71bdca1bc7c6584d4712997226f8112b521dda278841a7d6fa296f9a2586
upgrade/Storage Card/System/Img/M0/ecodrive_bmp/ecodrive_tripreport_leapbg_icon.bmp,7932,951e2809324f88958f6391030f9e6ad30e8f80cbfc48362361e05b7c51f4bcd8
upgrade/Storage Card/System/Img/M0/ecodrive_bmp/ecodrive_tripreport_starempty_icon.bmp,2698,7e352a907317987a22de3085f969dae586e1b5c89428339debc8d595473bf679
upgrade/Storage Card/System/Img/M0/ecodrive_bmp/ecodrive_tripreport_starfull_icon.bmp,2698,7e352a907317987a22de3085f969dae586e1b5c89428339debc8d595473bf679
upgrade/Storage Card/System/Img/M0/etc_bmp/Authentication_key_close_btn.bmp,73360,6e6ad9c871c611f79b598c6602fd195b7fea002bcc82ce2d5357cbff7480f564
upgrade/Storage Card/System/Img/M0/etc_bmp/Authentication_key_inputbox.bmp,7120,db91b4f208097276d1a45a2109577efa7429d626d1eac17897ee9a17dd113f4c
upgrade/Storage Card/System/Img/M0/etc_bmp/Authentication_key_number_btn.bmp,36540,4b1748719cc0f44228b0da00adfdb70e9ac47c6cc32da5f102e9bbacbe5b1ae4
upgrade/Storage Card/System/Img/M0/etc_bmp/booting_Image.bmp,24876,8992cf873dae492e4f4f6cc1c38a29702faa4a70d6d2d44166087ae138751d6e
upgrade/Storage Card/System/Img/M0/etc_bmp/dark_AUX.bmp,1272,bfbfc749668cfa99b933e1d04070f46f78af6251be9d087d6d012f0a18857975
upgrade/Storage Card/System/Img/M0/etc_bmp/dark_bt.bmp,1300,f65ec624ea559565622560f013d7c19a81ba75d0947e6e88870cc725c568b723
upgrade/Storage Card/System/Img/M0/etc_bmp/dark_ipod.bmp,1188,0badbe9979a46576104100a62cbf8d9ac3399f857a236af8f59582929e313923
upgrade/Storage Card/System/Img/M0/etc_bmp/dark_phone_bt.bmp,1240,8f122d050c37c66d1579101947b9034f28ee86c897cbac5aeb88d70b404c9105
upgrade/Storage Card/System/Img/M0/etc_bmp/dark_radio.bmp,1228,e4fdbc6926cb3dd755dd680d56c340d259d5fb2d7022c644d0435f8e8fffd9c4
upgrade/Storage Card/System/Img/M0/etc_bmp/dark_usb.bmp,1340,818577e5f059554172ec73463e9f3535a5861906d95aa69f783523a604bf394a
upgrade/Storage Card/System/Img/M0/fm radio_bmp/content_list_line.bmp,1412,e56095dc8886682e920a928e0eb10a4b8f583e2e352bf034e7c9910e20367bbe
upgrade/Storage Card/System/Img/M0/fm radio_bmp/content_list_line_long.bmp,1636,1f281263c6e275429ef6a674acb26dd97c3c7d93b27dd63a3a68bf1d78fa263a
upgrade/Storage Card/System/Img/M0/fm radio_bmp/contents_list.bmp,199864,1e67295a8a40d52f81def2f5a3e10963c052c685bd9b1bcc270a6a9ac67c8ff6
upgrade/Storage Card/System/Img/M0/fm radio_bmp/contents_list_long.bmp,234216,33225ae770303412b200f9c0e782da9e0d54969e11130ba46ffadb193aaf25d3
upgrade/Storage Card/System/Img/M0/fm radio_bmp/contents_list_nowplay_icon.bmp,12304,4e5f95568542e760e47f97f237a475793af973be62c0bc55ccf844c49b852e1f
upgrade/Storage Card/System/Img/M0/fm radio_bmp/fmradio_control_ff_btn.bmp,35276,cbcffaab9966dad418280777a8ca60cf21f847585d4cd2e1b5d7e07ba4e0981e
upgrade/Storage Card/System/Img/M0/fm radio_bmp/fmradio_control_next_btn.bmp,35276,904aa531125944a385507db199b5dc0085efe8f70f32146864bf4af4e3878f58
upgrade/Storage Card/System/Img/M0/fm radio_bmp/fmradio_control_prev_btn.bmp,35276,f361a555641b029145a7f7c03bc674461e84fc38b947bf9e099dbdb625433e62
upgrade/Storage Card/System/Img/M0/fm radio_bmp/fmradio_control_rew_btn.bmp,35276,894f89c7817c7e00051f2cbf1076bc2e0b7ab0fb6c64dcdee00f1ff65b2e7ec0
upgrade/Storage Card/System/Img/M0/fm radio_bmp/fmradio_presets_arrow_left_btn.bmp,74128,3698e4561cca623e3b6e8ca6b8bbdf6f4a2c6b0acd2188bfc15c197a7acf63b7
upgrade/Storage Card/System/Img/M0/fm radio_bmp/fmradio_presets_arrow_right_btn.bmp,74136,d76f3256bccfbfebdd54e3ef93c89f24e07b7f9d087a05d8e19911601f7985c9
upgrade/Storage Card/System/Img/M0/fm radio_bmp/fmradio_presets_btn.bmp,104828,3cea7213958cd41a6a67752ddc95d56420c108ec0535bfc051bfa124f1e8cded
upgrade/Storage Card/System/Img/M0/fm radio_bmp/fmradio_pulldown_bot.bmp,50844,369f335e015729162b4f6cb61f24ceaae474b9a60bcce9c0fd5d7cfaeb586553
upgrade/Storage Card/System/Img/M0/fm radio_bmp/fmradio_pulldown_btn.bmp,51636,a14158742ff1f045ffcbcd70e64685e9bff801b947b82e181edfada71a1a5a99
upgrade/Storage Card/System/Img/M0/fm radio_bmp/fmradio_pulldown_mid.bmp,50100,082343671cc28fb8c2746fa3db2029d43cc84448d862839b892d9c9877647d42
upgrade/Storage Card/System/Img/M0/fm radio_bmp/fmradio_pulldown_top.bmp,50624,cdc6a5852afb0b6ed588edbb1d62f0ebe278762c5bb182d4f9559f157f6eff3b
upgrade/Storage Card/System/Img/M0/fm radio_bmp/list_scroll_down.bmp,56956,cab717d48db7bbf66131ed385a477acb63a3c9baff1ad8329409c58f83566308
upgrade/Storage Card/System/Img/M0/fm radio_bmp/list_scroll_textbg.bmp,7408,518b154778721f75b1e18e72d761c5e5a3cb98fecc8a44046a9d203c7def0e1d
upgrade/Storage Card/System/Img/M0/fm radio_bmp/list_scroll_up.bmp,56956,1dd3c991bf99761b62ebdb7d62a091dcf9eb5100ee0dcdafcff0d2539dd44548
upgrade/Storage Card/System/Img/M0/fm radio_bmp/preset_nowplay_icon.bmp,12304,444677a5ac5aef846f63cd3e3feff618fba179a124e6f00db996e916ca6f0f8b
upgrade/Storage Card/System/Img/M0/fm radio_bmp/setting_btn.bmp,66616,aa72ee542610486ec4e90f79a2b1c20f919fafa301876ead8f8ad531403b1d71
upgrade/Storage Card/System/Img/M0/fm radio_bmp/setting_dot.bmp,280,ce81f1768c598ae7315bbda9aacf4e520d0e77e201a55cf83d42327e5cd866cf
upgrade/Storage Card/System/Img/M0/fm radio_bmp/setting_left_btn.bmp,33712,2d1a31fb5b15f57664466368651e3cd5915a4b1b6cf9f1e5bec7a4d30a9ffcc9
upgrade/Storage Card/System/Img/M0/fm radio_bmp/setting_mid_btn.bmp,32952,ac997f1810a5daa0902cb7750f62648abbc3584f37c333038365c373c76d273e
upgrade/Storage Card/System/Img/M0/fm radio_bmp/setting_right_btn.bmp,33424,4126fe522b7c5deb488b99d715fee6b07226873d28c8b28517afa4fd39b7d96f
upgrade/Storage Card/System/Img/M0/home_bmp/homemenu_dark_btn.bmp,42368,2993b3bca15552a20171d2cea44eb85d3a37d5c5ea84edbbab4ac274e90796a5
upgrade/Storage Card/System/Img/M0/home_bmp/homemenu_dark_icon.bmp,6836,fdca3b1d54e7036eeaaa67ed690421f8e8631e31cb8d84e7cc232d58ab561174
upgrade/Storage Card/System/Img/M0/home_bmp/homemenu_ecodrive_btn.bmp,118880,c79e311127ede49a7f557280a1f71f5cde24896d8594a721fd7d5e65365d1f45
upgrade/Storage Card/System/Img/M0/home_bmp/homemenu_home_icon.bmp,1532,354066aa2142cf8739aa9af909e9f83e1be5afb44ccc9e48d71614777bca70e2
upgrade/Storage Card/System/Img/M0/home_bmp/homemenu_map_btn.bmp,118864,fd582286525db4d4ec17e509568a882c97d9967d9cbe42560da02ca3eee203cd
upgrade/Storage Card/System/Img/M0/home_bmp/homemenu_media_btn.bmp,118878,80121b43565eb55b95fae593268598345d1e02888fbfddf134e77935a421b111
upgrade/Storage Card/System/Img/M0/home_bmp/homemenu_mlink_btn.bmp,118876,c852d77dc3fab1788266da8084a0b04c4c254ca64a6eab612a301be567d22acb
upgrade/Storage Card/System/Img/M0/home_bmp/homemenu_navi_btn.bmp,118878,8ad38b1b9fbaaff8c72e58b4e2e9dd57f0f9247e78a72df44e59a23eeb1adf65
upgrade/Storage Card/System/Img/M0/home_bmp/homemenu_phone_btn.bmp,118868,9590ac78803385093c3dae761037033002530523f229a81ba0a17c85f0302dae
upgrade/Storage Card/System/Img/M0/home_bmp/homemenu_phone_btn_old.bmp,118868,9590ac78803385093c3dae761037033002530523f229a81ba0a17c85f0302dae
upgrade/Storage Card/System/Img/M0/home_bmp/homemenu_radio_btn.bmp,118878,5176fb93bde2c03cf6a0ec6339ec226e1b411828ad0a2e31140f100f36c4a64e
upgrade/Storage Card/System/Img/M0/home_bmp/homemenu_setting_btn.bmp,118848,ab0b89e694930f113c8aeab9311cb446ea053dbcdd63650a2ee7019988eae0ea
upgrade/Storage Card/System/Img/M0/media_bmp/list_scroll_down2.bmp,40236,da5013649c9b68155ba3dda58ee5b21c77fe2287644f1b2456237cb5d35c17ad
upgrade/Storage Card/System/Img/M0/media_bmp/list_scroll_textbg2.bmp,7408,064e4083524838f1032265b80c1281d4f9f2e9b4832fe3cc12a06798e1adfe6a
upgrade/Storage Card/System/Img/M0/media_bmp/list_scroll_up2.bmp,40172,1b9003834b5f2885b86d5fef208e605a9be35b36bad49849dc227cb6899a3a27
upgrade/Storage Card/System/Img/M0/media_bmp/media_album_case_noalbum.bmp,59320,f48016fdee024a54fe2dbe6de0c792507f2df8563a040234fc735a46fc96fc41
upgrade/Storage Card/System/Img/M0/media_bmp/media_control2_ff_btn.bmp,64076,34c53642ef136d48ae07f649c87d1bc321a00f75ac8125d6a84f5292ef8f8880
upgrade/Storage Card/System/Img/M0/media_bmp/media_control2_playpause_btn.bmp,64078,19cc513d73999c5718230072c9449703e119da4948475a69b9362a66026bc08d
upgrade/Storage Card/System/Img/M0/media_bmp/media_control2_rew_btn.bmp,64076,e2fbac0edae7d7b5aabce215bd50542ccf5d6a9e7de42753bba71921fa84ac2f
upgrade/Storage Card/System/Img/M0/media_bmp/media_control_ff_btn.bmp,46076,3fcbdbea51401519c6fdf7fcf3e0002f00ac2ab6011f2bc5d0df4b29d6afc62e
upgrade/Storage Card/System/Img/M0/media_bmp/media_control_play_btn.bmp,91076,cd3b726e6c3b37b7bda838ede358ba0e08f05f49bab96378f0e41dd81f3c06ad
upgrade/Storage Card/System/Img/M0/media_bmp/media_control_rew_btn.bmp,46076,c84683d7cd9abf4ac77928dd1c3aa5c0d989e92a1a9685af7ad7b13a23f08423
upgrade/Storage Card/System/Img/M0/media_bmp/media_device_connecting_ani.bmp,89396,a63973cf91b613790fae921c12fbb818876f68cbe18cca10ff45a95ae8729e00
upgrade/Storage Card/System/Img/M0/media_bmp/media_device_icon.bmp,11616,f1f53d7eb58d2ddecfea9d27b0c888fb431f2916bf218298f9cccbfba208a680
upgrade/Storage Card/System/Img/M0/media_bmp/media_folder_name_bg.bmp,152996,dcc352b1440e1984c4a137eed1faff7bd969cd1947bab69f7f1af0ff61999029
upgrade/Storage Card/System/Img/M0/media_bmp/media_list_folder_icon.bmp,12448,bfd8f6b8fecc6a4b7a709056f776ae36f2aaf8fa2047afc78a3ca37614ecae60
upgrade/Storage Card/System/Img/M0/media_bmp/media_list_play_icon.bmp,12252,e393b499a83d8354c81994dbd362ddec6ad962f69c12b71aa41e5baafa9c0a31
upgrade/Storage Card/System/Img/M0/media_bmp/media_progress_bar.bmp,1104,33f60fdb3049b682846b148a80938336284db01a6a802205f1ddfcc39f35b9b9
upgrade/Storage Card/System/Img/M0/media_bmp/media_pulldown_bot.bmp,50820,9ee87f368d8a0936b5721e47911ce5dfc00cca48c5e56ecb7f0f0297584e7d60
upgrade/Storage Card/System/Img/M0/media_bmp/media_pulldown_mid.bmp,50072,b581c10793faafa823940d778c132bbeb0bad55de045e5266c454aa9559a170e
upgrade/Storage Card/System/Img/M0/media_bmp/media_pulldown_top.bmp,50272,38369e1f67f667b5675f8f3d677f1b3529b6f07d76f8475fc98d34d00e00af90
upgrade/Storage Card/System/Img/M0/media_bmp/media_upfolder_btn.bmp,29848,fd416a6310fa9fdce34d7b738e1841127011f8b975f8393003abf7c3a9dbb9cc
upgrade/Storage Card/System/Img/M0/media_bmp/Progress_w240_bg.bmp,2996,3f043c385337d6650b763a166678d831ae28d517bca22170f8422f6dc8614e5f
upgrade/Storage Card/System/Img/M0/media_bmp/Progress_w340_bg.bmp,4196,3742b1401d702cc2673026efbee82f3bd601805b64e122665a17075a2752a2e3
upgrade/Storage Card/System/Img/M0/mgrmcm/clearness.bmp,3288,3179591b8212f5109a0bc1ca6ab333d794a8d4e5f31763eb108adeac1b874dc7
upgrade/Storage Card/System/Img/M0/mgrmcm/clock_bg.bmp,384092,0ca6e9592165fa421c7385938bd35e2a31b7f05330b9d457e8ffd8e92a269e2d
upgrade/Storage Card/System/Img/M0/mgrmcm/clock_font.bmp,52078,78ac86b9403f09329770c97d85b7b526b5df86c484202eeba258a2cbbc23ceb2
upgrade/Storage Card/System/Img/M0/mgrmcm/clock_font_AM_PM.bmp,27598,7b54ea4ea39259e51f468c10b9299f00c187b369981b603fae5682b6981fc209
upgrade/Storage Card/System/Img/M0/mgrmcm/clock_font_colon.bmp,2696,8457accce8eed1cbff0b996a4d5f7e9f76cfd9b990466a528d4a34bac4d052e6
upgrade/Storage Card/System/Img/M0/mgrmcm/ecodrive_blower_bg.bmp,37204,691353584aad0b74dbd0f1ae0f7e3adeeab1f077d5ba771a1fe2197769acd6d3
upgrade/Storage Card/System/Img/M0/mgrmcm/ecodrive_blower_icon.bmp,3176,8c9a1d8d5bbbf6f4954a1a3ea69e1ee6a69f908972a5c393dce40ea8f49055d9
upgrade/Storage Card/System/Img/M0/mgrmcm/ecodrive_blower_statusbar.bmp,1932,1a425948100d9658ee5231eb7eb45f8a573a8b1d3d6e1cdcbedec1565d541269
upgrade/Storage Card/System/Img/M0/mgrmcm/Flow Distribution_1.bmp,2964,5e301d959edb80635f37dbb6a401266589f3c72a32ccd6a2ee3ed60f740b7ecb
upgrade/Storage Card/System/Img/M0/mgrmcm/Flow Distribution_2.bmp,2988,b385ce62daff144b59ab111170b38c6340bbcbc3cd1b58fca255c8ebfe5c2ddb
upgrade/Storage Card/System/Img/M0/mgrmcm/Flow Distribution_3.bmp,3048,5a7b94d7b7663553ad213bdf23bdef69b25dda8680925b35b35a5c49024ccecf
upgrade/Storage Card/System/Img/M0/mgrmcm/Flow Distribution_4.bmp,3288,55693811bdb2ee9cd6327dbda3d4ea64cd538ae166c0be23667d6bfea93cc7ba
upgrade/Storage Card/System/Img/M0/mgrmcm/Flow Distribution_5.bmp,3288,3ea9d6ebadf0cac9bef570e3a5086721838083287751c1c2b7180073c2b90787
upgrade/Storage Card/System/Img/M0/mgrmcm/Flow Distribution_6.bmp,3288,87b901a88c37128961444d056e15b05226c6741f02ddab6bd908ca5741ffd445
upgrade/Storage Card/System/Img/M0/mgrmcm/Flow Distribution_7.bmp,3288,2b1afebb905e9c844272d42e5daec6a72c9574f19cd024ebf2d59987914935ff
upgrade/Storage Card/System/Img/M0/mgrmcm/Forced_Recycling.bmp,3284,b51f5f21bb8a27b1f36bf854ad07ebb51911f54155e91e43ff7be488be2a4659
upgrade/Storage Card/System/Img/M0/mgrmcm/homemenu_temperature_c_icon.bmp,1196,8c42646fa08ea4058cd0fa1bc0fb68badde4d35409625d079b32b11e59db858f
upgrade/Storage Card/System/Img/M0/mgrmcm/homemenu_temperature_f_icon.bmp,1108,a4c13dd03d918eff8fd01a5db6f4921fdb195747bfc5b9558f6fdabeab4076f3
upgrade/Storage Card/System/Img/M0/mgrmcm/Rear_Defrost.bmp,3216,645404cf9980598ccb18f43a49c474341563693d7514f57863c774c3e7dc609b
upgrade/Storage Card/System/Img/M0/mgrmcm/TEPM.BMP,2916,da58e33097ec68775f4b261c2a541abcb9d6dcb503135e5aa79677f40b87ed12
upgrade/Storage Card/System/Img/M0/mgrmcm/volume_bar.bmp,1590,597eb95d90d3b62ad6a1ce7db6876865dec61774e14ea9a25cdb7f838168fa6c
upgrade/Storage Card/System/Img/M0/mgrmcm/volume_bg.bmp,37072,a972dba4448604146c2f9cf1cadceb10133d09a7fdeb240a3a4b4894dcc9f20b
upgrade/Storage Card/System/Img/M0/mgrmcm/volume_icon.bmp,3126,6f9671643a11327a485bd7a0eefe15cc882ded5ac87f76f4daf45122d00665a7
upgrade/Storage Card/System/Img/M0/mgrmcm/volume_icon_call.bmp,2948,f92dc94eefb13eb55733f9326fb0681e493377e457f2cdd6518c8bb8725b6239
upgrade/Storage Card/System/Img/M0/mgrmcm/volume_icon_main.bmp,3124,7e62cd2a0281e0700f16f97be66466b6719cb853c28794b065ce27bbe9589083
upgrade/Storage Card/System/Img/M0/mgrmcm/volume_icon_navi prompt.bmp,3088,a22f00c7c36a90490606557d1fc25e27027bf1ca13ad2ab97b26d2680a12759e
upgrade/Storage Card/System/Img/M0/mgrmcm/volume_icon_navi prompt_ch.bmp,3088,ddfb5d2c8a490ef2df057f5789006f8dcdc8ae68d4418a401d59a91f4081de2f
upgrade/Storage Card/System/Img/M0/mgrmcm/volume_icon_ring.bmp,2916,714b93cc8022d8d4a237454abbaaa0bc5ae914fe7d154cdb0bb53242c6b6c0f2
"upgrade/Storage Card/System/Img/M0/mgrmcm/volume_icon_ta,news,alarm.bmp",3016,7027ddc9d485e10b10e2b9b5945dfbdeef7b41b2fa50e1e9c9dc378386eed33f
upgrade/Storage Card/System/Img/M0/phone_bmp/keyboard_btn.bmp,23304,48596ae3f8a2061a368cb4bec10873382b7e4e3cd249f7aee7dc645b1336ffa2
upgrade/Storage Card/System/Img/M0/phone_bmp/keyboard_btn_rus.bmp,19164,3dfa0a693848f24087124ee4b326ec2499da2a640a91e6a2b7fdb493e4c7c783
upgrade/Storage Card/System/Img/M0/phone_bmp/keyboard_minipopup.bmp,9460,8194db487fddaeee28c17d34c5e8cccd31b953e8077e93670c86af86f51f1d68
upgrade/Storage Card/System/Img/M0/phone_bmp/keyboard_space2_btn.bmp,46936,fcf90499a804dceac218ed68e17111cddf77d97f1c0919c48f1f6230986fa9bb
upgrade/Storage Card/System/Img/M0/phone_bmp/keyboard_space3_btn_rus.bmp,57848,5e39554af1bad10df69d878aa1028eff3236845dad04f8b6ff0a3f51f4aa2706
upgrade/Storage Card/System/Img/M0/phone_bmp/keyboard_space4_btn.bmp,93752,14536340f72ef27c7bbaa3e6f922131acdee564304f5462da45a6e97ab7888cb
upgrade/Storage Card/System/Img/M0/phone_bmp/keyboard_space6_btn.bmp,140568,83d60f39d395483d7bd8d1cfbfa09bf14126a9df45e21cea463710bda56abe2e
upgrade/Storage Card/System/Img/M0/phone_bmp/keyboard_space_btn.bmp,70344,6999405b47e10be52eaaba5aafb8093fe16e5634319f3e38966b4d0f44ecc127
upgrade/Storage Card/System/Img/M0/phone_bmp/list_icon_home.bmp,5588,932b905ba2859a402cdf1968207253427ac8a988ebbc167bdc4b2b9e51b4d522
upgrade/Storage Card/System/Img/M0/phone_bmp/list_icon_mobile.bmp,5480,025d048cd384e0a8394272c4bfd6827fd8cf8cdadbe7352a32f55c049bff7c5c
upgrade/Storage Card/System/Img/M0/phone_bmp/list_icon_office.bmp,5456,e2f9d2c4914e40cdc5a8e82bb92542ee69f1253d95beaf40d3d78747467a8826
upgrade/Storage Card/System/Img/M0/phone_bmp/list_scroll_down.bmp,56956,cab717d48db7bbf66131ed385a477acb63a3c9baff1ad8329409c58f83566308
upgrade/Storage Card/System/Img/M0/phone_bmp/list_scroll_textbg.bmp,7408,518b154778721f75b1e18e72d761c5e5a3cb98fecc8a44046a9d203c7def0e1d
upgrade/Storage Card/System/Img/M0/phone_bmp/list_scroll_up.bmp,56956,1dd3c991bf99761b62ebdb7d62a091dcf9eb5100ee0dcdafcff0d2539dd44548
upgrade/Storage Card/System/Img/M0/phone_bmp/phone_dial_area.bmp,79276,db391f0e40fd3413254793a8aacce3c48ef78168fe1819095a461f3de009063a
upgrade/Storage Card/System/Img/M0/phone_bmp/phone_dial_btn_back.bmp,37112,ded724380e6345ecb995cdd9eaf6a9349cfcc2b598b9bb3d166ff8b2377c9c90
upgrade/Storage Card/System/Img/M0/phone_bmp/phone_dial_btn_call.bmp,118508,5427d18c7df0b4fe999466e6d0d8eeb68c3ac43eaf8e20aa1be6285ab902d4a4
upgrade/Storage Card/System/Img/M0/phone_bmp/phone_dial_btn_num_0.bmp,27024,db589132fdf9b6dfbeb710535d2735d9b41c38e53813594f4f0854c6ffe8a689
upgrade/Storage Card/System/Img/M0/phone_bmp/phone_dial_btn_num_1.bmp,27032,5faaa5a5778f7d142ce14febb42332f0c556a44a83913bb3b5f75cce229e398c
upgrade/Storage Card/System/Img/M0/phone_bmp/phone_dial_btn_num_2.bmp,27032,2bf2c45a10e3698a1278d34b09cbdfab4344f0c37bcdd7a6afaacc3cc09520bf
upgrade/Storage Card/System/Img/M0/phone_bmp/phone_dial_btn_num_3.bmp,27028,997760ef4d243b4a5baeebbbb8dd285ba9268cdb77aa74318afb297977e88780
upgrade/Storage Card/System/Img/M0/phone_bmp/phone_dial_btn_num_4.bmp,27028,aeb78173e9377d1907b4f0e679d67f169b58aea62b5f6ad58821606370abaeb9
upgrade/Storage Card/System/Img/M0/phone_bmp/phone_dial_btn_num_5.bmp,27032,4d9d45505776cab206dcf4bc639af382e3a643d7875c33459c2d606b2a84cfc8
upgrade/Storage Card/System/Img/M0/phone_bmp/phone_dial_btn_num_6.bmp,27032,25e80d70d72c0216509c27ad3e7de1e396dc2c68279769748ab25accd864aade
upgrade/Storage Card/System/Img/M0/phone_bmp/phone_dial_btn_num_7.bmp,27024,d0edbcc4ac8a3e00040578f23af0fa0fc67d636702b02a645f0f1d7e260fde54
upgrade/Storage Card/System/Img/M0/phone_bmp/phone_dial_btn_num_8.bmp,27024,8672818f06ab584948fecf39b7fb28a60a127508e8b28387a1a8ae5217fb7cae
upgrade/Storage Card/System/Img/M0/phone_bmp/phone_dial_btn_num_9.bmp,27032,86812726c35e343d481e339c4b51804d751a78fd128d1c67efe57009301df325
upgrade/Storage Card/System/Img/M0/phone_bmp/phone_dial_btn_num_sharp.bmp,27028,03c59701e99968f54988326229e55a7925e0216570f929df36f9dd36007a3e76
upgrade/Storage Card/System/Img/M0/phone_bmp/phone_dial_btn_num_star.bmp,27032,bfd86e3ad7a08a93a9c34b0f11dfed38cb5e3a8275a62093da687d0c34b21dfa
upgrade/Storage Card/System/Img/M0/phone_bmp/phone_icon_incoming_call.bmp,8452,0fd4ff3ff112a7a491d840379c7cee051b5b55f08126d0bb72edb8db37ba55d2
upgrade/Storage Card/System/Img/M0/phone_bmp/phone_icon_missed_call.bmp,8464,4f1f8d682ae94366a93318d793309ce3321056c17db61dd425b7cc65ce91e6e4
upgrade/Storage Card/System/Img/M0/phone_bmp/phone_icon_outgoing_call.bmp,8464,6cdd826c9589ea043994f38669a9056ffb0e1ebd7433b35cea48f86cedb526a1
upgrade/Storage Card/System/Img/M0/phone_bmp/phone_pulldown_bot.bmp,93184,d9c69b036b254520c96b5076507858cad7125f20c2917cea659a5d79757bf978
upgrade/Storage Card/System/Img/M0/phone_bmp/phone_pulldown_btn.bmp,93820,ce39817384963dd9ff48a9a44907e1e2a90759584235c9ddf56783b87ce10106
upgrade/Storage Card/System/Img/M0/phone_bmp/phone_pulldown_mid.bmp,91904,9e512aa14c9449ebb17bae079e53f2d9fad2e32de38566f4efbced44bb1e4bc2
upgrade/Storage Card/System/Img/M0/phone_bmp/phone_pulldown_top.bmp,92432,0ff6f72a4338b3993134f4505f2777d448553279978e9e0db0c109813685a45d
upgrade/Storage Card/System/Img/M0/phone_bmp/search_btn_back.bmp,37636,5c43eabc759d3358e1096d17c2b8f0cd8045229edc462593c08d18c88a2b60c9
upgrade/Storage Card/System/Img/M0/phone_bmp/search_popup_list_bg_bot.bmp,188144,2a468752c18b014ffa151bc2a4f31b07df40237f9a33245b395fcf3af5baf3bc
upgrade/Storage Card/System/Img/M0/phone_bmp/search_popup_list_bg_mid.bmp,178812,34e0955f891ee2aa75d6cfa42d0b47b5fd0bb72a483509b2b378af6d60e41bee
upgrade/Storage Card/System/Img/M0/phone_bmp/search_popup_list_bg_top.bmp,200372,a58ef262ca7bb3831b33c888ad21963f63dc1c1ed148795d25e7aa4ec18316ee
upgrade/Storage Card/System/Img/M0/phone_bmp/search_popup_scroll_down.bmp,44756,ddb25c8e251146d114a22dbd29621789a82fa4a9a7b6b2f106b1a52001033acf
upgrade/Storage Card/System/Img/M0/phone_bmp/search_popup_scroll_textbg.bmp,8160,b8975bccc460a2d2506b93c4f83dc233dc39fd5e8c24dbe6ee00c6aeda7422d4
upgrade/Storage Card/System/Img/M0/phone_bmp/search_popup_scroll_up.bmp,44756,fe2480a7ab6cc9506f3198babe90cf914fa3821c4d181df5b3ade171a977b61e
upgrade/Storage Card/System/Img/M0/phone_bmp/search_results_bg.bmp,181028,145369dbe20687cb00db78a09ed0911f970ee96768ba185234759e87b41a9032
upgrade/Storage Card/System/Img/M0/phone_bmp/search_results_eco_bg.bmp,181028,145369dbe20687cb00db78a09ed0911f970ee96768ba185234759e87b41a9032
upgrade/Storage Card/System/Img/M0/phone_bmp/search_results_listdown.bmp,67868,aa96b8497f84503c1ff38c36cf88840880fcd82a3ab979e56599d72975392c52
upgrade/Storage Card/System/Img/M0/phone_bmp/search_type_bg.bmp,53468,4600484bb8e6dfb29e02de94946ff09b6b1c25d4f8e697ae69e8b86d67725e1a
upgrade/Storage Card/System/Img/M0/popup_bmp/list_icon_home_n.bmp,1664,4ee43c46893e1fb79b977eb623dd8db01b418325348505da55a0d6dac5aeb0e0
upgrade/Storage Card/System/Img/M0/popup_bmp/list_icon_mobile_n.bmp,1640,5793b40fd6b912f2c3ee3afec973cb3e4974b605d87c0a0d83861af09c84bd72
upgrade/Storage Card/System/Img/M0/popup_bmp/list_icon_office_n.bmp,1640,58947b7d5da455cde2ce7016958a5ed1c070fa0455785d3fa8fb0322458e5e5b
upgrade/Storage Card/System/Img/M0/popup_bmp/list_scroll_down.bmp,35836,336d127bf3f06bfdbbd31747b09598790198ce871fc5c3c58468b1e0cd9a2e09
upgrade/Storage Card/System/Img/M0/popup_bmp/list_scroll_textbg3.bmp,9536,f4b1208b1275500526f6ef20c7eb8ad28da3ee1f71496b8182eb9ce42fc5959b
upgrade/Storage Card/System/Img/M0/popup_bmp/list_scroll_up.bmp,35832,b106004a8ef84cf51826590905245bffaa4cb1e5e7027d25d9f8b392f0e7a9d5
upgrade/Storage Card/System/Img/M0/popup_bmp/popup_btn_call.bmp,25604,02f56b2ce7977675317ae70218af8fbe9e69476ddb639b3ed4c94ef8caab2636
upgrade/Storage Card/System/Img/M0/popup_bmp/popup_confirm2_btn.bmp,58476,da996d42bdb3d07ba344903658b1d407b9ec4e887f6644b6f3f6813413d43e66
upgrade/Storage Card/System/Img/M0/popup_bmp/popup_confirm_btn.bmp,66636,c9d53e345c0564c338be8d08e8cf99ffa0b847ab13e1e2b9d49ff3eb23f4ebad
upgrade/Storage Card/System/Img/M0/popup_bmp/popup_dailbox_bg.bmp,180356,17287a0d1613205097ecf64805c0026fd024486c05086ff2539dc2ef3aef5918
upgrade/Storage Card/System/Img/M0/popup_bmp/popup_list_bg.bmp,228436,3f173a03507541b3ca3be4c0c53fddf1f9d31169b85b11eaaac05aaf9eb59e24
upgrade/Storage Card/System/Img/M0/popup_bmp/popup_list_bg_bot.bmp,54040,77ba8909db5e96a75ec4448cc05159c6339eefb9f8e7f80f50916837eafc16ca
upgrade/Storage Card/System/Img/M0/popup_bmp/popup_list_bg_mid.bmp,177840,6d46d2177b2c9dad59bb1246e42f1c4b8dcec3ee7b88db950be3abb93b860120
upgrade/Storage Card/System/Img/M0/popup_bmp/popup_list_bg_top.bmp,180164,be37d3375c01f3c8b456e56efa6118fe62f3978e83645e64e39dec99d8cd1db7
upgrade/Storage Card/System/Img/M0/popup_bmp/popup_searchdevice_btn.bmp,126476,e003984c0bc510fb87bf27345b255f84034ad2a32d0e4831143a89c4fc0cbe65
upgrade/Storage Card/System/Img/M0/popup_bmp/popup_text_bg.bmp,180356,5ccb71e19824d4b8ff396606a9f051edd9a15b7f3173e7d7ef0b214cbcc27be4
upgrade/Storage Card/System/Img/M0/popup_bmp/popup_update_gage.bmp,1968,5e10565e0a63f31cfcd9d306677b0abba49b72a993b19e425af0e5049679de1e
upgrade/Storage Card/System/Img/M0/rvc/camera_brightness_icon.bmp,1828,c7334a625d93aa7803061c45fafeb5b0f7c34124fa55ebe1298c5d8c581db550
upgrade/Storage Card/System/Img/M0/rvc/camera_btn_bg.bmp,96064,94778ab380589a81dcf84a8ee2486b3db0811219ff8eb6a3e6aef13ef3ca3837
upgrade/Storage Card/System/Img/M0/rvc/camera_contrast_icon.bmp,1376,d53d2458eb0f7aa33ac7d0228f73d5b02cc42d6f8ba770c021eda0b225257441
upgrade/Storage Card/System/Img/M0/rvc/camera_display_bar.bmp,536,c510a1160bbd59b441dc7f56011c3e88ecd2bf2d5390ab60e73d451dc7364953
upgrade/Storage Card/System/Img/M0/rvc/camera_dot.bmp,160,2a1134b69fbecd3adad2b5c624affb80d1a3e4da674c0ae270066ce404efc969
upgrade/Storage Card/System/Img/M0/rvc/camera_guideline.bmp,150096,ed5f9cbd6ccc89436cb1923dc264627cfb0c81458dd29430057471690201ce7b
upgrade/Storage Card/System/Img/M0/rvc/camera_icon.bmp,1580,d1d21396b465b44995a24008b83ba265be474e649668f0e6c4b7e6030e751b21
upgrade/Storage Card/System/Img/M0/rvc/camera_left_btn.bmp,25928,3b0b8ada92194e4656403573a6e8e210ba925cb5918d965f807609676f472910
upgrade/Storage Card/System/Img/M0/rvc/camera_minus_btn.bmp,24508,19a973164577c8336e1b78e33256acbc3510a6eda11a601432f3b674b3bdc2a0
upgrade/Storage Card/System/Img/M0/rvc/camera_plus_btn.bmp,24924,2fa177b7dc1ab43bd497d2ba200f13cf1cc427fc89a0340b7a3e56638cd85a5d
upgrade/Storage Card/System/Img/M0/rvc/camera_right_btn.bmp,25608,f0c7339cb82fb1ede887a0a7ac315b765404566b65bf8729b486cba34d02b9c0
upgrade/Storage Card/System/Img/M0/rvc/camera_text_bg.bmp,36064,1752f22ad5d87d3e9475801b46d161277a17d876d713a830d82c12ce145d82d0
upgrade/Storage Card/System/Img/M0/rvc/setting_line.bmp,1172,9e5350fdd3365f73579fb20d431ede9a41c1e2afd9fd7dc3c2ed15fc6c4bb1a2
upgrade/Storage Card/System/Img/M0/setting_bmp/checkbox_icon.bmp,11768,c922957727c294da23c361ff7f3005e5b6195b2c0e554dba1a480e53bbb60d69
upgrade/Storage Card/System/Img/M0/setting_bmp/list_flag_Arabic.bmp,3764,05e5a3a9391d8c36bd50c53cfc647f07f9b3f9d1d475ebd9125e504788bb9821
upgrade/Storage Card/System/Img/M0/setting_bmp/list_flag_Australia.bmp,3768,6e85aeee022f05dc283376502b1d0f27aa0e23118090c54737b29c358dd9ef35
upgrade/Storage Card/System/Img/M0/setting_bmp/list_flag_Brazil.bmp,3768,ae711203bedf84a8485148649c54e5c1cee6cf0efc6a6bdb7519c444c1f2a51a
upgrade/Storage Card/System/Img/M0/setting_bmp/list_flag_Bulgaria.bmp,3768,6d2346ed14396b5345f41207e8b8147c10cc7311bcf3134487964655914934c9
upgrade/Storage Card/System/Img/M0/setting_bmp/list_flag_Croatia.bmp,3768,f2a0471f0412793916b6baf35d86be9a0ef5efb9d28b7d592fb167f0cc19432d
upgrade/Storage Card/System/Img/M0/setting_bmp/list_flag_Czech Republic.bmp,3768,c2c49814da6a28bdaa720fd92a562b6d2d2b7d19332c04bcc05a583af8753370
upgrade/Storage Card/System/Img/M0/setting_bmp/list_flag_Denmark.bmp,3768,e546775ea75cd895e7dca4a260a35f90ed2ec6dfa0ea102d2a72888338dcea5d
upgrade/Storage Card/System/Img/M0/setting_bmp/list_flag_Finland.bmp,3764,bec58393d2c511cb2327c7b6f0f7bd450fd8a046b926c149751b5b56fa4c0a6c
upgrade/Storage Card/System/Img/M0/setting_bmp/list_flag_France.bmp,3768,a39c89baef6001b8ddf6208844540b648f817e24e080d85c88009e3db18d09ce
upgrade/Storage Card/System/Img/M0/setting_bmp/list_flag_Germany.bmp,3768,ffbaf476c8cc61121850ea21d9826fd93f5b39e7682431107159036c4822ecac
upgrade/Storage Card/System/Img/M0/setting_bmp/list_flag_Greece.bmp,3768,3ad969baa5945e1b145ac756bbcc1f928b987648c9013152ed1b038ab493ca91
upgrade/Storage Card/System/Img/M0/setting_bmp/list_flag_Hungary.bmp,3768,7b20152f1d3fdd925fca854c14d9d10d34c63831b8245698f78eb5fbf354f446
upgrade/Storage Card/System/Img/M0/setting_bmp/list_flag_Israel.bmp,3768,1edf27558f1ba071f8c23471a4aed2d48ea8c620224a81c0bb555ba43460eb90
upgrade/Storage Card/System/Img/M0/setting_bmp/list_flag_Italy.bmp,3768,c406165c7c2287e80e30dbe533cf90b125d74eda9d12b733ebf25b51346988fb
upgrade/Storage Card/System/Img/M0/setting_bmp/list_flag_japan.bmp,3764,67f85812e9cc2eef967f195d90de19da2f4ce5355d7ecd76968a0de3bd05ce4f
upgrade/Storage Card/System/Img/M0/setting_bmp/list_flag_Netherlands.bmp,3768,1a6f0a5949da776eb9fc0234f081b8694665b92719a07dfe39c8cbda16c233df
upgrade/Storage Card/System/Img/M0/setting_bmp/list_flag_Norway.bmp,3768,5bff0074151ca9ba1f9b4fb40afe80a42ff54f559e50227b6afaa657a48af6f7
upgrade/Storage Card/System/Img/M0/setting_bmp/list_flag_Poland.bmp,3744,a944fadb96e66c91e62947672d0f83c84aae5ba570fcafe0802d7129a27f135c
upgrade/Storage Card/System/Img/M0/setting_bmp/list_flag_Portugal.bmp,3768,0a9e63292e5a964d94e38b909bbac36f95966861a9dee9641b9179c010431960
upgrade/Storage Card/System/Img/M0/setting_bmp/list_flag_Romania.bmp,3768,a635b9ac5314e74e57477e912baf159e16d7fa4f09ceee0f1351f6278a829e02
upgrade/Storage Card/System/Img/M0/setting_bmp/list_flag_Russian Federation.bmp,3592,67e76ffa1e9230adb627a800ad147c758a3d1ec778cda80f9bcf07be767951ce
upgrade/Storage Card/System/Img/M0/setting_bmp/list_flag_Serbia.bmp,3768,f9c34ab79550391d667c2ad998c4afd382cd20d9bd1651db3270910320f9c3a2
upgrade/Storage Card/System/Img/M0/setting_bmp/list_flag_Slovakia.bmp,3768,5b83be691d04d3733aad0c6badfd700a6d5e9974d26450de14842950ffa786f9
upgrade/Storage Card/System/Img/M0/setting_bmp/list_flag_Slovenia.bmp,3768,5eb607ca4dead5b8aa054e80c61731d826d5995fdfd47e1c221eb8cf3ec3605b
upgrade/Storage Card/System/Img/M0/setting_bmp/list_flag_Spain.bmp,3768,853d2403774acb6c097b7d43ee1eb9bf5162573a6964d6bfc42e3cf86ae56ea1
upgrade/Storage Card/System/Img/M0/setting_bmp/list_flag_Sweden.bmp,3768,6fe19b150561326b8dbca3f3ccd7e9b3cbced357fa504d4a294574a67ec66c1c
upgrade/Storage Card/System/Img/M0/setting_bmp/list_flag_Turkey.bmp,3768,fc4d89f247ec77c14927be221e1ce9d164a251d5f3ed404ecf241fc8dd292c9a
upgrade/Storage Card/System/Img/M0/setting_bmp/list_flag_Ukraine.bmp,3768,1bca4a3ce413a8e35d0332bece9cce42be5fe6082c261c09b603727d637f8096
upgrade/Storage Card/System/Img/M0/setting_bmp/list_flag_United Kingdom.bmp,3768,21aa6a12d7281f4e76b2bf9b27f8884f3a210b0a689d3c25ad172147f1678b95
upgrade/Storage Card/System/Img/M0/setting_bmp/list_icon_mobile.bmp,5480,025d048cd384e0a8394272c4bfd6827fd8cf8cdadbe7352a32f55c049bff7c5c
upgrade/Storage Card/System/Img/M0/setting_bmp/list_icon_music.bmp,5584,2a4555c2e4c53b062c747a9f9d944a13528c19ab64d692c8701870a1c951f9ea
upgrade/Storage Card/System/Img/M0/setting_bmp/setting2_left_btn.bmp,25548,09b58b841ded297cdddf20dd3c593f60a23243d19997eab9c93cb2146182bf00
upgrade/Storage Card/System/Img/M0/setting_bmp/setting2_mid_btn.bmp,24788,0fd47a2ab14bee568afd358ffe9e7f1b6926dbcdae3599b2e6db16ad8b042bf5
upgrade/Storage Card/System/Img/M0/setting_bmp/setting2_right_btn.bmp,25260,e3b2cdf885dc2d1b9f7b47fc0f3d0b0e6c4eb068c69128e7feed9558988f1c0b
upgrade/Storage Card/System/Img/M0/setting_bmp/setting_delete_btn.bmp,34036,b053635bfe7f35e83c723153f19d1111a27c8e8cc150e9f5bbec5ccc809e0960
upgrade/Storage Card/System/Img/M0/setting_bmp/setting_direction_bar_land.bmp,1876,59b3208029da2dcd9e48bd60fea2bffb337f2fe7e085b2fccf07efbe3e42fc34
upgrade/Storage Card/System/Img/M0/setting_bmp/setting_direction_bar_port.bmp,2092,e9e604620c9560c54b1b8dbc73bc8b6fac84a9b64db732377a9340b4b65f0187
upgrade/Storage Card/System/Img/M0/setting_bmp/setting_direction_center_btn.bmp,18012,687359bf993e682be98cfce45d0f237936df3590f92af5dd0c233e35b24daf4f
upgrade/Storage Card/System/Img/M0/setting_bmp/setting_direction_down_btn.bmp,18008,64f452acf583ba86421e75e39cd0c68090ac4f4b2c5f3fdfaf78d6f84a9cc5fb
upgrade/Storage Card/System/Img/M0/setting_bmp/setting_direction_image.bmp,83156,3b400cb02016e9de24b7b122aa1458e81c76ea4cccb1c6c2bbfc5a5c428ec3eb
upgrade/Storage Card/System/Img/M0/setting_bmp/setting_direction_left_btn.bmp,18012,fdae49b154a5ba1fa70cbccae5342ab85a77d5e73be0c952c321233cf1fceba9
upgrade/Storage Card/System/Img/M0/setting_bmp/setting_direction_point.bmp,1196,5900d9bdc58b67747efa5930fb2a961dd0eaf5037d29be65080c9ca3f3fff602
upgrade/Storage Card/System/Img/M0/setting_bmp/setting_direction_right_btn.bmp,18008,c890850f2ddcb8c98c77ac6e719c91c9ede296bc30d800e69361ea91f34ae6d6
upgrade/Storage Card/System/Img/M0/setting_bmp/setting_direction_up_btn.bmp,18012,ac91f2a6cc2f0989da602f2a1a38efb5af7936b62428a020d3a7cd54fcc2f272
upgrade/Storage Card/System/Img/M0/setting_bmp/setting_dot.bmp,280,ce81f1768c598ae7315bbda9aacf4e520d0e77e201a55cf83d42327e5cd866cf
upgrade/Storage Card/System/Img/M0/setting_bmp/setting_left_btn.bmp,34156,fbfcecf0570013c7844084bb540a5e951766454450f0594047cc205329466110
upgrade/Storage Card/System/Img/M0/setting_bmp/setting_mid_btn.bmp,32952,ac997f1810a5daa0902cb7750f62648abbc3584f37c333038365c373c76d273e
upgrade/Storage Card/System/Img/M0/setting_bmp/setting_option_btn.bmp,34068,1a780f44a1a7a971863aca2eac0b9258ab3192d1a3e1c94d61ceb64daf4759d4
upgrade/Storage Card/System/Img/M0/setting_bmp/setting_right_btn.bmp,33868,548502823c05a2c68499fc33453f49c3a1ec3be09d87954736c42caaefecde53
upgrade/Storage Card/System/Img/M0/setting_bmp/setting_surround_bar_off.bmp,428,d24286f5d8b7055dc60403d95d783397157b0ce45fd7a3c680fe21a7cea100f8
upgrade/Storage Card/System/Img/M0/setting_bmp/setting_surround_bar_on.bmp,428,85a5acc7826e4ce8dc7716d1761221780964bef5ce93e4a0693388c79f49cd43
upgrade/Storage Card/System/Img/M0/setting_bmp/setting_surround_center_btn.bmp,18304,d8b3672490d48d2ee227328909612c56831073dfe5b3e9833a09c0974e346323
upgrade/Storage Card/System/Img/M0/setting_bmp/setting_surround_left_btn.bmp,18776,e450e888264ed228db8688b3da7dec6230d2d353f009b555d3695ee7cb3be3ac
upgrade/Storage Card/System/Img/M0/setting_bmp/setting_surround_right_btn.bmp,18772,1e0f3545394f91a99b0ecddcc53f67bd0f05fcc113914f9fb3d9fa4c941784ae
upgrade/Storage Card/System/Img/M0/setting_bmp/setting_temp_celsius.bmp,34264,b080290a4dd08c2aef1cd1c11645b014e078fdb27ebd0e804d660c19dc9f729f
upgrade/Storage Card/System/Img/M0/setting_bmp/setting_temp_farenheit.bmp,33992,3662b080c84aa8980c6ca473360e5f088f1289f620345fde184d105af4ec41fd
upgrade/Storage Card/System/Img/M0/setting_bmp/setting_volume_bar.bmp,1016,bf6289cec37b1ccbade8d49e66574cd1b8ec90e64d994928752066d17f4a80c1
upgrade/Storage Card/System/Img/M0/setting_bmp/setting_volume_gage.bmp,20932,de8a25fea7ab4bdeb61b055fdad9639911e7fc70b64fea1adfefd6187a5e2568
upgrade/Storage Card/System/Img/M0/setting_bmp/setting_volume_left_btn.bmp,19108,db9ce09289f4537e4339a380b8042f0b5dcc8933abeb2e05844f4257ef342bfb
upgrade/Storage Card/System/Img/M0/setting_bmp/setting_volume_right_btn.bmp,19100,d76f8d2aa4965683e97211df4595a63931ed4601f4813cb18bfb24923b812349
upgrade/Storage Card/System/Img/M0/test_button.bmp,26040,479b3c3820fe2d4b9bd96728c34cfb1dc1410e15164092beeeffc174d0ce8948
upgrade/Storage Card/System/Img/M1/common_bmp/caution_bg.bmp,384092,0ca6e9592165fa421c7385938bd35e2a31b7f05330b9d457e8ffd8e92a269e2d
upgrade/Storage Card/System/Img/M1/common_bmp/clock_bg.bmp,384312,19b75fd9ffc9decb1cfe2d4913b865ba3e7e69edb977062d2def441e01ba8092
upgrade/Storage Card/System/Img/M1/common_bmp/common_indi_antenna.bmp,3816,9c0d3ec87132fff2f25608612de1bf9a7223a835ddb1bf615812bbf4bd1638de
upgrade/Storage Card/System/Img/M1/common_bmp/common_indi_battery.bmp,3084,4a1d27da79ffca0e3bdcb23686dab30f4d77f0af727d7db2ca26dff18f4bf701
upgrade/Storage Card/System/Img/M1/common_bmp/common_softkey1_btn.bmp,193228,478f4b865921dfb66482a94ce1cebecf2e2079cc2de6be543b30b6a7faa70b0c
upgrade/Storage Card/System/Img/M1/common_bmp/common_softkey2_btn.bmp,96420,934b1c832286fc5cef324f5b199818b6762f23e05702cbe153354aafb730c17e
upgrade/Storage Card/System/Img/M1/common_bmp/common_softkey3_btn.bmp,64156,b7218cf5f996dcc889eacf7c136a6f366a4eb5e76299ae446d81d029aa62c17c
upgrade/Storage Card/System/Img/M1/common_bmp/common_softkey4_btn.bmp,48068,9b896c1accedaa3e9353150161353d1ed775eb8a1245a47ab5c51421e91f09ea
upgrade/Storage Card/System/Img/M1/common_bmp/common_softkey5_btn.bmp,38876,51b1796ca8440d274652efd77ef00885798bed5c592ce1fe33a30a3c954078bb
upgrade/Storage Card/System/Img/M1/common_bmp/common_softkey_back_btn.bmp,51832,d4639944b3a553eea9765d2a33f5bdd3c6810eb2c7e67a6078874415acc0151f
upgrade/Storage Card/System/Img/M1/common_bmp/common_softkey_dial_btn.bmp,57592,fe4fe59a28116ef9a13c95b2a239bd3d0a1d9999e578402057ef4f0d3287bba5
upgrade/Storage Card/System/Img/M1/common_bmp/common_softkey_empty_btn.bmp,51152,67a9ef770ef43306a5bfa654cbcfaf54693dfcb5770f53b3ea122960a15e4e8b
upgrade/Storage Card/System/Img/M1/common_bmp/common_softkey_home_btn.bmp,51864,be23b457cb337905fe0194825695dd9531fc93f9cd6869ba25853ee625b0a23a
upgrade/Storage Card/System/Img/M1/common_bmp/common_softkey_icon_car.bmp,14776,941b4c76859e11c99190b658eed5814e1976af562eb31fe10622feb74b73d12f
upgrade/Storage Card/System/Img/M1/common_bmp/common_softkey_icon_phone.bmp,12312,deccf1d679bfd37c7ca66b57fd0f492d12fd40e2e577ff16aa7febb273a1c33e
upgrade/Storage Card/System/Img/M1/common_bmp/common_softkey_icon_speaker.bmp,7768,b6cd2b56ba5daf409816674d50917b8fafbc7db46a95a91b91243629e67b57e5
upgrade/Storage Card/System/Img/M1/common_bmp/common_softkey_micoff_btn.bmp,38648,b299b8241279e00eff292041ea729e556435d01d0992494670f7c2d0656ebbf3
upgrade/Storage Card/System/Img/M1/common_bmp/common_softkey_micon_btn.bmp,38876,53b4886118d820584970afb75ea3f6d34f1ff96eba4f19476256c6661cca746b
upgrade/Storage Card/System/Img/M1/common_bmp/common_softkey_navi_btn.bmp,52196,df89659e169574942b75d9083a7e93da5611281b189ee97aeb39f163de47fe17
upgrade/Storage Card/System/Img/M1/common_bmp/contents_bg.bmp,385076,22606fe54290d03a6135cea166021dfb25578383f48d7619ab50ce615f07b38c
upgrade/Storage Card/System/Img/M1/common_bmp/eco_coaching_bg.bmp,385076,6f016b5c461152d822b71bd76e03d61203ef688833f31db541b7933570615058
upgrade/Storage Card/System/Img/M1/common_bmp/etc_bg.bmp,384648,9a38d79b12ea4926a643f4318a8f2da44d6d2e73a83ea7c489c66f6879b0637d
upgrade/Storage Card/System/Img/M1/common_bmp/fmradio_bg.bmp,385076,b8a5664ab3992bf9d769a2cde1f7e25cad5315fa0080b82522a40f61db34a847
upgrade/Storage Card/System/Img/M1/common_bmp/fmradio_bg2.bmp,385076,2aecb0883b56a246f9885fbae55a0fb93f61de31be17712859502167f2221b07
upgrade/Storage Card/System/Img/M1/common_bmp/homemenu_bg.bmp,384096,c1dda7f1e420fb77a62416b9aa300b60ec05623185a39adb4b7275d824f14382
upgrade/Storage Card/System/Img/M1/common_bmp/homemenu_clock_am_icon.bmp,1956,40114bb966cf8667e0365948eff97ae2f1701c1acc80f2de9fbbf1dbaba18102
upgrade/Storage Card/System/Img/M1/common_bmp/homemenu_clock_colon_icon.bmp,564,909c7b5c1f595b5f4ebe40e2c5e84bc3149acab56cd6eb35023419c4b9a54965
upgrade/Storage Card/System/Img/M1/common_bmp/homemenu_clock_pm_icon.bmp,1944,98eabc72c0c169102599421b1a6aafe98aff967ecb6d8b0fbb1c3b28adbef5c6
upgrade/Storage Card/System/Img/M1/common_bmp/homemenu_temperature_c_icon.bmp,1212,09ca648fe7ee62ad691f1700000af97b8c33ff3b1251b7a3fbba6672e498256a
upgrade/Storage Card/System/Img/M1/common_bmp/homemenu_temperature_f_icon.bmp,1152,05078afe3b30fbe8848739af3c1f43e308f5d9ea01bd878e50236d2bafc5db6f
upgrade/Storage Card/System/Img/M1/common_bmp/media_bg.bmp,385076,f5920e58a3e9fb0ca5cb4989015facb5178efcc5fc8cd50d28e62b7d39f4f32c
upgrade/Storage Card/System/Img/M1/common_bmp/media_bg2(device connection).bmp,384392,27777e690f42a4ef6b60d60fedfb3e98129507b2627b9ab0ef96bbcc50cb6fe8
upgrade/Storage Card/System/Img/M1/common_bmp/phone_cursor.bmp,140,c5360fc3edddcc188cc16c1a0e2380ce8097b33e852392988c4059e028a3fdeb
upgrade/Storage Card/System/Img/M1/common_bmp/phone_dial_bg.bmp,385076,e60077ee2c5bc84b2984d1a85f914271034220a6773051c7f3fa887cdb871264
upgrade/Storage Card/System/Img/M1/common_bmp/phone_dial_bg2.bmp,385076,6f016b5c461152d822b71bd76e03d61203ef688833f31db541b7933570615058
upgrade/Storage Card/System/Img/M1/common_bmp/phone_dial_bg3(key board).bmp,384360,aef408d3c12add034f3eb2b4aff99e93c8f078d9290f40fca67808bce1ca97fb
upgrade/Storage Card/System/Img/M1/common_bmp/phone_dial_eco_bg.bmp,385056,b5ac48a4a918a21f86825f7b42faf9ad671c496e015ee33fd421e644ca58c15a
upgrade/Storage Card/System/Img/M1/common_bmp/phone_dial_eco_bg2.bmp,385060,1efb1385a107fc0c1f550180dadd14cf894550087cfaaf9351c4fde411d98300
upgrade/Storage Card/System/Img/M1/common_bmp/phone_dial_eco_bg3(key board).bmp,385016,d97af3938e465b82d048587609b85247909841b07886b1b6ffbb148c469777e5
upgrade/Storage Card/System/Img/M1/common_bmp/popup_bg.bmp,385078,bd7035f32df511efb9dc79f603a87d8699f211ad2d30e1720df55ad3269ef251
upgrade/Storage Card/System/Img/M1/common_bmp/setting_bg.bmp,384648,9a38d79b12ea4926a643f4318a8f2da44d6d2e73a83ea7c489c66f6879b0637d
upgrade/Storage Card/System/Img/M1/ecodrive_bmp/codrive_coaching_arrow_left_btn.bmp,45472,ce898acc6d7192a33f2ed5ad39757c6d9e8f63b4f33493be1fbd59dfa33755fd
upgrade/Storage Card/System/Img/M1/ecodrive_bmp/codrive_coaching_arrow_right_btn.bmp,45476,5c1ac935ea41f05a6560ea0e29cc90f03616764cf1592dde9d5ea01e41909228
upgrade/Storage Card/System/Img/M1/ecodrive_bmp/Common_status_n_btn.bmp,860,c143a8735640ceaf6c488f212fd4dca1bd468e5f85b18838c9566b8c894df365
upgrade/Storage Card/System/Img/M1/ecodrive_bmp/Common_status_s_btn.bmp,3670,66229fb86d95b42c4ecf24b8453823450be90a2c91311529e88bc1fe358e3219
upgrade/Storage Card/System/Img/M1/ecodrive_bmp/ecodrive_blower_bg.bmp,32524,b6bc0f9ada6631b27fafe617ce159bdb66b47e3b20b53f70423c3f5ee7e28987
upgrade/Storage Card/System/Img/M1/ecodrive_bmp/ecodrive_blower_icon.bmp,2608,697b9e7d0900fc0d831251cd3135ad94d0c29908894fbdb68fa7e5e227d9e252
upgrade/Storage Card/System/Img/M1/ecodrive_bmp/ecodrive_blower_statusbar.bmp,1028,b4f4f29b0c2dad9ebfd7e94245d3b3e5d528d50bb73dbe211216e438d0019d5c
upgrade/Storage Card/System/Img/M1/ecodrive_bmp/ecodrive_clime_bg.bmp,32500,e2fdcbba6bb38139ed5c4d5fe9c4167215e1d714fe0c7196ac5c361dedb10614
upgrade/Storage Card/System/Img/M1/ecodrive_bmp/ecodrive_coaching_starempty_icon.bmp,4518,60e938de6baaac4af22b78a686e5da539e04a02538eb3f3b5c829363349e5d7e
upgrade/Storage Card/System/Img/M1/ecodrive_bmp/ecodrive_coaching_starfull_icon.bmp,4518,60e938de6baaac4af22b78a686e5da539e04a02538eb3f3b5c829363349e5d7e
upgrade/Storage Card/System/Img/M1/ecodrive_bmp/ecodrive_coaching_status_bg.bmp,101472,56513d154f00db0afd619ed47701fcc14fba8b906c9808a1be0c375ba9a59803
upgrade/Storage Card/System/Img/M1/ecodrive_bmp/ecodrive_eco warning_icon.bmp,2620,b422e733b1d35f3ee7edac3e5598d4132ad5e19bda0f55a8a3eb219dac2bcf58
upgrade/Storage Card/System/Img/M1/ecodrive_bmp/ecodrive_green_icon.bmp,2588,d23fccd3884c866151bcb7608c2e4c60074c4417c8b051751e30707b61c8611a
upgrade/Storage Card/System/Img/M1/ecodrive_bmp/ecodrive_list_line.bmp,1044,9bbf8f67ed3ebd369baf5a22f039bf455ef4942b47178b070ad9644354ecfb83
upgrade/Storage Card/System/Img/M1/ecodrive_bmp/ecodrive_score_bar.bmp,956,1fd33d811c8b291d4ea21b4e1dec955ffb1b41c9ab97e746eee80b272a3580c4
upgrade/Storage Card/System/Img/M1/ecodrive_bmp/ecodrive_score_bar_bg.bmp,20184,1531ca8ee3e5f28a469e33d69c133e124cac19abe0854ece7df46de8d89084fb
upgrade/Storage Card/System/Img/M1/ecodrive_bmp/ecodrive_tripreport_bg.bmp,385000,6513346df63c970b42d2a83edb90f1afe4f2be739c9fbf08d0570248c6dc50de
upgrade/Storage Card/System/Img/M1/ecodrive_bmp/ecodrive_tripreport_leap_10_icon.bmp,8040,571b8e1f9105115d85e0a9c66914ceab0080a18c4ff1b2bf946343a4a63a9065
upgrade/Storage Card/System/Img/M1/ecodrive_bmp/ecodrive_tripreport_leap_1_icon.bmp,7636,39c76532869523f84d128947b63ea2a06fbfe5621142face3799e4ca08ad34f7
upgrade/Storage Card/System/Img/M1/ecodrive_bmp/ecodrive_tripreport_leap_2_icon.bmp,7728,7e5799eb85e8a2ba1efa553084fac1c9ef38d966fb385ce657c85d3565a04c8d
upgrade/Storage Card/System/Img/M1/ecodrive_bmp/ecodrive_tripreport_leap_3_icon.bmp,7788,a4aa6f851b8b4449883e5412968fb486bfb303b812493ad4d6d5cb1ea1945c72
upgrade/Storage Card/System/Img/M1/ecodrive_bmp/ecodrive_tripreport_leap_4_icon.bmp,7804,87c149e084fac48e5ae8ea8b760f639d8f7c21362d844bd515d01cb903102cf6
upgrade/Storage Card/System/Img/M1/ecodrive_bmp/ecodrive_tripreport_leap_5_icon.bmp,7912,836d0a5be8f1b386ee3801a5c671958aaec9be07d69a4b0b07653ee33bbb82ef
upgrade/Storage Card/System/Img/M1/ecodrive_bmp/ecodrive_tripreport_leap_6_icon.bmp,7908,7435b84bea5fd8adac55fdd1aa72ff914ebbd7ab82f2a246a80f29e49a7bb6a3
upgrade/Storage Card/System/Img/M1/ecodrive_bmp/ecodrive_tripreport_leap_7_icon.bmp,7996,0d28e0c0b6bd6a73e75c8f5189e5987519d1f3b4780caf39468fa3096ef66187
upgrade/Storage Card/System/Img/M1/ecodrive_bmp/ecodrive_tripreport_leap_8_icon.bmp,7988,2058395b30359d3a103622fcbbd149fa3e32e15739039d968c6a1342dd851d4b
upgrade/Storage Card/System/Img/M1/ecodrive_bmp/ecodrive_tripreport_leap_9_icon.bmp,8012,0da5dde632d7a333930d8c70234d56988a8b7e07441256d2e1c64821f86ca166
upgrade/Storage Card/System/Img/M1/ecodrive_bmp/ecodrive_tripreport_leap_icon.bmp,71638,10999c12c01b54745e23f438331048db39975d1a532d4a0ddda043d607c242e5
upgrade/Storage Card/System/Img/M1/ecodrive_bmp/ecodrive_tripreport_leapbg_icon.bmp,7756,dce9440df3f5adefab69d47080762d532ddbdbd29994e639b6efe6f69d201603
upgrade/Storage Card/System/Img/M1/ecodrive_bmp/ecodrive_tripreport_starempty_icon.bmp,2698,6c270eb912fe91ce8f09e268b6a717f49a6a30f82db5cc9bb391e49a4d16542b
upgrade/Storage Card/System/Img/M1/ecodrive_bmp/ecodrive_tripreport_starfull_icon.bmp,2698,6c270eb912fe91ce8f09e268b6a717f49a6a30f82db5cc9bb391e49a4d16542b
upgrade/Storage Card/System/Img/M1/ecodrive_bmp/volume_bar.bmp,928,f4085de93f0efcd3fad06a0d5263968675532845ccf598662efec9356032c7b4
upgrade/Storage Card/System/Img/M1/etc_bmp/Authentication_key_close_btn.bmp,73672,dbbb7ad5245d8da346386051ba366eafca3a4ab135ec50fa19f0a56012a37f0e
upgrade/Storage Card/System/Img/M1/etc_bmp/Authentication_key_inputbox.bmp,7272,6381894278fb9624751dc8685b8699a782cadaf30f8a5e4211c6d911e929c5a5
upgrade/Storage Card/System/Img/M1/etc_bmp/Authentication_key_number_btn.bmp,36656,b0d586f78e91d4de0829e95a2eee094668973287023775c2f16d5ddbc8fc0d9e
upgrade/Storage Card/System/Img/M1/etc_bmp/Dacia_Booting_LG_110324.bmp,385076,3cdf643fe90a806ec8c53edb2a90d74efc65eaf3d7bed93a75820cf815a182bd
upgrade/Storage Card/System/Img/M1/etc_bmp/dark_AUX.bmp,1272,bfbfc749668cfa99b933e1d04070f46f78af6251be9d087d6d012f0a18857975
upgrade/Storage Card/System/Img/M1/etc_bmp/dark_bt.bmp,1300,f65ec624ea559565622560f013d7c19a81ba75d0947e6e88870cc725c568b723
upgrade/Storage Card/System/Img/M1/etc_bmp/dark_ipod.bmp,1188,0badbe9979a46576104100a62cbf8d9ac3399f857a236af8f59582929e313923
upgrade/Storage Card/System/Img/M1/etc_bmp/dark_phone_bt.bmp,1240,8f122d050c37c66d1579101947b9034f28ee86c897cbac5aeb88d70b404c9105
upgrade/Storage Card/System/Img/M1/etc_bmp/dark_radio.bmp,1228,e4fdbc6926cb3dd755dd680d56c340d259d5fb2d7022c644d0435f8e8fffd9c4
upgrade/Storage Card/System/Img/M1/etc_bmp/dark_usb.bmp,1340,818577e5f059554172ec73463e9f3535a5861906d95aa69f783523a604bf394a
upgrade/Storage Card/System/Img/M1/etc_bmp/Renault_Booting_LG_110324.bmp,385076,be654cbfa91a7db5e6550660f11d255c30ba07cb0e62a99b0bd953a045ade779
upgrade/Storage Card/System/Img/M1/fm radio_bmp/content_list_line.bmp,896,f499f2a1f76c67ea5da1e5f7b730cd5db6e87dc8a3d3581578e00dd8ef16c91b
upgrade/Storage Card/System/Img/M1/fm radio_bmp/content_list_line_long.bmp,1008,02a40bd614112a6bd85d9870428278588cd4078fc1b465a29462b94744242531
upgrade/Storage Card/System/Img/M1/fm radio_bmp/contents_list.bmp,200064,ea9145640802e4a9c0801c476441519ae1b75c183aec86f5e852c70f50cec1f6
upgrade/Storage Card/System/Img/M1/fm radio_bmp/contents_list_long.bmp,234424,c349957567060c8a4f03bfa9e0743d91567d1f96569e7fa1ec9a3ef22a08e601
upgrade/Storage Card/System/Img/M1/fm radio_bmp/contents_list_nowplay_icon.bmp,12240,8db223b3c34486bf16b24725dec3b3a1c0414f1d5d53e0e86ede63a7e9e78620
upgrade/Storage Card/System/Img/M1/fm radio_bmp/fmradio_control_ff_btn.bmp,35276,f4024718b626faa25e70f206e9f9781d905ae6f3962d41850606b40de1b1f020
upgrade/Storage Card/System/Img/M1/fm radio_bmp/fmradio_control_next_btn.bmp,35276,a51f23d0e33c6dc66dec2185aba9fc05dfe74e3c4b09b85be6c373a15fa5043f
upgrade/Storage Card/System/Img/M1/fm radio_bmp/fmradio_control_prev_btn.bmp,35276,3e9289d80f873d423ad220084b7b9b381003dfdb8c4c6703e72fda32400a6390
upgrade/Storage Card/System/Img/M1/fm radio_bmp/fmradio_control_rew_btn.bmp,35276,7b52d3faaca7e400daf806924c58c49044e29d048aca65365d9972d4a6459980
upgrade/Storage Card/System/Img/M1/fm radio_bmp/fmradio_presets_arrow_left_btn.bmp,74452,3b88bd1d977bc3d3120d20ccaf7cc9c5cd9750c6f8875d3add4da9d3b4057979
upgrade/Storage Card/System/Img/M1/fm radio_bmp/fmradio_presets_arrow_right_btn.bmp,74060,251b3c925d8bc847717da8f4c83aa819390b3c4084c02f29c1c92e9bfb6e2a37
upgrade/Storage Card/System/Img/M1/fm radio_bmp/fmradio_presets_btn.bmp,104648,cb16d43a682fbd5eaceb473df6482d88e3c76b9a85b587547186636f2a6a397c
upgrade/Storage Card/System/Img/M1/fm radio_bmp/fmradio_pulldown_bot.bmp,50992,d9614b57e6d413f1b0a1fd148e1959114393ef0fbb5e08c26a0aef0047e7789b
upgrade/Storage Card/System/Img/M1/fm radio_bmp/fmradio_pulldown_btn.bmp,51564,5728ff33039d1b78f6798924d2501c6b5efa207b4396182ab96be94f728202fa
upgrade/Storage Card/System/Img/M1/fm radio_bmp/fmradio_pulldown_mid.bmp,50344,e94c77ee72214d3462fcf80f47cceacfa1333307f5bbc3acd5e784d725cf1643
upgrade/Storage Card/System/Img/M1/fm radio_bmp/fmradio_pulldown_top.bmp,50480,10291dc990fa31aa89a0caaa5f1c29332ea21715072d768b39893c1db2a4f03a
upgrade/Storage Card/System/Img/M1/fm radio_bmp/list_scroll_down.bmp,56552,ac1fb2f80631a221cd2d052c4b350315a122b3c7fe46a5b2fc336aebd83baaf1
upgrade/Storage Card/System/Img/M1/fm radio_bmp/list_scroll_textbg.bmp,7324,1bc811593f5a2783ad91ee82d851a1147c54372afb3e9aff717a1d51387ee9d6
upgrade/Storage Card/System/Img/M1/fm radio_bmp/list_scroll_up.bmp,56724,e8236ce4a43fa06b623123a6cdcedcb33ed256a817df466054c45e2d6a6fe9c5
upgrade/Storage Card/System/Img/M1/fm radio_bmp/preset_nowplay_icon.bmp,12048,3c5752cba8d3b41d0e91a8d5a79ee5b4f08157af51cd1625a0a1ddde30d85df3
upgrade/Storage Card/System/Img/M1/fm radio_bmp/setting_btn.bmp,66732,1332eeba6fb19be4f7da71a67ceaa1a8a9f4f61d59fd9af2a67de391ff273f4a
upgrade/Storage Card/System/Img/M1/fm radio_bmp/setting_dot.bmp,328,6e8fa56a00a6c3fb9bc606ef88e864dfbacfa300795ae4b286478ab53d24dcf5
upgrade/Storage Card/System/Img/M1/fm radio_bmp/setting_left_btn.bmp,34008,03c1dae7a7f402f266dc12f254e1ab8aaaf729e389f14a9f051ce025240d2511
upgrade/Storage Card/System/Img/M1/fm radio_bmp/setting_mid_btn.bmp,33136,49cf14e5f8f6842db1afb8f14b4b449cd9c7cebc2b49c46cb84dd57231510a5a
upgrade/Storage Card/System/Img/M1/fm radio_bmp/setting_right_btn.bmp,33748,139a7079935aa7c366c79fe49c170b4ce7fa1a44e07798b09ba96547c802a2da
upgrade/Storage Card/System/Img/M1/home_bmp/homemenu_dark_btn.bmp,42156,bf47cd804c2ba3e52bc698509aade430ff69ee5abbd5b1726393bfc2098beb11
upgrade/Storage Card/System/Img/M1/home_bmp/homemenu_dark_icon.bmp,6556,7c19649a17cbadfbf69525a26f205520c7db707251110e43d84721fd56680ae6
upgrade/Storage Card/System/Img/M1/home_bmp/homemenu_ecodrive_btn.bmp,118880,c562d7897737e1149439d01a012c903df9db96fbe6ebb726e8cb5ae4c112f6e3
upgrade/Storage Card/System/Img/M1/home_bmp/homemenu_home_icon.bmp,1608,05253f41f241fa1076309fcd200304beb17966409a6067858eae8ddd96af4885
upgrade/Storage Card/System/Img/M1/home_bmp/homemenu_map_btn.bmp,118878,98d7ba78bd04f110f3ffe11d044d2d1bb12b6d6a0792ad368fea1d5f9b7cbf7a
upgrade/Storage Card/System/Img/M1/home_bmp/homemenu_media_btn.bmp,118878,799c0a935b04358f84a6c20a5ddc673362f64fc42b4d41c1e3f9a388949f1a89
upgrade/Storage Card/System/Img/M1/home_bmp/homemenu_mlink_btn.bmp,118878,278e61fe21f06360288a14b1f912566dbf1200f2001e481982e6951e00341929
upgrade/Storage Card/System/Img/M1/home_bmp/homemenu_navi_btn.bmp,118878,9c29b69fcb285c94ab7c9ddedbb8c7f95af7ce71542671b73e18d56bde43f3a7
upgrade/Storage Card/System/Img/M1/home_bmp/homemenu_phone_btn.bmp,118880,d36c520775e0775faddd55f28ab3e87eb8d7e7c4efdd0c12585ce8ce6acf0add
upgrade/Storage Card/System/Img/M1/home_bmp/homemenu_phone_btn_old.bmp,118878,2a298661e90108773036307b4745c11df926ee5e25f2f0ba1f05ab3ef205a5b5
upgrade/Storage Card/System/Img/M1/home_bmp/homemenu_radio_btn.bmp,118878,4ccd0544e578ea9c0c4e2457b9a54d86de4d93f82bda48dd29f087c5a59d0440
upgrade/Storage Card/System/Img/M1/home_bmp/homemenu_setting_btn.bmp,118878,a9185d36d8fcebb1ffc2be80efcab81ec6490993cb90a7af005b9ac9c3934aff
upgrade/Storage Card/System/Img/M1/media_bmp/contents_list_nowplay_icon.bmp,12340,fd0875662753c4473aac6bf020e3ad563b79615ced2fc30f410d78170fcc30bd
upgrade/Storage Card/System/Img/M1/media_bmp/fmradio_pulldown_bot.bmp,50992,d9614b57e6d413f1b0a1fd148e1959114393ef0fbb5e08c26a0aef0047e7789b
upgrade/Storage Card/System/Img/M1/media_bmp/fmradio_pulldown_btn.bmp,51164,a1d7b3a4dad18b4f59b84fa5a283c03e2a711a0bbddae3551498b80664f80e89
upgrade/Storage Card/System/Img/M1/media_bmp/fmradio_pulldown_mid.bmp,50344,e94c77ee72214d3462fcf80f47cceacfa1333307f5bbc3acd5e784d725cf1643
upgrade/Storage Card/System/Img/M1/media_bmp/fmradio_pulldown_top.bmp,50480,10291dc990fa31aa89a0caaa5f1c29332ea21715072d768b39893c1db2a4f03a
upgrade/Storage Card/System/Img/M1/media_bmp/list_scroll_down2.bmp,39760,0e4f1b552ec1b75ff4bc0de10b728a669e66b0f7d32ff2c9950772857acc58f8
upgrade/Storage Card/System/Img/M1/media_bmp/list_scroll_textbg2.bmp,7324,1bc811593f5a2783ad91ee82d851a1147c54372afb3e9aff717a1d51387ee9d6
upgrade/Storage Card/System/Img/M1/media_bmp/list_scroll_up2.bmp,40132,91c4c062a11cc2de17c64987d122d8c57eedd4b03581304aaf59164154d2a2e7
upgrade/Storage Card/System/Img/M1/media_bmp/media_album_case_bg.bmp,58848,20f9258cbcdf648d13734d9cf97c566b53a7545dc53049159872a102da8fe375
upgrade/Storage Card/System/Img/M1/media_bmp/media_album_case_noalbum.bmp,59540,ca3897efb009a31cd95a040f7b8bd23bf1b21d33f36e636fb953c31ec0ffa5f4
upgrade/Storage Card/System/Img/M1/media_bmp/media_control2_ff_btn.bmp,64078,ab61ea0901bc288566749513b914f761fe0707701c2e587d2e98e4fdb2e5f444
upgrade/Storage Card/System/Img/M1/media_bmp/media_control2_play_btn.bmp,127076,02c3f394a0eb77c58896e56bb86e9fd74a229289dead21340c6624572b561a42
upgrade/Storage Card/System/Img/M1/media_bmp/media_control2_playpause_btn.bmp,64076,8e4debfe11e4f54c8ab0fd36c71ca4d1b43cd0ffcb317d33d1fc6d16df91a971
upgrade/Storage Card/System/Img/M1/media_bmp/media_control2_rew_btn.bmp,64076,0ababa7cf0c153d3ad06f457d97bbdba2dad9eabd0a266525e669432caf645ea
upgrade/Storage Card/System/Img/M1/media_bmp/media_control_ff_btn.bmp,46078,5029ac383dbdbe838cf3c1810bf1e77d9f81fda06eb61812484629a13db3d3ac
upgrade/Storage Card/System/Img/M1/media_bmp/media_control_play_btn.bmp,91076,3bb79adf0041ea30ad51b8cc0b9c755c3aabd203c2a40fe90531c6ababf46303
upgrade/Storage Card/System/Img/M1/media_bmp/media_control_playpause_btn.bmp,46076,243d9503398555a84570c0b34d9f2c3cfaa0098b999b26b2b0943b43d6af5e97
upgrade/Storage Card/System/Img/M1/media_bmp/media_control_rew_btn.bmp,46076,65a7ce8c2a8481f6861da0b85d9414fd22ae231dfc0b6ed012e8b44d81901bb9
upgrade/Storage Card/System/Img/M1/media_bmp/media_device_connecting_ani.bmp,89264,557324f6e85964d05118eacbc3cb60aea52df14aed73291e0f3afa3a26c4d868
upgrade/Storage Card/System/Img/M1/media_bmp/media_device_icon.bmp,11616,4849123796c974055e8fec6cdba6600a5db9b1ae2e2d9644d512f75831c192d4
upgrade/Storage Card/System/Img/M1/media_bmp/media_folder_name_bg.bmp,152972,894ef66c259de694f623dc6a5448811651b7f4ea8d03fcf42ccceaaeaf58daab
upgrade/Storage Card/System/Img/M1/media_bmp/media_list_folder_icon.bmp,12360,06b49becdd35bd425240d561179106842771c9e08f5fa2e19260fe30c945ee9d
upgrade/Storage Card/System/Img/M1/media_bmp/media_list_play_icon.bmp,12588,f267f8df3cb5f4472b7ffb1e970055ec46137043b900464f56b5a8f548ddf078
upgrade/Storage Card/System/Img/M1/media_bmp/media_progress_bar.bmp,136,6c7c64b3f84ca1780d47786db562bda81bde134119a0e068a0497c4203338069
upgrade/Storage Card/System/Img/M1/media_bmp/media_upfolder_btn.bmp,29368,88acd6aac4d42975683835149a7ee59ed85f92c6d3414fc7629060ead4b828da
upgrade/Storage Card/System/Img/M1/media_bmp/Progress_w240_bg.bmp,3064,7431470c4d67e6cabaa0e8f9881ce37608f64c7cba80a1941f7b1fce70b43b31
upgrade/Storage Card/System/Img/M1/media_bmp/Progress_w340_bg.bmp,4312,3771d554d276d39a47498582dbc856a60841d328f8f150c615e93b7699e2f7cc
upgrade/Storage Card/System/Img/M1/mgrmcm/clearness.bmp,2644,0e4ef4bd253c420dbeff2e7bac418c528573ac0b53a3ee1bf0fe05ed066caa8c
upgrade/Storage Card/System/Img/M1/mgrmcm/clock_bg.bmp,384312,19b75fd9ffc9decb1cfe2d4913b865ba3e7e69edb977062d2def441e01ba8092
upgrade/Storage Card/System/Img/M1/mgrmcm/clock_font.bmp,52060,3ff9ad293d2e7ed00e2afdcc689a3ff3c0c5a35a99574725e92ac278f7f8e8dd
upgrade/Storage Card/System/Img/M1/mgrmcm/clock_font_AM_PM.bmp,27352,1c353af3ec6bb1cf493259356861f26824fae1114f4bf32dc766abb82cad9212
upgrade/Storage Card/System/Img/M1/mgrmcm/clock_font_colon.bmp,2812,bc9a54db8b146c3734faed479bbd24a51397913c2b0b2787fcadb399639f1fd9
upgrade/Storage Card/System/Img/M1/mgrmcm/ecodrive_blower_bg.bmp,37144,cf16d3da958a78c961f21733e9c3af6d1b565f735056f7bad0376b62ca03b4da
upgrade/Storage Card/System/Img/M1/mgrmcm/ecodrive_blower_icon.bmp,2608,697b9e7d0900fc0d831251cd3135ad94d0c29908894fbdb68fa7e5e227d9e252
upgrade/Storage Card/System/Img/M1/mgrmcm/ecodrive_blower_statusbar.bmp,1728,a40805914689a6d77393deca467d80169d9ce151f594f2572ae27214786fd493
upgrade/Storage Card/System/Img/M1/mgrmcm/Flow Distribution_1.bmp,2620,94465b28bb4a6258b421b2c3a73af4fa9b06ba83d0e44a61c357b5122eb34a06
upgrade/Storage Card/System/Img/M1/mgrmcm/Flow Distribution_2.bmp,2624,9d998898f4e8e6aa91decabef13110f455af35b86e0b9650b2960d97f5b522e3
upgrade/Storage Card/System/Img/M1/mgrmcm/Flow Distribution_3.bmp,2632,719d6d1f3d428e51a9527e4283f2de2dbfc3a47d5d3d4b682153d843819d55a8
upgrade/Storage Card/System/Img/M1/mgrmcm/Flow Distribution_4.bmp,2624,ecba2c14a39de711efb28462409f6405e004d362c9e9cefe980bb3688039d800
upgrade/Storage Card/System/Img/M1/mgrmcm/Flow Distribution_5.bmp,2656,5f92f906808ad70ba7149c0448caad17535b4c290240dc951cbd2a16e7f0159b
upgrade/Storage Card/System/Img/M1/mgrmcm/Flow Distribution_6.bmp,2648,0316ecc165b8c520bcb1afd3e94e3408b54405f0c947059086becf1c928f1942
upgrade/Storage Card/System/Img/M1/mgrmcm/Flow Distribution_7.bmp,2660,c03d5103a88cfcf26642359961cf24befdc8ee5a9ae419da3c3201fd969551d3
upgrade/Storage Card/System/Img/M1/mgrmcm/Forced_Recycling.bmp,2652,e326aff416355c4b217043a30645c22e12ac5a80b8a0395061d992b95e35caa9
upgrade/Storage Card/System/Img/M1/mgrmcm/homemenu_temperature_c_icon.bmp,1212,09ca648fe7ee62ad691f1700000af97b8c33ff3b1251b7a3fbba6672e498256a
upgrade/Storage Card/System/Img/M1/mgrmcm/homemenu_temperature_f_icon.bmp,1152,05078afe3b30fbe8848739af3c1f43e308f5d9ea01bd878e50236d2bafc5db6f
upgrade/Storage Card/System/Img/M1/mgrmcm/Rear_Defrost.bmp,2632,ca0abd6749dfd1e223e1e893cd75caadc6a82218489a68daa062973d0960c139
upgrade/Storage Card/System/Img/M1/mgrmcm/TEPM.BMP,2600,6157229971daa2292b3080a760c74e8ee045fa306c1dc5136226e599259d6d13
upgrade/Storage Card/System/Img/M1/mgrmcm/volume_bar.bmp,928,f4085de93f0efcd3fad06a0d5263968675532845ccf598662efec9356032c7b4
upgrade/Storage Card/System/Img/M1/mgrmcm/volume_bg.bmp,37188,a947fb38f033e8d70657c498094cace20ccf502dbff7258c79339cecb79431ce
upgrade/Storage Card/System/Img/M1/mgrmcm/volume_icon.bmp,2656,c73e094ef28cdf8191b82070e581e45392c75235d34838c40f14c0880f3a69ea
upgrade/Storage Card/System/Img/M1/mgrmcm/volume_icon_call.bmp,2724,6559bdf77bc2f19cf0ae706c206a67671af64eb8824ea44f05c2fd8096373110
upgrade/Storage Card/System/Img/M1/mgrmcm/volume_icon_main.bmp,2880,f68e3807f4fa26a87cdf774e93006ff033c38c79c87f2d8c83becf59d94a5f42
upgrade/Storage Card/System/Img/M1/mgrmcm/volume_icon_navi prompt.bmp,2920,6b854dbac55a58975c47cb9d9f01e90f2933187b792f7351bf4d3a1bfd89f7c4
upgrade/Storage Card/System/Img/M1/mgrmcm/volume_icon_navi prompt_ch.bmp,2920,539b309a00953d8533a6d64a89649b7486db93021d213102d23ff579820c81e6
upgrade/Storage Card/System/Img/M1/mgrmcm/volume_icon_ring.bmp,2788,e65dbb6eb08bb5566f496e267b34f3d60c09f1f739f951a52c7804ab80edf358
"upgrade/Storage Card/System/Img/M1/mgrmcm/volume_icon_ta,news,alarm.bmp",2804,0811e5fbf3190043e67b48b5b629cf365be47021307b8dc7dd52792ccee33b3f
upgrade/Storage Card/System/Img/M1/Phone_bmp/content_list_line.bmp,908,de940f8b21a917b7e60fdaf82ff91206e6a0626b9fc419fbe51f3473b8d1079f
upgrade/Storage Card/System/Img/M1/Phone_bmp/contents_list.bmp,200060,96b55108770f52b336e8cf5a133bb7654d010437a3b91cce9db4fa98a72ca207
upgrade/Storage Card/System/Img/M1/Phone_bmp/keyboard_btn.bmp,23740,dd3e5859c082b02e9be43d8dd23f2e7b696677049a484846495e44d485b867d0
upgrade/Storage Card/System/Img/M1/Phone_bmp/keyboard_btn_rus.bmp,19152,9412c59daf5c08ee8ad98c8d2068182d10b78b2d8ffc670e1858c5d610e6f728
upgrade/Storage Card/System/Img/M1/Phone_bmp/keyboard_minipopup.bmp,9548,d63c89e34e0290e8429023102a8f8f366a4f02a49ea3a514f6f1afa7f8e16bdd
upgrade/Storage Card/System/Img/M1/Phone_bmp/keyboard_space1_btn.bmp,23528,3479a866c0d99774faa40747ef6e7f984e3b8b5f53ff0d6388c4a5c661d9386c
upgrade/Storage Card/System/Img/M1/Phone_bmp/keyboard_space2_btn.bmp,46808,e63d4186b7d180d94acc753aab612e81a24ad61f826bd648fc5aa47a0af217b2
upgrade/Storage Card/System/Img/M1/Phone_bmp/keyboard_space3_btn.bmp,70200,ce1a90b10cdb55411a8323a9bb259663f6540f8f44c4bc65b2a0acabb0344552
upgrade/Storage Card/System/Img/M1/Phone_bmp/keyboard_space3_btn_rus.bmp,57812,ad2fa849d4dcd584c077f38dc9e8c1769e62e04e7fcd91e22eb933f4962c3d40
upgrade/Storage Card/System/Img/M1/Phone_bmp/keyboard_space4_btn.bmp,93616,5526783b4c0d9fd4f7e343f3655a0640c97808d85088c97e813e625ebc73cb5e
upgrade/Storage Card/System/Img/M1/Phone_bmp/keyboard_space5_btn.bmp,117160,2036cbee2a2dfbf994ec58c7d79b0d050c5028d20008b60d732f6a3d17531fb9
upgrade/Storage Card/System/Img/M1/Phone_bmp/keyboard_space6_btn.bmp,140440,8932934203204e829f3a7b84e8e30d0b80acf5ef421e2b5dea4a132ba3a0522e
upgrade/Storage Card/System/Img/M1/Phone_bmp/keyboard_space7_btn.bmp,163856,0282b56886e0a364b9235f450aa6a849d86ec15f03dee02974f9ff2a45f93cc0
upgrade/Storage Card/System/Img/M1/Phone_bmp/keyboard_space_btn.bmp,70200,ce1a90b10cdb55411a8323a9bb259663f6540f8f44c4bc65b2a0acabb0344552
upgrade/Storage Card/System/Img/M1/Phone_bmp/list_icon_home.bmp,5896,8a9ce3bd7300f4669c2d2b321a36c746fe221d050c84f3a08a2ae9c829286e9b
upgrade/Storage Card/System/Img/M1/Phone_bmp/list_icon_mobile.bmp,5684,91fca3f1574251a90d862ca7956e4a5bbfc38183bd5b56b4a47af3112bf22a87
upgrade/Storage Card/System/Img/M1/Phone_bmp/list_icon_office.bmp,5816,26e3d97ebc0317a0792cf1842de6264e368610e48e140f38d62c495bdc911771
upgrade/Storage Card/System/Img/M1/Phone_bmp/list_scroll_down.bmp,56552,ac1fb2f80631a221cd2d052c4b350315a122b3c7fe46a5b2fc336aebd83baaf1
upgrade/Storage Card/System/Img/M1/Phone_bmp/list_scroll_textbg.bmp,7324,1bc811593f5a2783ad91ee82d851a1147c54372afb3e9aff717a1d51387ee9d6
upgrade/Storage Card/System/Img/M1/Phone_bmp/list_scroll_up.bmp,56724,e8236ce4a43fa06b623123a6cdcedcb33ed256a817df466054c45e2d6a6fe9c5
upgrade/Storage Card/System/Img/M1/Phone_bmp/phone_dial_area.bmp,79236,c70c71dfe0ed9558157d1a422e6b4d7256a9ddc6052aaf655e9885a32efa4a6c
upgrade/Storage Card/System/Img/M1/Phone_bmp/phone_dial_btn_back.bmp,37048,9c66b4538416b4cd9e6beeb40c051dd47ba4a8111208543628b837d9fb019251
upgrade/Storage Card/System/Img/M1/Phone_bmp/phone_dial_btn_call.bmp,118508,0ac73aa4931a911191936ae3bc563a748693c8213bc1bb086476412cde975d21
upgrade/Storage Card/System/Img/M1/Phone_bmp/phone_dial_btn_num_0.bmp,26712,dad51da1344f04d5818456dd434447b965fa6d8c88f7d0e6df12931bc50de7f1
upgrade/Storage Card/System/Img/M1/Phone_bmp/phone_dial_btn_num_1.bmp,26892,1f6cb85b2681bf9f2a082ef0299f2049460320de09c820d2acecb426cffa821f
upgrade/Storage Card/System/Img/M1/Phone_bmp/phone_dial_btn_num_2.bmp,26672,42c74c8f57a88f7b6ab279b50f27159c235f884510066ed6548999441118b45f
upgrade/Storage Card/System/Img/M1/Phone_bmp/phone_dial_btn_num_3.bmp,26724,53f5102068bffb3d16118ed3db73fa9bc3ba67df3971f5e554022de0c993632e
upgrade/Storage Card/System/Img/M1/Phone_bmp/phone_dial_btn_num_4.bmp,26676,b004216479541e7634b698b93616c0b17db4c8641d3074bf979ce4d3bed4e2e7
upgrade/Storage Card/System/Img/M1/Phone_bmp/phone_dial_btn_num_5.bmp,26672,6386be23c3d68f7fbe33350d5c89e6cf1dafdef67ff7c39b76d14b770b352001
upgrade/Storage Card/System/Img/M1/Phone_bmp/phone_dial_btn_num_6.bmp,26656,44aeffba51ff6284a1849ff95623766d11af0445751ca8cea22ef15b83227a05
upgrade/Storage Card/System/Img/M1/Phone_bmp/phone_dial_btn_num_7.bmp,26684,c03475ddd35c837ead7f1c60df50b3a66166e20ca75d0bf0b650223c57b66d2f
upgrade/Storage Card/System/Img/M1/Phone_bmp/phone_dial_btn_num_8.bmp,26688,3ebf4c3935ea885a45af09dc15f379d970fdbcdf387b2a1e1b8adc118f38942c
upgrade/Storage Card/System/Img/M1/Phone_bmp/phone_dial_btn_num_9.bmp,26700,d88bbff282f664f2e8702f1a22e8fc1ef9d493b9338c520aaa5c9e2d1ac5caf9
upgrade/Storage Card/System/Img/M1/Phone_bmp/phone_dial_btn_num_sharp.bmp,26692,35204574304655e1b2e553e864ea088f097b5a1d664a7d76da53320c914e84ae
upgrade/Storage Card/System/Img/M1/Phone_bmp/phone_dial_btn_num_star.bmp,26800,52b1966a0a1a7cbe132e786f8d2047760fe454df1f47711691ba74612f110cb8
upgrade/Storage Card/System/Img/M1/Phone_bmp/phone_icon_incoming_call.bmp,8752,f1aee37ecb074bce05dac63c1d0c03219381ce27108cc0e8e6ea1ffd5588026d
upgrade/Storage Card/System/Img/M1/Phone_bmp/phone_icon_missed_call.bmp,8676,8113723e45f5f4fc7e61bcd20c19e3a3d504ba1e7251cf7cc5c10c39555cb2d3
upgrade/Storage Card/System/Img/M1/Phone_bmp/phone_icon_outgoing_call.bmp,8676,0a6117cd65aa4d8c57f48ddfd661b125eaaa5b75c71d6e239d1da3783d3ce8ea
upgrade/Storage Card/System/Img/M1/Phone_bmp/phone_pulldown_bot.bmp,93368,b00964b338692b69e3514452aca550acc0fb52fac36553fd80a7e09c4faec20f
upgrade/Storage Card/System/Img/M1/Phone_bmp/phone_pulldown_btn.bmp,93504,49817e697d6a1a991ef63916625f8a7e2e38a6c8f3c7b027788aee63cc3930cf
upgrade/Storage Card/System/Img/M1/Phone_bmp/phone_pulldown_mid.bmp,92204,57c049f5e115eaacda22e9b26b75dcfa4c55d6572f6b3096aa3abdc59061a467
upgrade/Storage Card/System/Img/M1/Phone_bmp/phone_pulldown_top.bmp,92300,5212707a454af175bbe5d59d25442dea2764425e758f2d4ee3646118ff8c5632
upgrade/Storage Card/System/Img/M1/Phone_bmp/search_btn_back.bmp,37640,27540f3f8ecf2b049d9f5eda00a49e383b9d7de88ef72200b15bae9936d3d1ec
upgrade/Storage Card/System/Img/M1/Phone_bmp/search_popup_list_bg_bot.bmp,188616,892c3aac054b39e8afb708a201a3ea50790a851bbcfe99834737b3497956f9ef
upgrade/Storage Card/System/Img/M1/Phone_bmp/search_popup_list_bg_mid.bmp,179296,d7c834c4883ec7cc6cbdef4f099c6d31e1dab5ed9fc704c7134a028ac3ae7c4b
upgrade/Storage Card/System/Img/M1/Phone_bmp/search_popup_list_bg_top.bmp,200644,6e795aeaa7f9a36fc48521bb8efa494824592ef03a9b5db0c9485c9bf8b9713a
upgrade/Storage Card/System/Img/M1/Phone_bmp/search_popup_scroll_down.bmp,44292,58c3a9890066f419be0b12b43b5d3265c03bbacb5b94188c7ab3d7a900f31538
upgrade/Storage Card/System/Img/M1/Phone_bmp/search_popup_scroll_textbg.bmp,8068,c216ac2d8b288cc37c7eac302e213c6a05831edf007eac901e5b93e705071b15
upgrade/Storage Card/System/Img/M1/Phone_bmp/search_popup_scroll_up.bmp,44604,2e201f1009b05515cb3b0b826b09e1d55eb9e8806b3c72005bbd44efd5ca2fb7
upgrade/Storage Card/System/Img/M1/Phone_bmp/search_results_bg.bmp,181024,a45904da44e4d20462947e75a9cc60ba61cf3a43a860a92dd4ac6ae5baeff530
upgrade/Storage Card/System/Img/M1/Phone_bmp/search_results_eco_bg.bmp,180960,0ce76a794977eedd84f63b0400b21e62a43e091853b481e82c3daf4ba1ebc84d
upgrade/Storage Card/System/Img/M1/Phone_bmp/search_results_listdown.bmp,67420,76216eb52e81680f7c68ba4f16ab73c5651ca474c00fc9f022eda456055a5d1d
upgrade/Storage Card/System/Img/M1/Phone_bmp/search_type_bg.bmp,53616,b056dd4ff596d03869c2ec48261a4d9ca38800a0707da77a40c653bb7aa4393e
upgrade/Storage Card/System/Img/M1/popup_bmp/list_icon_home_n.bmp,1728,0e71d3cea6bbe1617a317229438bc8087d0839c04585795e408d9768b3a6d7ad
upgrade/Storage Card/System/Img/M1/popup_bmp/list_icon_mobile_n.bmp,1680,1073e40f2724e252005ab29f8f1484ffd3e1db7e433047b980a4e3add196929b
upgrade/Storage Card/System/Img/M1/popup_bmp/list_icon_office_n.bmp,1704,3df0eaa5cd0fa21aca08ee1c61f71ace4761d6650a1c74b7623cd5409cb86e39
upgrade/Storage Card/System/Img/M1/popup_bmp/list_scroll_down.bmp,35360,09c714e1cde2e4e166bdf19e29fe2a4874d63083dcd303562d6f6c55754d6867
upgrade/Storage Card/System/Img/M1/popup_bmp/list_scroll_down2.bmp,39760,0e4f1b552ec1b75ff4bc0de10b728a669e66b0f7d32ff2c9950772857acc58f8
upgrade/Storage Card/System/Img/M1/popup_bmp/list_scroll_textbg3.bmp,9468,7e19592e37bacb35ac8bcdf32bb56c2245cceec4039ae6291149cfd9dceda5b9
upgrade/Storage Card/System/Img/M1/popup_bmp/list_scroll_up.bmp,35352,56b053ab7d6cacf7ad8617000cc4be94805400d61b4d8a0c92724c3dce6cc877
upgrade/Storage Card/System/Img/M1/popup_bmp/list_scroll_up2.bmp,40132,91c4c062a11cc2de17c64987d122d8c57eedd4b03581304aaf59164154d2a2e7
upgrade/Storage Card/System/Img/M1/popup_bmp/popup_confirm2_btn.bmp,58496,dd354c1892d42a8c1efa10acbe35d41fcc9cd8bccc69ff18fced6f4913e20a58
upgrade/Storage Card/System/Img/M1/popup_bmp/popup_confirm_btn.bmp,66664,935aa86abf3044920dd73b719dfc231bf15262850ccfba2e076ad45028d678f4
upgrade/Storage Card/System/Img/M1/popup_bmp/popup_dailbox_bg.bmp,179880,a8076fe03a714ff02c1f91e46832da33a156429981cf86258c120a01dc049a87
upgrade/Storage Card/System/Img/M1/popup_bmp/popup_list_bg.bmp,227964,31d9c82daad9c8c93fa1dbb58d97c2bc0fcae58953b9267ec3b96e752791445a
upgrade/Storage Card/System/Img/M1/popup_bmp/popup_list_bg_bot.bmp,54076,f8b78777024202fdea9078b89d4f219f44bc646b1e1dda49468d7ee75b2a9c92
upgrade/Storage Card/System/Img/M1/popup_bmp/popup_list_bg_mid.bmp,178116,8c58718c3da87f95afbbb69596f5f549b39b01b2d7f83a542c3083b739ee21d7
upgrade/Storage Card/System/Img/M1/popup_bmp/popup_list_bg_titletop.bmp,44076,828da6d067aafdc11e007855e581665b4308eaf55bad057f4f8c04d1ef11f8c8
upgrade/Storage Card/System/Img/M1/popup_bmp/popup_list_bg_top.bmp,180448,e45ab6756d146fe54684e01034e8759b53becc6a3d5196ef98fd38f8f4e9f512
upgrade/Storage Card/System/Img/M1/popup_bmp/popup_searchdevice_btn.bmp,126920,bb81092b67f9e7a6e7d62198544d92b829f117823f92a7e6bcfa9e5af0191ad4
upgrade/Storage Card/System/Img/M1/popup_bmp/popup_text_bg.bmp,179868,6a9238ad535b5743ff232b7d4efd4c2e2aacfce7b299775196daa141b31c7f72
upgrade/Storage Card/System/Img/M1/popup_bmp/popup_update_gage.bmp,1844,e5cca4796e6ea10d85aaeb9b76a5bd2fb9b45a8dce1e0f6f267d159396077d2c
upgrade/Storage Card/System/Img/M1/rvc/camera_brightness_icon.bmp,1876,b8706fed7e32bef0da3415d23bf29c62523ae0679fea36962da6f6f18a5f4ae5
upgrade/Storage Card/System/Img/M1/rvc/camera_btn_bg.bmp,96064,c7eb9c4637e43b0d85f60a6cd7014caa2db01c305de789cc0264aef839418791
upgrade/Storage Card/System/Img/M1/rvc/camera_contrast_icon.bmp,1464,1eb400821e398eab4edef4568a29aa3e6aae3b03164031d2950d506a7d4c13b1
upgrade/Storage Card/System/Img/M1/rvc/camera_display_bar.bmp,564,22deadf1a3e8587eda9c2823647a5ecd9d23ffc868ae6fd8d1818d2a9648f230
upgrade/Storage Card/System/Img/M1/rvc/camera_dot.bmp,160,3b66d5b0d48913faeeb2e8fdd196a5e1b405b41cc2406304338b18146aeb084a
upgrade/Storage Card/System/Img/M1/rvc/camera_guideline.bmp,152036,c3186c79f368165a7d61b676b305fd82a5ab803c7eae1af8322a86a46522d2c2
upgrade/Storage Card/System/Img/M1/rvc/camera_icon.bmp,1372,2bc4e3f6a7610f58387b614d835758f4eb52a91d703730dd89fe80c9480421b7
upgrade/Storage Card/System/Img/M1/rvc/camera_left_btn.bmp,25964,037ca46bfb7f3d8b770c26089b3dbbfb7826369039fcbdc5cc63416ffdd14677
upgrade/Storage Card/System/Img/M1/rvc/camera_minus_btn.bmp,24420,cd6fca96855eef79d7f0e52d560db3383def53c06067cd108125c1ef458ecdd3
upgrade/Storage Card/System/Img/M1/rvc/camera_plus_btn.bmp,24604,b9fd8c8f3b867266aa75dba880ac89572adf13d39ab58b852e3dbf4c7edcdaf4
upgrade/Storage Card/System/Img/M1/rvc/camera_right_btn.bmp,25408,b79dff5176b4eb3a3e1c35ebecb0c0ffd9df7c84f4d42331b11a6b343f4fc4a5
upgrade/Storage Card/System/Img/M1/rvc/camera_text_bg.bmp,36304,1242f6e8437d19698b5e64fe6b12e1587b6e97a3d330f45e48037fb0cabee3f4
upgrade/Storage Card/System/Img/M1/rvc/setting_line.bmp,780,4d1f0ef9d03aaf8973da5f12f4e0bbfae7865c01137481af94f76e26a7afd91d
upgrade/Storage Card/System/Img/M1/setting_bmp/checkbox_icon.bmp,11980,42f962544120fddee1638f9bb650858091260d0bd4f102fd8466eed8670a9693
upgrade/Storage Card/System/Img/M1/setting_bmp/list_flag_Arabic.bmp,3764,05e5a3a9391d8c36bd50c53cfc647f07f9b3f9d1d475ebd9125e504788bb9821
upgrade/Storage Card/System/Img/M1/setting_bmp/list_flag_Australia.bmp,3768,6e85aeee022f05dc283376502b1d0f27aa0e23118090c54737b29c358dd9ef35
upgrade/Storage Card/System/Img/M1/setting_bmp/list_flag_Brazil.bmp,3768,ae711203bedf84a8485148649c54e5c1cee6cf0efc6a6bdb7519c444c1f2a51a
upgrade/Storage Card/System/Img/M1/setting_bmp/list_flag_Bulgaria.bmp,3768,6d2346ed14396b5345f41207e8b8147c10cc7311bcf3134487964655914934c9
upgrade/Storage Card/System/Img/M1/setting_bmp/list_flag_Croatia.bmp,3768,f2a0471f0412793916b6baf35d86be9a0ef5efb9d28b7d592fb167f0cc19432d
upgrade/Storage Card/System/Img/M1/setting_bmp/list_flag_Czech Republic.bmp,3768,c2c49814da6a28bdaa720fd92a562b6d2d2b7d19332c04bcc05a583af8753370
upgrade/Storage Card/System/Img/M1/setting_bmp/list_flag_Denmark.bmp,3768,e546775ea75cd895e7dca4a260a35f90ed2ec6dfa0ea102d2a72888338dcea5d
upgrade/Storage Card/System/Img/M1/setting_bmp/list_flag_Finland.bmp,3764,bec58393d2c511cb2327c7b6f0f7bd450fd8a046b926c149751b5b56fa4c0a6c
upgrade/Storage Card/System/Img/M1/setting_bmp/list_flag_France.bmp,3768,a39c89baef6001b8ddf6208844540b648f817e24e080d85c88009e3db18d09ce
upgrade/Storage Card/System/Img/M1/setting_bmp/list_flag_Germany.bmp,3768,ffbaf476c8cc61121850ea21d9826fd93f5b39e7682431107159036c4822ecac
upgrade/Storage Card/System/Img/M1/setting_bmp/list_flag_Greece.bmp,3768,3ad969baa5945e1b145ac756bbcc1f928b987648c9013152ed1b038ab493ca91
upgrade/Storage Card/System/Img/M1/setting_bmp/list_flag_Hungary.bmp,3768,7b20152f1d3fdd925fca854c14d9d10d34c63831b8245698f78eb5fbf354f446
upgrade/Storage Card/System/Img/M1/setting_bmp/list_flag_Israel.bmp,3768,1edf27558f1ba071f8c23471a4aed2d48ea8c620224a81c0bb555ba43460eb90
upgrade/Storage Card/System/Img/M1/setting_bmp/list_flag_Italy.bmp,3768,c406165c7c2287e80e30dbe533cf90b125d74eda9d12b733ebf25b51346988fb
upgrade/Storage Card/System/Img/M1/setting_bmp/list_flag_japan.bmp,3764,67f85812e9cc2eef967f195d90de19da2f4ce5355d7ecd76968a0de3bd05ce4f
upgrade/Storage Card/System/Img/M1/setting_bmp/list_flag_Netherlands.bmp,3768,1a6f0a5949da776eb9fc0234f081b8694665b92719a07dfe39c8cbda16c233df
upgrade/Storage Card/System/Img/M1/setting_bmp/list_flag_Norway.bmp,3768,5bff0074151ca9ba1f9b4fb40afe80a42ff54f559e50227b6afaa657a48af6f7
upgrade/Storage Card/System/Img/M1/setting_bmp/list_flag_Poland.bmp,3744,a944fadb96e66c91e62947672d0f83c84aae5ba570fcafe0802d7129a27f135c
upgrade/Storage Card/System/Img/M1/setting_bmp/list_flag_Portugal.bmp,3768,0a9e63292e5a964d94e38b909bbac36f95966861a9dee9641b9179c010431960
upgrade/Storage Card/System/Img/M1/setting_bmp/list_flag_Romania.bmp,3768,a635b9ac5314e74e57477e912baf159e16d7fa4f09ceee0f1351f6278a829e02
upgrade/Storage Card/System/Img/M1/setting_bmp/list_flag_Russian Federation.bmp,3592,67e76ffa1e9230adb627a800ad147c758a3d1ec778cda80f9bcf07be767951ce
upgrade/Storage Card/System/Img/M1/setting_bmp/list_flag_Serbia.bmp,3768,f9c34ab79550391d667c2ad998c4afd382cd20d9bd1651db3270910320f9c3a2
upgrade/Storage Card/System/Img/M1/setting_bmp/list_flag_Slovakia.bmp,3768,5b83be691d04d3733aad0c6badfd700a6d5e9974d26450de14842950ffa786f9
upgrade/Storage Card/System/Img/M1/setting_bmp/list_flag_Slovenia.bmp,3768,5eb607ca4dead5b8aa054e80c61731d826d5995fdfd47e1c221eb8cf3ec3605b
upgrade/Storage Card/System/Img/M1/setting_bmp/list_flag_Spain.bmp,3768,853d2403774acb6c097b7d43ee1eb9bf5162573a6964d6bfc42e3cf86ae56ea1
upgrade/Storage Card/System/Img/M1/setting_bmp/list_flag_Sweden.bmp,3768,6fe19b150561326b8dbca3f3ccd7e9b3cbced357fa504d4a294574a67ec66c1c
upgrade/Storage Card/System/Img/M1/setting_bmp/list_flag_Turkey.bmp,3768,fc4d89f247ec77c14927be221e1ce9d164a251d5f3ed404ecf241fc8dd292c9a
upgrade/Storage Card/System/Img/M1/setting_bmp/list_flag_Ukraine.bmp,3768,1bca4a3ce413a8e35d0332bece9cce42be5fe6082c261c09b603727d637f8096
upgrade/Storage Card/System/Img/M1/setting_bmp/list_flag_United Kingdom.bmp,3768,21aa6a12d7281f4e76b2bf9b27f8884f3a210b0a689d3c25ad172147f1678b95
upgrade/Storage Card/System/Img/M1/setting_bmp/list_icon_mobile.bmp,5496,8a652ebd6c109ccab4e891a199b3404ecf5cd967c71ec97991058817af76e19f
upgrade/Storage Card/System/Img/M1/setting_bmp/list_icon_music.bmp,5492,a396d2bdfbd7d18dcc89c12585296cd6106f9fcb232999049a621be81859acf7
upgrade/Storage Card/System/Img/M1/setting_bmp/list_scroll_down.bmp,56552,ac1fb2f80631a221cd2d052c4b350315a122b3c7fe46a5b2fc336aebd83baaf1
upgrade/Storage Card/System/Img/M1/setting_bmp/list_scroll_textbg.bmp,7324,1bc811593f5a2783ad91ee82d851a1147c54372afb3e9aff717a1d51387ee9d6
upgrade/Storage Card/System/Img/M1/setting_bmp/list_scroll_up.bmp,56724,e8236ce4a43fa06b623123a6cdcedcb33ed256a817df466054c45e2d6a6fe9c5
upgrade/Storage Card/System/Img/M1/setting_bmp/setting2_left_btn.bmp,25580,cd799cc5990ea52df40248bbffccc4fdb4acec8ec20c2626acb2cef6b36a2947
upgrade/Storage Card/System/Img/M1/setting_bmp/setting2_mid_btn.bmp,25000,6e582ce93db18f8a71ba7b573aad2c13169c971153ac57802e0e6fa5bd2cdf84
upgrade/Storage Card/System/Img/M1/setting_bmp/setting2_right_btn.bmp,25292,84e8c2dd33e35860a6a35970aba8f1cee3f9a0b686046da9edc906f54a0f7ba1
upgrade/Storage Card/System/Img/M1/setting_bmp/setting_delete_btn.bmp,34044,e635ab84040dcbc26ab341449a2098062a205ccacd7e5e7b7b2624e18c19daa7
upgrade/Storage Card/System/Img/M1/setting_bmp/setting_direction_bar_land.bmp,1932,ccfa2382c1f6b136fd6e2479e7785e71107418e4073e764e5d08c2ab3c5201c6
upgrade/Storage Card/System/Img/M1/setting_bmp/setting_direction_bar_port.bmp,2084,1bafea47ad5bb826ec26717de46ce02e665c8510f1f293d60dd2c4068afe0b9f
upgrade/Storage Card/System/Img/M1/setting_bmp/setting_direction_center_btn.bmp,17528,5c1f2e6a12947c6ec0499e5a5bdb4dc67a4be90601c3231746993a741d795911
upgrade/Storage Card/System/Img/M1/setting_bmp/setting_direction_down_btn.bmp,17512,38544652ba99ef9d652955e145ed34a603698e0ae5a5b62ab6d6480c6385d2dc
upgrade/Storage Card/System/Img/M1/setting_bmp/setting_direction_image.bmp,83036,c7df9ff31b639de4b8fe6574c83d322268989910d08309c2f622421b243848cd
upgrade/Storage Card/System/Img/M1/setting_bmp/setting_direction_left_btn.bmp,17496,a55e97673dca35f3286a6ba4675abf7869b7f291ae883aeba9854e57bcd755dd
upgrade/Storage Card/System/Img/M1/setting_bmp/setting_direction_point.bmp,1184,ed16f7bd287a22dee7d7c158abaf68769ad8f616071762cb940a1e5abf272439
upgrade/Storage Card/System/Img/M1/setting_bmp/setting_direction_right_btn.bmp,17520,ff1cdd4606e1553e240e41c4ae42ef195ee95e15cf8986c60bc93b27f5dc2f13
upgrade/Storage Card/System/Img/M1/setting_bmp/setting_direction_up_btn.bmp,17516,d7d701c75de0a7bb87c18c987605827a9391317498f94bc140f946658f317b31
upgrade/Storage Card/System/Img/M1/setting_bmp/setting_dot.bmp,308,0db6f13dcaca965bf6eef78f2a30d71fd1504a78314e44e7237d0780c5e335e1
upgrade/Storage Card/System/Img/M1/setting_bmp/setting_left_btn.bmp,34036,50f9a00b876b481c0fcd4631e8abcaca657824f2af49e1b8540972e6cbd4633f
upgrade/Storage Card/System/Img/M1/setting_bmp/setting_mid_btn.bmp,33116,7366b8c3af44c3b232325033c79f940e3bfebc9fe5bc08078d69892b000b8d2e
upgrade/Storage Card/System/Img/M1/setting_bmp/setting_option_btn.bmp,34028,4620a5f43cc07a18bb5e3e77c6ef9f0463600696318d0796f1ef533c7d6e7a74
upgrade/Storage Card/System/Img/M1/setting_bmp/setting_right_btn.bmp,33512,03d3c6e216c3b17683a6af4d0677b5fde28832474f1f9c46f4e89ff8c9c9bbed
upgrade/Storage Card/System/Img/M1/setting_bmp/setting_surround_bar.bmp,1028,607125c6a52a075cb7644751446f282537488c41e850e51d210d52f32525a754
upgrade/Storage Card/System/Img/M1/setting_bmp/setting_surround_bar_off.bmp,528,4e32ff39e034727e8f252c733893e0a2671ff456459f6f60df1883c38a436aa1
upgrade/Storage Card/System/Img/M1/setting_bmp/setting_surround_bar_on.bmp,732,0114cc53c9aec04404d0630ce3e736cdba87b5d252fbba5e8dfd99234264128f
upgrade/Storage Card/System/Img/M1/setting_bmp/setting_surround_center_btn.bmp,17808,9ee93878d194f206f2df2d45012503f8e85ff34d455ce43e32a2d9df8ef26cc9
upgrade/Storage Card/System/Img/M1/setting_bmp/setting_surround_left_btn.bmp,18276,c3a7b361e5c03ae41c815b132e48e5a5574a0ce431cb57e178b307622cb6482b
upgrade/Storage Card/System/Img/M1/setting_bmp/setting_surround_right_btn.bmp,18280,e44812ca947448c26527e6b594db83df960433ac7e961822e0d8f3211882b051
upgrade/Storage Card/System/Img/M1/setting_bmp/setting_temp_celsius.bmp,34120,29f5cedeb955fe3f952e2180de4aac83b92e58d1e638b0c76c2ebbed52e54d56
upgrade/Storage Card/System/Img/M1/setting_bmp/setting_temp_farenheit.bmp,33440,63b3dc2adbf215089bfaa638c12b788c81741bed26ed8a3cb5389465b62f2d67
upgrade/Storage Card/System/Img/M1/setting_bmp/setting_volume_bar.bmp,996,03209d3575561d3df455eec622ecd7ca749533ddb44264f37212f54a3371cc16
upgrade/Storage Card/System/Img/M1/setting_bmp/setting_volume_gage.bmp,20932,de8a25fea7ab4bdeb61b055fdad9639911e7fc70b64fea1adfefd6187a5e2568
upgrade/Storage Card/System/Img/M1/setting_bmp/setting_volume_left_btn.bmp,19044,83a7251c9783941794b847f06048004dc9498ea220ebca5193c5148f689801c5
upgrade/Storage Card/System/Img/M1/setting_bmp/setting_volume_right_btn.bmp,19052,4e90ba6c5b6ebed61cb698b9bf76309bf38566836c07d7ea50c57fc536bf1602
upgrade/Storage Card/System/Img/M1/test_button.bmp,26040,479b3c3820fe2d4b9bd96728c34cfb1dc1410e15164092beeeffc174d0ce8948
upgrade/Storage Card/System/Img/RVC/B98/0.png,31721,4a4e4e0fbc5ccbfff878b0f7a2255f814b41004da587b400a0f8f54f5395d402
upgrade/Storage Card/System/Img/RVC/B98/1.png,32263,ca9ce7c5c5ae3d02276d808c96de5055ea270a58cef34454bdcc80204352a867
upgrade/Storage Card/System/Img/RVC/B98/10.png,31580,777a0797b22a82887a144de73984e021414bdc3b9b8a6831bd322af5a6380160
upgrade/Storage Card/System/Img/RVC/B98/11.png,31480,867f5b90d0f435ba2d53d31da8457791ebcf0a058d5e733e5bc0bfcf6fe45701
upgrade/Storage Card/System/Img/RVC/B98/12.png,31427,07b9a022f6e7f0eaea75d0aea5b2de182608a5414b3e86c5a583e62417bfdd1c
upgrade/Storage Card/System/Img/RVC/B98/13.png,31371,62823bf50e03f6b474237e73eb51f2a10ca24507013b3c2875c7fe54d2a8bb6f
upgrade/Storage Card/System/Img/RVC/B98/14.png,31190,0727b564a15edf9af3fa10fa12c0c88e554a12701ee6cb1df10f42014532f81c
upgrade/Storage Card/System/Img/RVC/B98/15.png,31150,95f4835bc09439ebe6f0d77adbcae811ff15ce90d432efb37607cb4e47939191
upgrade/Storage Card/System/Img/RVC/B98/16.png,31198,206bb3d61a833bf9db5f47be221e307f492f3b9c7a1d6205d7a7642a18ecfe31
upgrade/Storage Card/System/Img/RVC/B98/17.png,31190,e200e854b0cbb61f07ecd5cc17da885bc2accfbc3394f812cd4ca0b793e2b431
upgrade/Storage Card/System/Img/RVC/B98/18.png,31216,c585849ab0d97e7839b65e24f53dad894770fc2bc34e4d7d4a104b33762885cb
upgrade/Storage Card/System/Img/RVC/B98/19.png,31234,efcf3c7c321efee6541d92317d5f6d4130635e78406bece8b73130eefed5ba6c
upgrade/Storage Card/System/Img/RVC/B98/2.png,32325,0f2d42efb55f69d7012d746aa513a15d2f851478b251462a1b98e1b6f236b231
upgrade/Storage Card/System/Img/RVC/B98/20.png,31257,acc1dcac8089c2c8afdf3047bbdb40ce6faf52e704a2ccee9800626f4a3ef7c3
upgrade/Storage Card/System/Img/RVC/B98/21.png,31151,7d2c3bfa670d29f02f4058725827f2e916784d4a61f03d26e61f3f6bba7bd398
upgrade/Storage Card/System/Img/RVC/B98/22.png,31314,bc020da84899629d4823ce88fc642cebc4061ab61b16ea1110b828f83df393b1
upgrade/Storage Card/System/Img/RVC/B98/23.png,31405,1facd77a73d44298b6d3775e278f7a67ce06044139472cb4edc50e994ab1cb0d
upgrade/Storage Card/System/Img/RVC/B98/24.png,31253,4084fbc50edaad6c6d4a8b7f4bdab3eb59eb24ee51d33ee4acfaede940d147d4
upgrade/Storage Card/System/Img/RVC/B98/25.png,31276,8c081b1ac22b9b5b48be0f6f951768c93387ae0d5ebc37a202296bb0164491e2
upgrade/Storage Card/System/Img/RVC/B98/26.png,31283,fe010f4988e0bfa40132f30076639452fae6505b0ce9e557a894c99b68e3bc78
upgrade/Storage Card/System/Img/RVC/B98/27.png,31327,b2a3e63462a70136e0dfe191d5b6f698d7f60cf2d003a8ed282c58c591b7c6e2
upgrade/Storage Card/System/Img/RVC/B98/28.png,31461,be0cd0e0ccf8b5c8c3025d131ee5e2b639bf24b420211358ad38ae94d835c7ef
upgrade/Storage Card/System/Img/RVC/B98/29.png,31507,2e6154a5ebcb1ded4c9958bd6240c33e07bc13e5ac9912110e8ce9644553f9ed
upgrade/Storage Card/System/Img/RVC/B98/3.png,32361,de1abc13aba9ddaab8231db9042f9af86156599ef67037c52fde20e130b10e9d
upgrade/Storage Card/System/Img/RVC/B98/30.png,31251,132708ca25c73e6560309eb843ce47b4f9cb4c98c9a854d2c4e9c51a2db2fa92
upgrade/Storage Card/System/Img/RVC/B98/31.png,31414,c53ae7dec6cdd2105909f8d0e6ca263a7344a578803ebf994d59857da552325c
upgrade/Storage Card/System/Img/RVC/B98/32.png,31455,1ec57c8da14d03ff23b50ebf5c2d47eac31c2a81e154af9af5494de3c0b981ae
upgrade/Storage Card/System/Img/RVC/B98/33.png,31532,e7383d7e64ccc3ed820d6f04c4d1ab4194b7c91d8d9643f834ce718984df1e4f
upgrade/Storage Card/System/Img/RVC/B98/34.png,31531,ae3bc78262050caacd95f7495c57ba89ff57ea434f249104353ad0a5e1b3d8b2
upgrade/Storage Card/System/Img/RVC/B98/35.png,31468,969d7b3aed9d7ed5af3c8723e0d068627213f712af615b8841fed119e8f02e0e
upgrade/Storage Card/System/Img/RVC/B98/36.png,31591,6dd599113e3c124a79194f8f8e8160f1c2974b07536b749c07eea8e869d8369f
upgrade/Storage Card/System/Img/RVC/B98/37.png,31589,18201daa739c23714489402de26ba08a462dcf30e32dd0b87671e46738a52ff7
upgrade/Storage Card/System/Img/RVC/B98/38.png,31481,e6a606cd9707599af2750834f0cee90792bdf7349e99fe94ff0bd668725f41a1
upgrade/Storage Card/System/Img/RVC/B98/39.png,31422,8170c15696bde32920a3889d923014621122e8d85c29799ec5383ba04589e0d1
upgrade/Storage Card/System/Img/RVC/B98/4.png,32141,67327ccb56d67f1a268f803c5933e5595604c5d2673ce9488cf2f5772df2f6af
upgrade/Storage Card/System/Img/RVC/B98/40.png,31310,ba5bd5c972d68751ac2b208e0877f9f92565fa71c4850faa484d67e33886d605
upgrade/Storage Card/System/Img/RVC/B98/41.png,31229,fbb946f73a6ada602588db5dbd5d67f99760cba7a278263dc9c037dc1c156260
upgrade/Storage Card/System/Img/RVC/B98/42.png,31212,6447be9dd8c358c131aae4eb81ce0fa96a4c9a18a39590a08fd600f0795e745d
upgrade/Storage Card/System/Img/RVC/B98/43.png,31078,c02500dbcb094b1add19a1bd98988a4d231d8baf5fd925e3414350c20a79473a
upgrade/Storage Card/System/Img/RVC/B98/44.png,30749,93ac0bb061b5849f886292b88bc850dfaf4d97f3de49ca2ed83acc0994cf72b2
upgrade/Storage Card/System/Img/RVC/B98/45.png,20664,a24ed45888af627ad348178acb27d1da0419a8e65a26d12b24fbb3a34ab01784
upgrade/Storage Card/System/Img/RVC/B98/46.png,31003,e1c276860855cee0b28016b3a950c8110d6ea9381790351b42408895873cca7c
upgrade/Storage Card/System/Img/RVC/B98/47.png,31438,78744e41851ecf1c87d668f06628a5ac49d2b847126c5e3927f5fc8cb219efab
upgrade/Storage Card/System/Img/RVC/B98/48.png,31651,b6b0f482157cfdd5902f502295f80a45c32b1ed2b0367d0f79d75b1dd2d8c97a
upgrade/Storage Card/System/Img/RVC/B98/49.png,31760,b4d86d7b58e5e50d489e2f00c5539a2091f6f5e650fd59143cfa37198797f635
upgrade/Storage Card/System/Img/RVC/B98/5.png,32272,3eedf88ac93bcec22a669caa439683c6d9a32c121c4e9ec4d57746b03e2904fd
upgrade/Storage Card/System/Img/RVC/B98/50.png,31971,76e8f021592ebf35065c66c2e02fee9dd15477743d2e862b2b1e0e33be629670
upgrade/Storage Card/System/Img/RVC/B98/51.png,32036,2a4a6592001c4e6fc19f3627f02abcff3413e7438296395792a0aa88abe8bc61
upgrade/Storage Card/System/Img/RVC/B98/52.png,32064,7a6acba7fc4818b76a83bac2604c38e7bc051997429cb40c8ae235d559de97b0
upgrade/Storage Card/System/Img/RVC/B98/53.png,32195,fad9c704f2952e39d3fd5ec8331e43ece5de6403986bd8135ed3391b9936fcfb
upgrade/Storage Card/System/Img/RVC/B98/54.png,32322,0fd61e135678c1c872dd653f0e1c645c120f26a418fdc2aae32083eb7c08a378
upgrade/Storage Card/System/Img/RVC/B98/55.png,32403,71a33cb1f9750542a1cf17af1868c4cc867ccc2942b190cca4cbcfb450385576
upgrade/Storage Card/System/Img/RVC/B98/56.png,32572,2a4c848def7f40cdf802fe72180f9c8010bb79a26b306410f93f7959a15f54f2
upgrade/Storage Card/System/Img/RVC/B98/57.png,32536,400ed3a34aae98ef7b1d49604c42326433f841be5411566be5f21bd3611fa075
upgrade/Storage Card/System/Img/RVC/B98/58.png,32591,c9d6dc6e91d217d488308b106b8a5c759bd4d61795d2d4cbbe9c3e65a231362c
upgrade/Storage Card/System/Img/RVC/B98/59.png,32633,3e3ff9175909ba5e7de3379cfc1188c6eb179e59fedcaf30f4816fd8ff1eba59
upgrade/Storage Card/System/Img/RVC/B98/6.png,32030,e7778cfd55092ea5bcaaa96cb13287fd28db6eaedf1b1b88e81d85ec980cf875
upgrade/Storage Card/System/Img/RVC/B98/60.png,32747,95a20666e06aab970f396a00f43c54e8fc0a0068f22f73e339cb5c6139d0f356
upgrade/Storage Card/System/Img/RVC/B98/61.png,32972,da94955cb5455878932bf72d6f900d462b362a272b0b3dbd50ccd2cd768a3d20
upgrade/Storage Card/System/Img/RVC/B98/62.png,32906,13341faef1ccd7d6224a32e0e4dab60603d67e60308479b4b4386ceb6d2bb4ca
upgrade/Storage Card/System/Img/RVC/B98/63.png,32997,bbfbdb8b341dfad14b7f54dbae5d94000073d1614577d77a7b1c36a0b021c5e7
upgrade/Storage Card/System/Img/RVC/B98/64.png,33116,b9c9232753d020bd6df066f557bc9b3963698c6f185c520b900503fea5d06058
upgrade/Storage Card/System/Img/RVC/B98/65.png,32941,1c50f259a20df371e020923473e8b8069381009964859c84e3804ffe2c6caf36
upgrade/Storage Card/System/Img/RVC/B98/66.png,33041,0c94e684014d43a36fd7d11f0defc69c0cceaeb1c758799033cdf5da0c2e6b54
upgrade/Storage Card/System/Img/RVC/B98/67.png,33136,ba5a8066fc061516285842007f909b2cf964566d8178154796ca6e9dcb391037
upgrade/Storage Card/System/Img/RVC/B98/68.png,33143,2ee378763c49810bc32a0473c12630223b957e0db3c1040fc0bb5494568737cf
upgrade/Storage Card/System/Img/RVC/B98/69.png,33330,c907e6da9569d0229acfc2f88e85cb34d0635f4378ba8939a6619ae454fb890f
upgrade/Storage Card/System/Img/RVC/B98/7.png,32116,d52e2d78268bfcc912dc2fffebf3124bb332cbbfe2cef12733038f04676b3a8d
upgrade/Storage Card/System/Img/RVC/B98/70.png,33313,c1343925760b95a8e791280fd1a911396fb0eb583c587dd701303da1a7a4162d
upgrade/Storage Card/System/Img/RVC/B98/71.png,33137,fc3991b25d3ca0bdfbce4eb5d8c2c0d2f5e18b3c36ad2cdbfc5c5ce4009c9ac4
upgrade/Storage Card/System/Img/RVC/B98/72.png,33197,11c75452d798edab3635956735a88ce405ee22192470a25936b727244fd39851
upgrade/Storage Card/System/Img/RVC/B98/73.png,33269,ffacd75e75eaa574cc68d563a30c93eb80ca17425aaee4f0042b1215874304a7
upgrade/Storage Card/System/Img/RVC/B98/74.png,33271,425e645bce217e90c0dd15baa170c59171b8150bfc2ab5011a34d31eba3cce78
upgrade/Storage Card/System/Img/RVC/B98/75.png,33375,cbfab9ee68fc4666d004b405bc6ba2986f7afc8f850abab57db919f6bf939f08
upgrade/Storage Card/System/Img/RVC/B98/76.png,33236,36b3fb2cec29669f17b728aacfd6dd2ef699a1273f7c495e6627d25c197cb994
upgrade/Storage Card/System/Img/RVC/B98/77.png,33226,525ddf17f59294a51911292f242591385ccaa32fce17f85b2ddfc0d12eb61152
upgrade/Storage Card/System/Img/RVC/B98/78.png,33282,a0f9c1c90292cfe4c93b8341339d9888b671e63182d4b55cdd70b888b286147f
upgrade/Storage Card/System/Img/RVC/B98/79.png,33291,57305bbe6b7bcc7ccd652be64092dd6cdae32d272cac1d3389e8a6f4d2abe6a4
upgrade/Storage Card/System/Img/RVC/B98/8.png,31492,250e72af63dd68c8eef382ead2a82d92c52ebf9f25f98dcf01e5d39cae4c9a4f
upgrade/Storage Card/System/Img/RVC/B98/80.png,33341,080c4987c1d1ce25007d557b72a278dfc7ad49d418e87cf73a646dbe9b7d82e6
upgrade/Storage Card/System/Img/RVC/B98/81.png,33363,d2aaf3842c148985f2a71be9015a0537732bcdcdab14eadd7cb6503821fd78f8
upgrade/Storage Card/System/Img/RVC/B98/82.png,33073,f982cb98616632565b880244f386515bba134826d8173afa5af50b9d20d73160
upgrade/Storage Card/System/Img/RVC/B98/83.png,33464,a87205f964e4907b1b7af249f0f5ba47379745bbe062de5cfe0594cc5c017a38
upgrade/Storage Card/System/Img/RVC/B98/84.png,33358,51e280997cc6d04ac41eef961caf9cdefc0373310ffc45e25cbe75ebd196d618
upgrade/Storage Card/System/Img/RVC/B98/85.png,33614,9c8a0ec121152db480ec5cc4e88bcbdd2898d6289ed16ff84522c31620b2f75b
upgrade/Storage Card/System/Img/RVC/B98/86.png,33623,dba1482ae6997816c7d97db0949ba32e26f933f67007e40ed01338b7ab2546dd
upgrade/Storage Card/System/Img/RVC/B98/87.png,33781,35a037d940f74a2ff5b04cdc778a5d7fbf176353b0f6aae38ea2ff66587c76ac
upgrade/Storage Card/System/Img/RVC/B98/88.png,33906,21eb856aace1ec4154ccf89de5c5296c55a5f94f915fa06ae1d537090341baf1
upgrade/Storage Card/System/Img/RVC/B98/89.png,34080,82fcbd9de59fb7a9bee6fa9fa770bb85b79431e209bd1067523f319bc0333cc9
upgrade/Storage Card/System/Img/RVC/B98/9.png,31779,fd537110c9e78bf99a7cb05ddf12c351e0be7b19171fa43f317e47bdb62b3732
upgrade/Storage Card/System/Img/RVC/B98/90.png,33499,651fcb6c8ac6aa6bcbfeb87f4954b92398e4fcc04e6b26c30f1d35b2507e4db4
upgrade/Storage Card/System/Img/RVC/default.bmp,409028,6331b6ea61576b0438b928cbc19f13c127374dafb5ec21045aea0bb2a797857f
upgrade/Storage Card/System/Img/RVC/edge check.PNG,4455,09feb8606426ccbde0681673789e734a4156c1933ceb931f0ee4e1f25b4f6274
upgrade/Storage Card/System/Img/RVC/J87/0.png,22186,3cd52672acc25d9d3d23b96965f854aa7531b26273f7d9bb637cea5a8cc332a6
upgrade/Storage Card/System/Img/RVC/J87/1.png,25905,f4f8b2edae49791d026152fbf4ec0256f726318c0afbb2a32654cc35804cf5c4
upgrade/Storage Card/System/Img/RVC/J87/10.png,26537,21daa8e36dac69ce4cf9df99a092dd0b8bd13e079b94118e6676494940875c07
upgrade/Storage Card/System/Img/RVC/J87/11.png,26274,f85591a46268dc5d0a974df2a6a9f0aeb4421f82446d32a56badf73765692d5e
upgrade/Storage Card/System/Img/RVC/J87/12.png,26818,0b41b762191d954b98b0f570e0315c8146779a61716fa87e5c4b1f1f27c2c144
upgrade/Storage Card/System/Img/RVC/J87/13.png,26307,3b9aaac59005a016b29ceb33e5981bab55c188b62b9bea865d21ea355c8580ee
upgrade/Storage Card/System/Img/RVC/J87/14.png,26451,a32ddc31dc108be0f02d9713c4064292938b85e91520c1a9b8fb86c9a1e35de5
upgrade/Storage Card/System/Img/RVC/J87/15.png,26509,5fce3e33ebb9881e121870c61fb1b53e962de3df960025fb6b8fa07e86965ba9
upgrade/Storage Card/System/Img/RVC/J87/16.png,26593,cb316a7aab16b6ea82b8e826621dd08297c6b78780581b2f6249b9289dd2b4f7
upgrade/Storage Card/System/Img/RVC/J87/17.png,26785,afc08198264b8648d2bba5a7f49e5673d9dc5ee67a5e845b6439ba257dbbb871
upgrade/Storage Card/System/Img/RVC/J87/18.png,26460,f8a26b93af3f4b020a22a6a574cc85f1c2860843ee1c54908077e64bad8d18f6
upgrade/Storage Card/System/Img/RVC/J87/19.png,26431,14c1eda2f0173b2d825f0d4f39ed754fe3057d56d9140ea6e8c53855451d4f0a
upgrade/Storage Card/System/Img/RVC/J87/2.png,26366,15d944d1f7b759068c8b12800a1e58799cc71bdf977a4ea80523a8c024d45dff
upgrade/Storage Card/System/Img/RVC/J87/20.png,26582,5fb468a557702661a4922a896f418d0ff0857411c1dc5cb0b1081e0abcb2ea55
upgrade/Storage Card/System/Img/RVC/J87/21.png,26130,aa14912c48c857b6c008f89268a615e4da0e3a471bdad3fedaeebd8ccfe15dc1
upgrade/Storage Card/System/Img/RVC/J87/22.png,26017,a362be1345192de3d0c1b8eacfd58a9288a9307ec4d9640cd850296d02392d5b
upgrade/Storage Card/System/Img/RVC/J87/23.png,26019,6cb29e70281a5b8b12ad8cd977328ff032f0bd59edd7a4d81721780d5e852273
upgrade/Storage Card/System/Img/RVC/J87/24.png,26352,1e1c9fbd34b5e352b618ca5095359999ed697d0aac3ff6b9d9925521eb3a006e
upgrade/Storage Card/System/Img/RVC/J87/25.png,25979,eb0dd75ea0b49d0bc9b57ffbbf2e3359ea9267d4c3ed3eb1632cacbac2bc12dc
upgrade/Storage Card/System/Img/RVC/J87/26.png,26031,d9af86affd1dde74b6106999550e8b16587cadedc5e5b3dc3d02763cb5b7ed7d
upgrade/Storage Card/System/Img/RVC/J87/27.png,25802,b2860a2092ffebcfc727509a50e2e653ebe631fb27f661eb6aded7f69cb88b99
upgrade/Storage Card/System/Img/RVC/J87/28.png,25843,a9d81d4add9b2ae03491e612c11eea9bf8310d9f689002f64fc26c295fafb0fe
upgrade/Storage Card/System/Img/RVC/J87/29.png,25343,27a0849ec11d990dad9fdea62315e3488a206e4fd3bb3a6e7348bbcd35761c11
upgrade/Storage Card/System/Img/RVC/J87/3.png,26458,a08dce5c57cb89e8b644926e81719cb10d0b9cd2dfd262f444f0e08498143425
upgrade/Storage Card/System/Img/RVC/J87/30.png,25509,05286c24b4d9623f04e7476eb58b295b0c8b981326bbe5f29214d53e7e9d64f8
upgrade/Storage Card/System/Img/RVC/J87/31.png,24773,9ff9c714a28f2bc85ea5386b81c4e02dcb03458be1dcef7406d65cf921d0183b
upgrade/Storage Card/System/Img/RVC/J87/32.png,25052,87488e862accd087825ffd38fd337052cd876b21068b2196cc1c898400d65e1a
upgrade/Storage Card/System/Img/RVC/J87/33.png,24900,f97746e0acfbeb2da5ab4ad7416fcb79502b15315d792b7867f7f021368243af
upgrade/Storage Card/System/Img/RVC/J87/34.png,24709,b2062b35294126ef47ba2361f1a804811db7ff52e585109560ee236697fe5e2d
upgrade/Storage Card/System/Img/RVC/J87/35.png,24756,faad33f8693a825bb8375fa0c475c637b728cff449b197f6d43c2d74e37b3f9c
upgrade/Storage Card/System/Img/RVC/J87/36.png,24387,67fc51fb79669934eeb906ca6d854c8ac7bf05be9d4c82f798e41087abf39505
upgrade/Storage Card/System/Img/RVC/J87/37.png,24406,01ed5feb75e991c38563b3973cf7ce418591013e3725414aadd7ff2647d76892
upgrade/Storage Card/System/Img/RVC/J87/38.png,24020,f7d6fed2bc185243c956caf6eca6775a0339b430651d57c7b84eaa182c3fa7eb
upgrade/Storage Card/System/Img/RVC/J87/39.png,23510,e7c4c62e6c72e814e647e088be1ff0e392d41b49387b774ee0f67c2b8991e4e7
upgrade/Storage Card/System/Img/RVC/J87/4.png,26666,7e6bddd6a59777f1f7fe13613128af6af79fa4f826cfe32ad32974591f6485fd
upgrade/Storage Card/System/Img/RVC/J87/40.png,23695,e97a8791fa6f55fe07963a35b889c56870261fe4a76dfbe22d7792db6f86e27e
upgrade/Storage Card/System/Img/RVC/J87/41.png,23465,972cf3c2324b7c33424c15b3006712b4177f7d1f3f8d3ac255ea2dfdbf4437d1
upgrade/Storage Card/System/Img/RVC/J87/42.png,23114,3fe80aeaf5bdb744abc6b82951e6a5384e06b6cb4cca2edaa428baef2e93c272
upgrade/Storage Card/System/Img/RVC/J87/43.png,22839,a10f58683e45934daca6480dc38c8805f0a02f4a69a4b7d4547027fcc37d0149
upgrade/Storage Card/System/Img/RVC/J87/44.png,22507,9317968be1ed2bc8598510413f89a976b21524b602c05d5bb70aa7600b60f842
upgrade/Storage Card/System/Img/RVC/J87/45.png,16203,9c86625b6ae6c70704bdc4c512dbe15cbc64cac63dc1800df903f86271c5846c
upgrade/Storage Card/System/Img/RVC/J87/46.png,22678,857b013dd7d131a5b1304549ecb40ae088edb5e5b287fe73ded6d89962187b76
upgrade/Storage Card/System/Img/RVC/J87/47.png,22984,719e82cc01b02a0dd6a4f69f37fc2b742ac9046b5394c5784e51ab45ec65fbe5
upgrade/Storage Card/System/Img/RVC/J87/48.png,23320,a5ba6a7b35ecb6dc14f7143ba2b144001340ce8a2802f6690d976b4908bfcbc3
upgrade/Storage Card/System/Img/RVC/J87/49.png,23559,b48587d64e3bdb7059cdd01c53eace9d9e70f0a5fd67c8f589abb3bd2767c657
upgrade/Storage Card/System/Img/RVC/J87/5.png,26616,aa0f139616811dff7e420c15f2d803b66a42781d5ef924c4353e18a464986a7b
upgrade/Storage Card/System/Img/RVC/J87/50.png,23850,c376129815cecfe31cb7c3a41bbd3d03cf73cf3d1fe7194a0627ebe3c6103faf
upgrade/Storage Card/System/Img/RVC/J87/51.png,23881,d18078dbb2ec0630fea0a902397d4bd3f24facc1a12f089ee45d3bca040ddde4
upgrade/Storage Card/System/Img/RVC/J87/52.png,24281,87e65b2f174f12346283a9358cafa91228a92c74de2023d7dc3e04eed049c328
upgrade/Storage Card/System/Img/RVC/J87/53.png,24550,b651ae6d969f31a0f445d99e22aa0f89cc453c6be911a13d9b8a1f49d98b405a
upgrade/Storage Card/System/Img/RVC/J87/54.png,24580,f99952d63e2f08d5f4268a5af8a005bf0b371b5760d352a12d36e8db05440158
upgrade/Storage Card/System/Img/RVC/J87/55.png,24715,6c258a8867077775e0775c2c6b7ef1bf69819b4061bf37d94e73f2e790858c78
upgrade/Storage Card/System/Img/RVC/J87/56.png,25106,e4dcb3885e2d6e52b0f16c709741ef2e0cf9296c340b9d04d60b951c9b0d9037
upgrade/Storage Card/System/Img/RVC/J87/57.png,25207,dd16a0be9e72bd529dff46c398d46fe344a239ead8885343919837790924d00c
upgrade/Storage Card/System/Img/RVC/J87/58.png,25646,5e2cf46e49261c0e764af72181555591eaf2dc495be2be60046570de9624dbe7
upgrade/Storage Card/System/Img/RVC/J87/59.png,25330,c0b20f06e703c049880496a748f4d5a3c4bc565e3b1227b1a1f938d7583f9621
upgrade/Storage Card/System/Img/RVC/J87/6.png,26569,b5ab24b7cd2adbc55c56ebafb2f0693c9346c6fb38ae442b4fb93d832f9336e7
upgrade/Storage Card/System/Img/RVC/J87/60.png,26300,a7cf72286112586c258042b0a8746c475d156642e6bedb584711a45695f6874a
upgrade/Storage Card/System/Img/RVC/J87/61.png,26510,5f7a41fddaee847e59d3cb3f50c88cbaf60b5b1337eb47c5366bfd8227ad3dd1
upgrade/Storage Card/System/Img/RVC/J87/62.png,26887,ea5efdc5322ca5f5ded26e229dd56099d73bba2ce70f7da27d19b6d9b581837e
upgrade/Storage Card/System/Img/RVC/J87/63.png,27116,880f79b2046eebcbab65f64995c1f3cb63c5cc4fc48ae5087a9e4b5e7e16bf8c
upgrade/Storage Card/System/Img/RVC/J87/64.png,27591,7728a5cffd736363ce7267f4c949a0dded8266f0d7829488b197dc5d22c97a5a
upgrade/Storage Card/System/Img/RVC/J87/65.png,27503,7eb6242c5a3768abb92fd2afb5c7d37f43b397f45017006f415539e4b64c5b0d
upgrade/Storage Card/System/Img/RVC/J87/66.png,28169,fc715b227d8fba73038d83f07dbd107c2d7041ba793902cbaffc16996383d6ab
upgrade/Storage Card/System/Img/RVC/J87/67.png,27802,7c11409e5f2ec0a4152554181f6da0d34ca75fa4f7d3c43a5ef368fdebcd4954
upgrade/Storage Card/System/Img/RVC/J87/68.png,27702,642e3c6e767e6729766125ade6a25a951c66293ac2a4252b91b046955fb65e03
upgrade/Storage Card/System/Img/RVC/J87/69.png,27585,f3637ba19680dccb4b0b56b1815711558a82224fe554d9a81112e0c100bedba8
upgrade/Storage Card/System/Img/RVC/J87/7.png,26711,810da62f0f4621e6b2d37889934040f9795e5e8ea1e5bc6831fc3963064bfc5e
upgrade/Storage Card/System/Img/RVC/J87/70.png,28408,01bb7f7f960f5f504e48af178482237bc6ba33be0831040b773877cdf446fa2e
upgrade/Storage Card/System/Img/RVC/J87/71.png,28375,49e932ef29ab5929a76ca383c069a6b3683bff22e4863f9d491ad9d220aa423e
upgrade/Storage Card/System/Img/RVC/J87/72.png,28471,f7a4c17ef44664ba31bcdd838673edaa34580e6511f2af997efdcd8802b36e6b
upgrade/Storage Card/System/Img/RVC/J87/73.png,28836,5af79d283a4a91618cdfaafe1f2fb74cef20d150f30ecf7a2c1b2d7c89fd88f3
upgrade/Storage Card/System/Img/RVC/J87/74.png,28027,f206e9994177cd7966a88c992d3172a659f275bff7f23de8a1508a332ea52b8a
upgrade/Storage Card/System/Img/RVC/J87/75.png,28352,31b474763f607eb6d094ce67015742775c73ed4d6a572e7d18f366f70ab7c692
upgrade/Storage Card/System/Img/RVC/J87/76.png,27662,d0c6681dfcf0fa2924462f322ea097a3ad11fd862fa28db90a44b7ca76a63c41
upgrade/Storage Card/System/Img/RVC/J87/77.png,27617,cb36eebc74afb9171f7b9529d232288ebe6713c92586c4e42c3b7231c42031d9
upgrade/Storage Card/System/Img/RVC/J87/78.png,28633,b9bb32eea2594b8bd0aef52532c66cb8b7bffd7aca9221264e083eea9a2fb8b7
upgrade/Storage Card/System/Img/RVC/J87/79.png,28055,536bc66842893feea43ddcd745341cf597865f2cd00f26eb887ef0c48603718d
upgrade/Storage Card/System/Img/RVC/J87/8.png,26529,0f6021608703cdd176c0e6d4a8620993e30b8a813b7c2bc8422cd680bbbc8bbc
upgrade/Storage Card/System/Img/RVC/J87/80.png,27830,10d42ef8ede7616eead4b35c20dfc793f02e3517763316a2a3c949995c7ea4a5
upgrade/Storage Card/System/Img/RVC/J87/81.png,28126,fd852eba32994fda72cc35e581e45430504c02a3bc48e356563d17267c1397f3
upgrade/Storage Card/System/Img/RVC/J87/82.png,27758,a25ffccd175e7259dcb0ef1fb6d50b313b9126254c72b932e5a267619c55447d
upgrade/Storage Card/System/Img/RVC/J87/83.png,28055,acb1ad5aa94dd3d57b720009b020373c9b92ccbbd883971ed9dbd7704ddaef68
upgrade/Storage Card/System/Img/RVC/J87/84.png,27652,145988f50bb39c64f0e8b59dc7df9a93861288bc3dc24765ab30d940412b7474
upgrade/Storage Card/System/Img/RVC/J87/85.png,27758,237e1764cb76f5c2585f5b469593db15f8e2a6611eb7feb1d5ce45bc1cc8cde9
upgrade/Storage Card/System/Img/RVC/J87/86.png,27668,61c0f8014d986afac707d9cb77f19e5bf8459a611dd53815f4760d18566c5225
upgrade/Storage Card/System/Img/RVC/J87/87.png,27325,9ea349bdea04a9650b657cc16b3bbe0e372a950bbac726d03ebd1425dd691906
upgrade/Storage Card/System/Img/RVC/J87/88.png,27382,8de1a3c4051e0ad72f81c7330b6b2012feb1a93797fdc0e426861f492fa0a35c
upgrade/Storage Card/System/Img/RVC/J87/89.png,26989,705cbf5e1165f769b2ca215ddeaac475d2b68a92d1226019aee2fb02c3820118
upgrade/Storage Card/System/Img/RVC/J87/9.png,26612,382ec811fd5b9611aa92639cdde2fcd29a5b69118b333ad9e6c679aba8e0d61b
upgrade/Storage Card/System/Img/RVC/J87/90.png,22922,2b606cc295d1d35168a0cd02863752125eac401e33ca8cff68141e00e4149663
upgrade/Storage Card/System/Img/RVC/J92/0.png,20067,14a068f01d0868a2cdb1ca6ae26293faa9f6973a432ee31dfcdf8147625657d6
upgrade/Storage Card/System/Img/RVC/J92/1.png,23747,715ef4044e12a1c6e6e15842f1ba576e4a9c80a7c01387f6cdb4b8772c4e7523
upgrade/Storage Card/System/Img/RVC/J92/10.png,23699,d526330e0e5f0fe5594f2495c125b1eacef5b31df6b080557b62aca27c6452bb
upgrade/Storage Card/System/Img/RVC/J92/11.png,24006,b0aeea0df117f4fe8c89d8730dd7cddf46d958ac068187d32a7f01d05c2cd235
upgrade/Storage Card/System/Img/RVC/J92/12.png,24224,dae05c2913f91c93a2cce868fec1325c3356751461ca31f032796aec156ee5a3
upgrade/Storage Card/System/Img/RVC/J92/13.png,23645,8202dd18128e8a4e1ea675e1e672d8acb108674116ad13d31deee7599cb6852a
upgrade/Storage Card/System/Img/RVC/J92/14.png,23991,671f7794e16365a7a1c93e0488d9df8186a53e6e7e44e1a39736fee409b297d1
upgrade/Storage Card/System/Img/RVC/J92/15.png,24118,f1e771c2963523effc8f4d140d2dbcb2cb52eb88c1aa494181b63bbfddd7f34b
upgrade/Storage Card/System/Img/RVC/J92/16.png,24028,4d40cc8dc4d9f1b7ba013268daf92cb6916f0b551331491eec1ea3ca0f1cbea0
upgrade/Storage Card/System/Img/RVC/J92/17.png,23893,99b829f80af620d8d867248a6cee806b1cf14228666a84c5d158f48aff08ea51
upgrade/Storage Card/System/Img/RVC/J92/18.png,23926,63b3708e288247fc4ff62801094602940e0db3e029d0cc869e502992cf7bf1d2
upgrade/Storage Card/System/Img/RVC/J92/19.png,23709,8e770457cbc6a336a969b86caec95a0f35139730a47708c3a031a10fad5fe650
upgrade/Storage Card/System/Img/RVC/J92/2.png,24023,daaf3cd6c31dd6a5e0278c86028856c4a37a2beac074d2ee8b40bdb57a4e3abc
upgrade/Storage Card/System/Img/RVC/J92/20.png,23683,01151a115b3a8cd976c6a5d242f814b768594799a31135c513dcf20c11bcdee3
upgrade/Storage Card/System/Img/RVC/J92/21.png,23401,e04c0ef26eba9d211bb94abca1aea586e57664dc5e1cd01a9d0064d7a5703322
upgrade/Storage Card/System/Img/RVC/J92/22.png,23279,85ffe45147f4e6dc831a728bf189b632d7c2f64405ca485ada928cf4364fd2d8
upgrade/Storage Card/System/Img/RVC/J92/23.png,23204,b3af705cd16f4d892168dd0868fec8be3641a3659a0ad2889c009cd8bb111248
upgrade/Storage Card/System/Img/RVC/J92/24.png,23203,82cf9c9bcec0c3f4a4d7f98795de501e2c32f8a7352a897d9887acd88618f4cd
upgrade/Storage Card/System/Img/RVC/J92/25.png,23237,0ee0e1038138a569cc773c02e6a0d8732763428e1babb673266b55e8f2514793
upgrade/Storage Card/System/Img/RVC/J92/26.png,23233,54db56ddf4cce9853069c7598b0cf9cc7674a900f18756a38be3c4d63cf665e3
upgrade/Storage Card/System/Img/RVC/J92/27.png,22908,a9f9cf5fdcfd0c2b810915ecd50dff1d1fde7442fb1de0eb77ffe43d1189fa97
upgrade/Storage Card/System/Img/RVC/J92/28.png,23036,8cfd0a64ba070e5f80ab42f648ba24cd5c8cb3b1704ec5f2e9915d786e4d0f4c
upgrade/Storage Card/System/Img/RVC/J92/29.png,22839,02222fb4a1517de5320e2093b6047770c901ffca896ef36dbc433e9de50261c2
upgrade/Storage Card/System/Img/RVC/J92/3.png,23729,230f13d5022cc750b4c8167b96ef77eb65597d28f94b32a946f82f90fb6891fc
upgrade/Storage Card/System/Img/RVC/J92/30.png,22510,426f57a40626363faf503c9e426b47ebc6f827bdc75dd195b2c5ed777aac79b8
upgrade/Storage Card/System/Img/RVC/J92/31.png,22069,7e60ca15f697670a2e39e70a9de00c4ebc578ce57de427cf70fa4fdefac56823
upgrade/Storage Card/System/Img/RVC/J92/32.png,22474,bd42fb62a0ac78ab6a7b1abdebf77fa193712c06014a9fb20c73c21e5568dedc
upgrade/Storage Card/System/Img/RVC/J92/33.png,22404,650b459943d8db27cfe7a23eb18f8d24a005d79094db0d5b32412f6fa0769145
upgrade/Storage Card/System/Img/RVC/J92/34.png,22241,21d52901be558b1a24904ad353a91b4ea0a02fbda9c01bae8914b459bbf0894b
upgrade/Storage Card/System/Img/RVC/J92/35.png,22120,2528aa29952a47bd95b79ade7371e2e51cd2fd6c902e7bc97b3e35ace65ac960
upgrade/Storage Card/System/Img/RVC/J92/36.png,21840,65d493fec4aa8e65864475f9cf761ab1f0bc87691887187af04c07a656fb27d4
upgrade/Storage Card/System/Img/RVC/J92/37.png,21920,5112aef438177ac86f63abf7538a53afa5bf07ed3c85ea3ad50ea8adf279d665
upgrade/Storage Card/System/Img/RVC/J92/38.png,21470,ea9f824f84a24bb92310fea3757ca6fc3d29a19f735b6cac545bfd88c70075d8
upgrade/Storage Card/System/Img/RVC/J92/39.png,21395,ffc04c246217b56837b2572264979c05928ff63c632f883820dada146d898d20
upgrade/Storage Card/System/Img/RVC/J92/4.png,24063,23a5c6e9441808131186c728d253de699e14cc2e92f943f31193ae05b69318ef
upgrade/Storage Card/System/Img/RVC/J92/40.png,21303,96b181e79044fc6c2ff39ad361b6952bdb91ec04161a633c04b0a8b5233d1209
upgrade/Storage Card/System/Img/RVC/J92/41.png,21062,b6cd17855dd7e83078feb8664614abcaf476d378bc51d72ee155a5c03058e4d7
upgrade/Storage Card/System/Img/RVC/J92/42.png,20911,38cd5671c875950408b2ac9bbc877c1df4b8036140bb352d298c62fa3f1a344a
upgrade/Storage Card/System/Img/RVC/J92/43.png,20624,771e7c65acd2969ef973b96e9e3679819bd8456160d7bcf51683dec56199d5dd
upgrade/Storage Card/System/Img/RVC/J92/44.png,20392,4c1bb5ebcb0736cf95e52c5a7a0284500b82d21bf214811ce50fcf5565b4b0a5
upgrade/Storage Card/System/Img/RVC/J92/45.png,13384,217fe31801b3032d15236b28d86e017172655a0e4f125f235c35d04b2ca8f22c
upgrade/Storage Card/System/Img/RVC/J92/46.png,20471,648ea0df2975680db0e7b7b46ea19736168d960418d0fb670ab847448e1ff431
upgrade/Storage Card/System/Img/RVC/J92/47.png,20768,43e2988a3e205f8bad24f33558e6e4f3b17e8f126cd37096e6936af16fd951ef
upgrade/Storage Card/System/Img/RVC/J92/48.png,21187,ee7878fe670507c2000c771a77d8953a011c655c5acf3c24dc279c215cee4151
upgrade/Storage Card/System/Img/RVC/J92/49.png,21306,4e93b7e9fbc65f13671ccf111313bd9133bd95c2cfebedebf0e12a0711ffaeb7
upgrade/Storage Card/System/Img/RVC/J92/5.png,23960,4990c902bc10dd23d270a95ee61ae11776b552ef0c0afb0447101e1e3c7f4b71
upgrade/Storage Card/System/Img/RVC/J92/50.png,21454,e4df7c9b7af7cd449ebaa54b2df2ee23a509bb70ce75369d790df50ef244bba2
upgrade/Storage Card/System/Img/RVC/J92/51.png,21789,c16bcaafb82660bbb1f12230525c1efdac41b4181d00bd87a3664e34c86c0e42
upgrade/Storage Card/System/Img/RVC/J92/52.png,21518,b1b1a5a9b11c42866e71c3378759e2ac0d9c2f9ee7e39ffbd11353ed05015526
upgrade/Storage Card/System/Img/RVC/J92/53.png,22014,dfb2ea585bd729ee36836d38b037b2ff7036ed18496c857a03b654ca66d907ee
upgrade/Storage Card/System/Img/RVC/J92/54.png,21893,f06c57dd69bde90f6afd3d0d20fe9f4c1dcfcdc77306679b8e64433b2a9f39a6
upgrade/Storage Card/System/Img/RVC/J92/55.png,22239,84965fd52d1397e2586730e80778e01419846a1e5c10666b49f6bfe0a15a9201
upgrade/Storage Card/System/Img/RVC/J92/56.png,22391,2d88d2f137a0cd021249beef77c6931c7baddf6d6627c1bcbcaae89f7b88f7d7
upgrade/Storage Card/System/Img/RVC/J92/57.png,22570,6d6add30165e526af7bec67ed3ed0bd6a3991bec4c7b2bd9db615276db4db076
upgrade/Storage Card/System/Img/RVC/J92/58.png,22795,233e4f5eee1e035644a316f95987b89043f9c5f139b34d4260da75d753d035b1
upgrade/Storage Card/System/Img/RVC/J92/59.png,22566,3354b05d5ec5bfae8f6cb0b55fbaee156abcec5446ec5a5d86ae1cfb21a3a9e0
upgrade/Storage Card/System/Img/RVC/J92/6.png,23966,8e6f2f6d8acaacc84367a46c7fc7a99d19a93cb91b4c1cb42fe5d014aed20043
upgrade/Storage Card/System/Img/RVC/J92/60.png,23115,fb90de34da23dc67abd1215c6d2301155864ecd2e20e100d65feec4777d6ac2c
upgrade/Storage Card/System/Img/RVC/J92/61.png,23467,44098d3c3f2c7b418abbff1a540424fba8bc9393b8b4a08f82cda43307008e6d
upgrade/Storage Card/System/Img/RVC/J92/62.png,23762,45e4f60db10c8ee855864b2fb0786ec9f20042dd35e3fa8f9aaa86271fed7ba9
upgrade/Storage Card/System/Img/RVC/J92/63.png,23719,ae208d5aedf6158f6382fc94fbde19823dcece86db1eb276728217b14c941ec4
upgrade/Storage Card/System/Img/RVC/J92/64.png,24305,63727e9c471fb3ceb2184b27842004c43d45681ecfd7e25e62eae145a2d744a3
upgrade/Storage Card/System/Img/RVC/J92/65.png,24303,e9917a1a193b42c66022f30d68a9ba0b3a377d5b95c9f6066022f1bfcb3b2ea5
upgrade/Storage Card/System/Img/RVC/J92/66.png,24565,3e7f152c5a67aa3cd8c0c6694107234f459f2deafe8e871582ec8a0eaf1e84a3
upgrade/Storage Card/System/Img/RVC/J92/67.png,24920,8d4806d9f8d75eebaf3f5f1564a3ac594f37c3f36b6b453a77032b0c9f7bee2b
upgrade/Storage Card/System/Img/RVC/J92/68.png,25039,3e55e157107fecc55c76097c6c92b0a38a589401913ca21fc174f00a5d41e3cd
upgrade/Storage Card/System/Img/RVC/J92/69.png,25053,e7397e846c9f9a928b38bf20417e973b50f6ecc8a9bf7c077409168b1fa09e00
upgrade/Storage Card/System/Img/RVC/J92/7.png,24161,97f57f48c43f01822c08b4357843444ec56e33e9167c0cc4400ae43944421651
upgrade/Storage Card/System/Img/RVC/J92/70.png,25538,2aae7f6e91a813cf44b998573a2d6287e92da999434397693daa8b9162773fec
upgrade/Storage Card/System/Img/RVC/J92/71.png,25774,f60a2dc64c4f23cdab0b8fb2b0e237bc903a6c7e50f41cf7bc319a75305b53c5
upgrade/Storage Card/System/Img/RVC/J92/72.png,25659,b7cd9800a39e4b748069f01466445c43d6b8c54311c748c2ff3510139f151a4a
upgrade/Storage Card/System/Img/RVC/J92/73.png,25793,fc26fc24485d9965de179736ab8551de4a1ba1c84b37103f578f318c99135003
upgrade/Storage Card/System/Img/RVC/J92/74.png,25695,5ede076f0f07c310c07fd29e36622e04f4c471dfd8e9fadf0dec51186f34419c
upgrade/Storage Card/System/Img/RVC/J92/75.png,25658,53387870e690756cfc434769ee4566cfb79c4fce38368fec8386801f2110c8e9
upgrade/Storage Card/System/Img/RVC/J92/76.png,25067,04513ee35efe754964042720ddd59ab3c3ae4e201c928377c0fec90427e9deee
upgrade/Storage Card/System/Img/RVC/J92/77.png,24372,9a6e8d729c457ad3a26dd69cd276f22aafeb49b92a8d61661f0d991e6a7f6595
upgrade/Storage Card/System/Img/RVC/J92/78.png,25238,0b25f356cfd5d240abcbdec060603d928e77e266d432f9bc9f66d86573fa157a
upgrade/Storage Card/System/Img/RVC/J92/79.png,24958,f41681681ac71165366a8fd18737dc4757de84848a53edadb48cdd62a738be55
upgrade/Storage Card/System/Img/RVC/J92/8.png,23685,ff80cec6a59cb21cd0ff180abcd964ac0bf40a1ae7012f1519c34ce93edf944e
upgrade/Storage Card/System/Img/RVC/J92/80.png,24361,418324f4190f56d148a8cde77fb2316a3dc33a8c79946b1b556158aedf6c4dbf
upgrade/Storage Card/System/Img/RVC/J92/81.png,25022,ab7fbd39959aa01e0a5b841da1119ac61a25e9ee23893fc5b7790bca4d8fb078
upgrade/Storage Card/System/Img/RVC/J92/82.png,24414,393868fea1fc8d20808f9c462f3644583852147d3e7ac3fdea1a85cc2f8548e3
upgrade/Storage Card/System/Img/RVC/J92/83.png,24885,2a0a79e3a37468bd11b3ad970cc5ab6535212355a1c9f11b784df5a877320d32
upgrade/Storage Card/System/Img/RVC/J92/84.png,24506,6743ec0e25983503cc343d26cc6970170f53888ba16834c5830aaca516c0ed5a
upgrade/Storage Card/System/Img/RVC/J92/85.png,24725,20526f441693ed7a1846d4f240cdd0c3d5976a7fb551fb141ed7b89878693c11
upgrade/Storage Card/System/Img/RVC/J92/86.png,24534,a3eab09fb3cb185c08f3687aee686a770d2590704ae734422336782a90734cbe
upgrade/Storage Card/System/Img/RVC/J92/87.png,24662,e13ffe006129d2d4c18a29db44c6e3497ce794f83e8136c85b40d9bf4e65908e
upgrade/Storage Card/System/Img/RVC/J92/88.png,24590,10b2961831f37964eb96fdedd6ad836b622c1548283a5a890e44dd18c41923cb
upgrade/Storage Card/System/Img/RVC/J92/89.png,24354,98a174dd80c5b43fd22d9f0c15edc122ce09ae5a275059c9255ac656ed438bf8
upgrade/Storage Card/System/Img/RVC/J92/9.png,24265,ad093b9b5e709f15f068adca74ae7955631782b99ab5f979955bd5a36f264826
upgrade/Storage Card/System/Img/RVC/J92/90.png,20578,55f2a916487bd5cfe0d068653f872f8a4914975b648d4fe1032f3b9b3a5d52a8
upgrade/Storage Card/System/Img/RVC/K98/0.png,27183,278861f8dc7ee2027b7989296430e75f727fd4a1189b54f3d4e8e356000a94d8
upgrade/Storage Card/System/Img/RVC/K98/1.png,31888,9317e704c654200f1dfd98ebe361bc810e25515310731c5cc354f4ee03c0856d
upgrade/Storage Card/System/Img/RVC/K98/10.png,32312,413788aa3ce5f27ae14ba46dbd9df313c4b9c5afe30a9779b58cbb2f3799942c
upgrade/Storage Card/System/Img/RVC/K98/11.png,32208,3e11932ba4879b7cab2baa6bb8c80946487d99667dd1a3c2f47742fb8aea9961
upgrade/Storage Card/System/Img/RVC/K98/12.png,32568,5c62eb91b3ababf180a7eea8a365ccde63f2494f14fcb47551eb51ba7e0cde65
upgrade/Storage Card/System/Img/RVC/K98/13.png,32009,c07135abcfcc45bb9d7b24e8e69d1ca8dea0bbf9982bd34368f33b0e38e7bb30
upgrade/Storage Card/System/Img/RVC/K98/14.png,32025,8cf550760f50a07c2a87c2ffabffd1900bfab1b3cff922f016e2c03aee26c32c
upgrade/Storage Card/System/Img/RVC/K98/15.png,32559,909c99bc5a6c719db3b1ab7c1ac2e508214f7720fd2ed696e204e2eec8559511
upgrade/Storage Card/System/Img/RVC/K98/16.png,32531,6b8efe3837c980931044250663c5467623a99b2458b76595e60221a666c1f6c7
upgrade/Storage Card/System/Img/RVC/K98/17.png,32650,9e97f8253066bfecd8acd97b3b5a1d46a82ff86a3e9f7bafeba8a82566320e6d
upgrade/Storage Card/System/Img/RVC/K98/18.png,32045,852baf5b54c7f7659e97be2bcb7a745b05938a9d7afd765ebd78080fd03b26b7
upgrade/Storage Card/System/Img/RVC/K98/19.png,32178,7745cc71e5db9b785593501f382f401fc7263a459fb828d13a5313dcc86b1bc7
upgrade/Storage Card/System/Img/RVC/K98/2.png,32538,c5eb11a1d8830bb2bb8f9c659de14f9c6e38b55b4c1d79643947e34caaf75664
upgrade/Storage Card/System/Img/RVC/K98/20.png,32464,147d91dea884e4ee94ba19aad769e68048ef9b09e6bc41760b973254291e218d
upgrade/Storage Card/System/Img/RVC/K98/21.png,32390,6f3ca5fe788cf03a9542261fe425e4c3ee3f359dc8df6119e073f935a56ef13d
upgrade/Storage Card/System/Img/RVC/K98/22.png,32334,b7fcd2897848957ca5615312d7c37c1566279a8a187ff6cd1612af91d2cef443
upgrade/Storage Card/System/Img/RVC/K98/23.png,32119,ce9e41c012c6d28a2d960de29ca8795e6877b379dc4ae3d31cc888bd9126b1c2
upgrade/Storage Card/System/Img/RVC/K98/24.png,32149,4044e813a9cd60e2f6ac021122cc2f8da3e9bd62b20184d8af1be872a75f5bfa
upgrade/Storage Card/System/Img/RVC/K98/25.png,31917,332967de6f30d68a2831ecd245c6ba27e445e280770e83e780a43c623b4c2af7
upgrade/Storage Card/System/Img/RVC/K98/26.png,31885,35ef003a388c9f2cc762de6870a8344fbab38a0796041700a70952531e32abbe
upgrade/Storage Card/System/Img/RVC/K98/27.png,31525,643e8a19948ef14d68c321af10deb9fb9d32b8c03a689b345e6a35561124e471
upgrade/Storage Card/System/Img/RVC/K98/28.png,31616,84e783fedfed24caa65450c6d3b51c0ea25fb7cd46462e379cc4bc05f2bd0820
upgrade/Storage Card/System/Img/RVC/K98/29.png,31088,ca5836436e805ffab345cdcc78205b0fed0504a7d7b436b851702c34e011b9b5
upgrade/Storage Card/System/Img/RVC/K98/3.png,32499,b38e6806fc812e8d1329a07e9aeaaabf5b7fcf9b9d8136aa94f2a509b384fd0f
upgrade/Storage Card/System/Img/RVC/K98/30.png,31045,ab2263d251f28e58db2ffe4962d6f11f58fce6c18bc1cbe87edab7855d0a5b10
upgrade/Storage Card/System/Img/RVC/K98/31.png,29950,2044ebe997c52d6bc0df500c0573331113bb9d2d25428cb9f0014e3abc55b3c1
upgrade/Storage Card/System/Img/RVC/K98/32.png,30665,71438c686d30ca59adf66479dcbd793da4319732e566c52e83379cc4b2bb39ba
upgrade/Storage Card/System/Img/RVC/K98/33.png,30598,323a087e964bd8bedd6e3ea785ce6c8b234193a59da8e588fdf2cdea4d20395a
upgrade/Storage Card/System/Img/RVC/K98/34.png,30103,9812511db4c0c34914d04ceaf22541d856c55f3792a10ff619685df6623e8510
upgrade/Storage Card/System/Img/RVC/K98/35.png,30038,d2767ff6b1f245dbeaa28acd663e0fb61acce1a26bb1ca9cd2dff70562b6ab0f
upgrade/Storage Card/System/Img/RVC/K98/36.png,29564,73bbc81be58ddd4b464e3153f4883a01aba0e67b4baf0d64b52ccd2168798b49
upgrade/Storage Card/System/Img/RVC/K98/37.png,29416,b51458e4d6d102a3db9bfdecb6335210deaeccf05bb8f9c66476b984e2f3c9bc
upgrade/Storage Card/System/Img/RVC/K98/38.png,29133,d8971f00c8b9716e492fb845f0440923ec35829750f67f48eb9837e6237dbee6
upgrade/Storage Card/System/Img/RVC/K98/39.png,28754,1f0c0e911ef041fa3b6835c363979943aafa01472e0261680131555b7e584c39
upgrade/Storage Card/System/Img/RVC/K98/4.png,32876,60df883b8a47261e255e3f021b267ebf3ab37376e9e5fe34e3c64f3ff15c6b27
upgrade/Storage Card/System/Img/RVC/K98/40.png,28248,de5222cf61875ff73f66c840bb7dd7151f63af18acb820bfd15f0b6d2a691ec9
upgrade/Storage Card/System/Img/RVC/K98/41.png,27957,78335d6cea3c2cced8c91b3c71bebbab96863494a6390952027d2beaa7c1e5bf
upgrade/Storage Card/System/Img/RVC/K98/42.png,27561,7a72060d81968691d6a1b916b3f97cd48f2b0c28af8e30524820dbb5ea5e1418
upgrade/Storage Card/System/Img/RVC/K98/43.png,27107,9b86731afc4fdb1cda6a8b70b4740ab9ca616f6f97c568b03bd1affaa8daf597
upgrade/Storage Card/System/Img/RVC/K98/44.png,26548,b240e7730f087cd16e430f995f41f06c827030c6f395df87d3680239030c3991
upgrade/Storage Card/System/Img/RVC/K98/45.png,21148,2ec90d428c7f9aaeec268804d9a0b7e3a8d6c45d9282c3f14a0e54dbc4acf9d0
upgrade/Storage Card/System/Img/RVC/K98/46.png,26769,3dcb69f713cf4f9cabc9ae0bb4bed34b6852c3cbbd2c3c9c62cb8e719744cacb
upgrade/Storage Card/System/Img/RVC/K98/47.png,27512,bc12a165e94b98c84f5e08376f054e051927228ccbcd84830ea8785edc649647
upgrade/Storage Card/System/Img/RVC/K98/48.png,27935,7464ee53e986bc41242fe61095ac45bc213eec37316d316b6637dab882d0fa65
upgrade/Storage Card/System/Img/RVC/K98/49.png,28374,903ea5b968d614a9ed3c18c87db9bfff59deef79ed36c7fa95be22be4fb43f61
upgrade/Storage Card/System/Img/RVC/K98/5.png,32803,95022e78ff310f7ad22345335de72a07ba0dbf054125b1642ef2d80198764b80
upgrade/Storage Card/System/Img/RVC/K98/50.png,28835,f677527b61fb2c07139c5259573046d0c5383d2a94de020fa51d59249b76a3a1
upgrade/Storage Card/System/Img/RVC/K98/51.png,29191,a6d5225bc8e38895123fd0eacd93f5d3335b7d34702162bf92677b2f73d1b875
upgrade/Storage Card/System/Img/RVC/K98/52.png,29732,d0bc6c3aab549a1ba2cb7bcd34b45ad5f7fec3980faa8b6628c7ba9916a6bf7b
upgrade/Storage Card/System/Img/RVC/K98/53.png,30092,4127f24935a9dd5d44b59aaa956a3bd45e6a5d9ee16ebb2c3e030fb878363503
upgrade/Storage Card/System/Img/RVC/K98/54.png,30313,0d166d23acdc739ec7eb0297335dcc11b98a0e1863a57d8d01fd1c82bc83023f
upgrade/Storage Card/System/Img/RVC/K98/55.png,30539,6d2b66aa9930081012f9dd11c701e416159a82fffcbf2617170029e2c1c27267
upgrade/Storage Card/System/Img/RVC/K98/56.png,31004,986192267abe4ed890df307597bd35b53a58a02a87525fa3ee3c5257d634d8ff
upgrade/Storage Card/System/Img/RVC/K98/57.png,31350,4b58a0de97393dc95776bbd4a2fac48574b0d5e0231e58b196bcd9fa9e0d5fe0
upgrade/Storage Card/System/Img/RVC/K98/58.png,31765,3190bef5c962af90789454d6c9151cac910faf4af4908cbb04a15d476de1beac
upgrade/Storage Card/System/Img/RVC/K98/59.png,31280,36ea7d8c84b897bf90f1f47614ab5ce488f4784642858e7a0e1f12d87e722e75
upgrade/Storage Card/System/Img/RVC/K98/6.png,32949,12601f97d53e5aa7a0f2f2800523de159a5d9062f6ff3fba1dbdca3c48b1f767
upgrade/Storage Card/System/Img/RVC/K98/60.png,32645,8f176e6c48f9dde67b9fac8e823701b7374eb3b8067c859e531798be1c53b95f
upgrade/Storage Card/System/Img/RVC/K98/61.png,32659,9e00b6bbda98d359a2a3151af1bdc122058917e2cd2dea1fdda71fd600aecf96
upgrade/Storage Card/System/Img/RVC/K98/62.png,33220,0dee9dcf29d21e4f69bd5a06052d0a610acf54c3b1fb7ab5fd4c8ee55d9ef38d
upgrade/Storage Card/System/Img/RVC/K98/63.png,33316,3893bff9f6c90eafe34c2f358333a922c6fc6a88df5c972ac3743a15ac005716
upgrade/Storage Card/System/Img/RVC/K98/64.png,33668,653881ce1b788cd2da0e66d0950dd8ff6be76551d3d7d0c6620d4e74eb6db653
upgrade/Storage Card/System/Img/RVC/K98/65.png,33568,5e82a1bfb61ca4f16cc9e165645c8d0013984332b27954ea501b37fff2c58d8c
upgrade/Storage Card/System/Img/RVC/K98/66.png,33978,b62f680569893f63cbda9a0c61ab47dd8c44734c4bed87e142e6a47e067cb447
upgrade/Storage Card/System/Img/RVC/K98/67.png,33796,990557b4b957a53bacdf3cb3feccd1c4077f3adf6668bd26fa7bc6f86a3295d9
upgrade/Storage Card/System/Img/RVC/K98/68.png,34072,9976a08f75a875a96369844904c6a74f90691ed97788710974e88d37cb6ed756
upgrade/Storage Card/System/Img/RVC/K98/69.png,33855,a103d81fb319bef50138dd91b1306c551312659eef9134624cafcc6c9d5a7c7c
upgrade/Storage Card/System/Img/RVC/K98/7.png,32846,0c13069fea4cd960b9dd90ab5710cac298510ed8930520b8876baeac23c28174
upgrade/Storage Card/System/Img/RVC/K98/70.png,34121,013e02b7fae1fb01fb6855dedd71064bc07d3835695db9e90457eb39f6132e99
upgrade/Storage Card/System/Img/RVC/K98/71.png,33797,adacb8d6772a690f081bbb89f4b5d74748c209b0dbcad79874b274b04d4631c4
upgrade/Storage Card/System/Img/RVC/K98/72.png,33758,77d523f4dfa4d00750bccc42f0985cab6a7cbef764242fc58db3d9a589e781d5
upgrade/Storage Card/System/Img/RVC/K98/73.png,34329,8282bc35123a8b8f146a990b0608544e0c8d9dc3c39a4fd9be61694860141c26
upgrade/Storage Card/System/Img/RVC/K98/74.png,34131,20eb06d7de3ea70813d6ed8c527793722c899ac6c2cbf9f36e199e3467766533
upgrade/Storage Card/System/Img/RVC/K98/75.png,34227,dae6c433614a62d39f8cfcda73c8cfdd41660ee20cdaa8c50616311453a8c2c3
upgrade/Storage Card/System/Img/RVC/K98/76.png,33242,11e823de122579ab1c9d9d08b76f704bc569e15e14e625b1eace72edaedeb537
upgrade/Storage Card/System/Img/RVC/K98/77.png,33261,633ddb56cb3987248321713c3c8599cbb24dec7fdbfefcbb85a1dc5c7df5fd6d
upgrade/Storage Card/System/Img/RVC/K98/78.png,34401,52e44c91b66ff56ea3d7bb4c11be4697a5ac77118d30555fe05ff3608b2d19dd
upgrade/Storage Card/System/Img/RVC/K98/79.png,34028,6c5e26d5cbf1ade656a087598a75a451c282cc5b135cc6e26cb96ceca71a55ca
upgrade/Storage Card/System/Img/RVC/K98/8.png,32319,98d78b14d58b3643d76070efe6b40df8742a0049e17146f43fcfedd00ec4da40
upgrade/Storage Card/System/Img/RVC/K98/80.png,33957,db3528eaaaf6a29d972630093c7844ad7a7e64fd23830e5770984970372d8688
upgrade/Storage Card/System/Img/RVC/K98/81.png,34465,db99b24519e3aff93f878a482b581f335b967a0cb478837f18359feb38d9c12c
upgrade/Storage Card/System/Img/RVC/K98/82.png,34008,f02482a20e849e20b46a108a5c426b5cf627b7020bf64510a7312bbc7d3d8aa7
upgrade/Storage Card/System/Img/RVC/K98/83.png,34713,ec1203fb694982b04bad26ece9b2fff23635f73d4e76cb4881db8b9ffea8b05d
upgrade/Storage Card/System/Img/RVC/K98/84.png,34527,4c8d97698c69814caa75fb215c164ad699b5c5926fb7c27331c0f8ab7de5f46d
upgrade/Storage Card/System/Img/RVC/K98/85.png,34464,cfbfe17874224daf797577b225be46fb62738c3e700b76eb2cc410092adb84c0
upgrade/Storage Card/System/Img/RVC/K98/86.png,34365,e6c2bfbad0b6b278d9782b8dd9b23288c6016f8fec1df653c12730137ea423b8
upgrade/Storage Card/System/Img/RVC/K98/87.png,34169,f1193d40644167354f8e4b1aea8754a8ca1d1b9474a407a348133acd0eb139b2
upgrade/Storage Card/System/Img/RVC/K98/88.png,34191,5730b43e2550a829ec4183fdb236733314fd383e588588ed74ebd0771ed035da
upgrade/Storage Card/System/Img/RVC/K98/89.png,33474,5f86ece474ee6d49c1f781f98fdbc3ca7e6959cb820cf0be2529092a0b17a547
upgrade/Storage Card/System/Img/RVC/K98/9.png,32758,04961cc9b0ccd56f309c0d68e2bb726d8c403c06e2de61ff4a1ae17d00239446
upgrade/Storage Card/System/Img/RVC/K98/90.png,29000,5384f07398ae677474b316ffa4bd67d8823d40082b23316e967a09b3d9039675
upgrade/Storage Card/System/MgrIpod.exe,145408,f81d6f2a5f467b2c85fe1949ae06f87d357ac0d03fc51ce790234f2dcf46f77f
upgrade/Storage Card/System/MgrUSB.exe,162304,c93a48304686c85ae5f496339bcee8a424162b01794afa7d1173f4cf0d412ee9
upgrade/Storage Card/System/MicomManager.exe,313856,5d88059d66027677a37d2294c0a677ef003bf0525cdf7103480ff3ce3a03d492
upgrade/Storage Card/System/radparam.bin,1024,ad56b08cb35d3659040e6248753aaa820e86d1df56129921c4b7d813c84cd878
upgrade/Storage Card/System/RVC.dll,57856,b5d97454109dde28a6cba9e96054107b35357c78475469b09113090f512d1d41
upgrade/Storage Card/System/Snd/Ring.pcm,66152,a007556f998b28822738dd6e542cfdc1365b389b155609b575c877bfa69bad3f
upgrade/Storage Card/System/sse.dll,354816,58d6a27add95c80c705bfe05d37cfb4bb0d8fddc81317bb743e4e8b3a9588cba
upgrade/Storage Card/System/UpgradeManager.exe,162304,a50474780bb5efe630b87cefde1259730a0fd1790b435beff643b8aa638aa15f
upgrade/Storage Card/System/Version_Info.txt,5,60c1cdb5a3e14cffa530ca869ca3725e4feae930ecc9792883468760e7694270
